bfs_gmde_nummer_2000,bfs_gmde_name_2000,Stimmberechtigte ,Abgegebene Stimmen ,Gültige Stimmen,JA
1,Aeugst am Albis,1106,582,572,261
2,Affoltern am Albis,5794,2725,2713,1035
3,Bonstetten,2719,1413,1393,571
4,Hausen am Albis,2132,1105,1089,474
5,Hedingen,1921,1060,1045,452
6,Kappel am Albis,626,358,354,139
7,Knonau,974,522,499,203
8,Maschwanden,404,208,206,89
9,Mettmenstetten,2526,1328,1297,538
10,Obfelden,2779,1343,1324,460
11,Ottenbach,1584,823,810,339
12,Rifferswil,518,326,320,178
13,Stallikon,1874,995,977,305
14,Wettswil am Albis,2809,1542,1522,509
21,Adlikon,421,266,258,47
22,Benken (ZH),491,273,264,61
23,Berg am Irchel,404,195,189,71
24,Buch am Irchel,525,263,263,71
25,Dachsen,1083,527,527,173
26,Dorf,409,218,213,60
27,Feuerthalen,1965,910,893,260
28,Flaach,750,407,397,97
29,Flurlingen,911,501,483,166
30,Andelfingen,1131,649,642,188
31,Henggart,1126,613,603,161
32,Humlikon,296,190,190,57
33,Kleinandelfingen,1243,683,683,202
34,Laufen-Uhwiesen,1058,544,532,136
35,Marthalen,1270,681,671,199
36,Oberstammheim,769,457,455,150
37,Ossingen,880,483,473,135
38,Rheinau,818,409,409,165
39,Thalheim an der Thur,472,233,233,74
40,Trüllikon,759,399,392,112
41,Truttikon,300,189,184,43
42,Unterstammheim,603,309,296,121
43,Volken,191,82,82,17
44,Waltalingen,452,272,272,85
51,Bachenbülach,1818,816,816,289
52,Bassersdorf,4804,2174,2112,796
53,Bülach,8792,4390,4244,1439
54,Dietlikon,4051,1934,1882,689
55,Eglisau,1953,1060,1044,334
56,Embrach,4504,1916,1871,531
57,Freienstein-Teufen,1389,709,700,241
58,Glattfelden,2206,1007,985,324
59,Hochfelden,1039,518,507,172
60,Höri,1209,481,477,104
61,Hüntwangen,584,286,286,86
62,Kloten,10285,4414,4316,1393
63,Lufingen,843,419,414,93
64,Nürensdorf,3193,1761,1722,442
65,Oberembrach,736,371,360,92
66,Opfikon,6504,2871,2769,908
67,Rafz,2115,1062,1040,339
68,Rorbas,1374,574,563,178
69,Wallisellen,7840,3955,3863,1311
70,Wasterkingen,409,230,230,78
71,Wil (ZH),937,464,463,107
72,Winkel,2416,1211,1189,300
81,Bachs,410,215,210,64
82,Boppelsen,749,410,410,126
83,Buchs (ZH),2603,1070,1063,271
84,Dällikon,2032,874,862,209
85,Dänikon,1042,479,474,123
86,Dielsdorf,2833,1262,1243,394
87,Hüttikon,370,180,172,39
88,Neerach,1768,894,861,182
89,Niederglatt,2421,1055,1055,239
90,Niederhasli,4677,2104,2042,618
91,Niederweningen,1435,694,690,229
92,Oberglatt,2854,1123,1091,301
93,Oberweningen,838,429,420,130
94,Otelfingen,1275,606,600,169
95,Regensberg,349,204,204,70
96,Regensdorf,8345,3582,3464,739
97,Rümlang,3487,1739,1721,488
98,Schleinikon,462,239,237,89
99,Schöfflisdorf,745,391,391,112
100,Stadel,1265,585,574,129
101,Steinmaur,1885,878,868,256
102,Weiach,692,356,338,75
111,Bäretswil,2912,1383,1351,414
112,Bubikon,3724,1873,1873,658
113,Dürnten,4001,1924,1910,551
114,Fischenthal,1312,535,520,159
115,Gossau (ZH),5925,2858,2788,956
116,Grüningen,1887,939,917,302
117,Hinwil,6306,2916,2835,972
118,Rüti (ZH),6894,3084,3058,1061
119,Seegräben,804,450,445,181
120,Wald (ZH),5027,2178,2177,765
121,Wetzikon (ZH),11361,4881,4739,1642
131,Adliswil,10021,4926,4750,1550
132,Hirzel,1379,672,659,201
133,Horgen,10725,5226,5080,1637
134,Hütten,606,232,232,46
135,Kilchberg (ZH),5069,2798,2714,776
136,Langnau am Albis,4453,2227,2167,662
137,Oberrieden,3377,1916,1910,608
138,Richterswil,7021,3348,3265,1094
139,Rüschlikon,3310,1771,1771,509
140,Schönenberg (ZH),1311,673,673,146
141,Thalwil,10569,5457,5284,2019
142,Wädenswil,12507,6377,6220,2221
151,Erlenbach (ZH),3144,1796,1796,497
152,Herrliberg,3988,2324,2269,638
153,Hombrechtikon,4716,2122,2096,735
154,Küsnacht (ZH),8938,5027,4939,1440
155,Männedorf,5711,3084,3026,1109
156,Meilen,8217,4268,4135,1384
157,Oetwil am See,2383,962,962,296
158,Stäfa,8103,4440,4377,1739
159,Uetikon am See,3318,1717,1717,559
160,Zumikon,3283,1992,1944,476
161,Zollikon,8439,4844,4733,1526
171,Bauma,2710,1248,1220,379
172,Fehraltorf,3000,1446,1424,484
173,Hittnau,2027,1015,992,319
174,Illnau-Effretikon,9671,4664,4524,1718
175,Kyburg,279,175,172,68
176,Lindau,2520,1310,1275,454
177,Pfäffikon,6025,2745,2687,999
178,Russikon,2684,1347,1346,389
179,Sternenberg,256,137,137,59
180,Weisslingen,2060,1037,1018,290
181,Wila,1225,614,607,209
182,Wildberg,659,379,376,101
191,Dübendorf,13959,5972,5809,1995
192,Egg,4935,2498,2426,791
193,Fällanden,4501,2217,2159,805
194,Greifensee,3520,1781,1732,669
195,Maur,6005,3280,3187,999
196,Mönchaltorf,2354,1167,1140,447
197,Schwerzenbach,2674,1253,1223,456
198,Uster,17743,8839,8624,3398
199,Volketswil,8755,3613,3548,989
200,Wangen-Brüttisellen,3435,1561,1561,445
211,Altikon,450,235,231,54
212,Bertschikon,691,361,359,88
213,Brütten,1297,768,751,217
214,Dägerlen,586,325,317,82
215,Dättlikon,398,239,231,83
216,Dinhard,952,533,519,171
217,Elgg,2425,1268,1250,467
218,Ellikon an der Thur,520,226,225,49
219,Elsau,2062,1081,1063,345
220,Hagenbuch,718,360,352,100
221,Hettlingen,1658,913,891,284
222,Hofstetten bei Elgg,320,194,188,43
223,Neftenbach,3059,1507,1472,389
224,Pfungen,1505,726,708,191
225,Rickenbach (ZH),1472,774,758,208
226,Schlatt (ZH),435,256,249,79
227,Seuzach,4628,2353,2289,652
228,Turbenthal,2486,1161,1127,394
229,Wiesendangen,3005,1737,1704,495
230,Winterthur,57094,29534,28345,11731
231,Zell (ZH),2891,1365,1363,414
241,Aesch bei Birmensdorf,743,430,414,130
242,Birmensdorf (ZH),3733,1854,1825,568
243,Dietikon,11249,4911,4783,1580
244,Geroldswil,3131,1379,1338,326
245,Oberengstringen,3855,1868,1813,534
246,Oetwil an der Limmat,1568,772,752,147
247,Schlieren,6695,2890,2828,965
248,Uitikon,2629,1578,1550,390
249,Unterengstringen,1957,1016,1009,208
250,Urdorf,6123,2873,2809,913
251,Weiningen (ZH),2370,1110,1076,296
261,Zürich,216046,107303,103214,50602
301,Aarberg,2654,1263,1238,344
302,Bargen (BE),642,279,279,78
303,Grossaffoltern,2121,942,942,271
304,Kallnach,1109,529,527,102
305,Kappelen,722,324,323,77
306,Lyss,6986,2925,2872,878
307,Meikirch,1844,966,960,348
308,Niederried bei Kallnach,203,109,109,20
309,Radelfingen,907,467,467,141
310,Rapperswil (BE),1484,667,667,186
311,Schüpfen,2400,1110,1090,366
312,Seedorf (BE),2227,990,990,251
321,Aarwangen,2651,1286,1252,312
322,Auswil,395,128,128,22
323,Bannwil,496,203,196,44
324,Bleienbach,532,196,196,48
325,Busswil bei Melchnau,156,77,77,10
326,Gondiswil,608,220,220,56
328,Kleindietwil,390,169,161,48
329,Langenthal,9332,4414,4351,1269
330,Leimiswil,355,116,116,17
331,Lotzwil/Gutenburg,1686,768,768,179
332,Madiswil,1557,657,636,148
333,Melchnau,1034,445,439,108
334,Obersteckholz,339,135,135,20
335,Oeschenbach,222,56,56,7
336,Reisiswil,153,52,52,9
337,Roggwil (BE),2496,1094,1068,302
338,Rohrbach,1104,391,391,110
339,Rohrbachgraben,338,137,135,24
340,Rütschelen,427,197,197,47
341,Schwarzhäusern,357,183,182,46
342,Thunstetten,2076,872,872,208
343,Untersteckholz,133,69,67,8
344,Ursenbach,691,245,245,57
345,Wynau,1100,459,459,103
351,Bern,86230,43609,43526,20989
352,Bolligen,4730,2791,2791,909
353,Bremgarten bei Bern,2886,1722,1685,641
354,Kirchlindach,2071,1210,1210,457
355,Köniz,26578,14023,14012,5197
356,Muri bei Bern,9851,5519,5426,1782
357,Oberbalm,689,289,289,85
358,Stettlen,1999,1024,1024,326
359,Vechigen,3361,1674,1674,577
360,Wohlen bei Bern,6640,3661,3610,1421
361,Zollikofen,6487,3322,3271,1087
362,Ittigen,7588,3579,3579,1158
363,Ostermundigen,10019,4290,4290,1443
371,Biel (BE),30669,13375,13375,5320
372,Evilard,1778,980,980,311
381,Arch,1138,416,416,79
382,Büetigen,514,241,238,54
383,Büren/Meienried,2278,929,929,233
384,Busswil bei Büren,1263,570,562,175
385,Diessbach bei Büren,640,301,296,75
386,Dotzigen,967,388,380,126
387,Lengnau (BE),3202,1399,1399,345
388,Leuzigen,911,343,343,54
390,Meinisberg,887,404,397,101
391,Oberwil bei Büren,616,208,206,42
392,Pieterlen,2221,927,927,231
393,Rüti bei Büren,677,257,257,68
394,Wengi,407,165,164,47
401,Aefligen,764,291,291,55
402,Alchenstorf,434,169,166,49
403,Bäriswil,766,368,368,93
404,Burgdorf,10145,4637,4632,1774
405,Ersigen,1111,510,510,148
406,Hasle bei Burgdorf,2251,826,826,243
407,Heimiswil,1238,475,466,138
409,Hindelbank,1398,566,566,166
410,Höchstetten/Hellsau,331,102,102,23
411,Kernenried,360,147,147,40
412,Kirchberg (BE),3659,1736,1736,499
413,Koppigen,1376,546,540,154
414,Krauchthal,1679,688,688,214
415,Lyssach,999,433,431,142
416,Mötschwil/Rüti,226,98,98,30
417,Niederösch/Oberösch,259,105,105,25
418,Oberburg,1928,791,791,237
420,Rüdtligen-Alchenflüh,1341,507,499,149
421,Rumendingen,77,42,42,15
423,Willadingen,148,68,68,17
424,Wynigen,1594,621,621,166
431,Corgémont,1078,524,518,93
432,Cormoret,393,199,194,49
433,Cortébert,474,180,176,51
434,Courtelary,794,369,369,98
435,La Ferrière,341,144,144,36
436,La Heutte,357,175,175,37
437,Mont-Tramelan,115,58,58,20
438,Orvin,841,348,336,104
439,Péry,962,394,383,88
440,Plagne,297,150,150,36
441,Renan (BE),572,248,246,91
442,Romont (BE),148,62,62,11
443,Saint-Imier,3102,1385,1385,325
444,Sonceboz-Sombeval,1109,432,430,67
445,Sonvilier,755,287,277,56
446,Tramelan,3109,1429,1427,365
447,Vauffelin,285,141,141,41
448,Villeret,657,305,305,60
491,Brüttelen,440,189,188,40
492,Erlach,765,347,347,126
493,Finsterhennen,286,122,122,18
494,Gals,489,199,199,41
495,Gampelen,517,199,197,46
496,Ins,2010,914,907,272
497,Lüscherz,373,142,142,41
498,Müntschemier,728,370,370,55
499,Siselen,444,172,172,25
500,Treiten,309,148,147,16
501,Tschugg,289,130,130,49
502,Vinelz,564,256,256,81
531,Ballmoos,38,28,27,10
532,Bangerten,134,61,58,23
533,Bätterkinden,1957,873,873,305
534,Büren zum Hof,338,179,174,71
536,Diemerswil,133,72,72,27
537,Etzelkofen,269,119,119,40
538,Fraubrunnen,1180,591,578,226
539,Grafenried,689,339,333,107
540,Jegenstorf,3018,1366,1366,497
541,Iffwil,307,165,165,43
542,Limpach,233,89,89,21
543,Mattstetten,432,226,226,60
544,Moosseedorf,2455,1125,1124,347
545,Mülchi,194,78,78,16
546,Münchenbuchsee,6494,3000,2934,1132
547,Münchringen,429,238,238,74
548,Ruppoldsried,180,59,59,15
549,Schalunen,263,107,107,34
550,Scheunen,51,31,31,0
551,Urtenen,3557,1428,1428,415
552,Utzenstorf,2687,1174,1156,373
553,Wiggiswil/Deisswil,144,72,72,22
554,Wiler bei Utzenstorf,602,237,237,72
555,Zauggenried,237,102,102,32
556,Zielebach,260,94,94,13
557,Zuzwil (BE),368,196,196,50
561,Adelboden,2657,1140,1140,187
562,Aeschi bei Spiez,1365,536,525,151
563,Frutigen,4754,1804,1762,452
564,Kandergrund,580,191,191,32
565,Kandersteg,795,295,295,73
566,Krattigen,660,272,272,73
567,Reichenbach im Kandertal,2491,822,822,168
571,Beatenberg,905,344,344,105
572,Bönigen,1672,650,650,178
573,Brienz (BE),2146,869,869,228
574,Brienzwiler,399,142,142,37
575,Därligen,304,114,114,37
576,Grindelwald,2785,876,849,158
577,Gsteigwiler,310,131,131,49
578,Gündlischwand,217,80,80,16
579,Habkern,488,106,100,21
580,Hofstetten bei Brienz,411,125,125,35
581,Interlaken,3414,1542,1542,483
582,Iseltwald,316,120,118,26
584,Lauterbrunnen,1872,427,417,112
585,Leissigen,643,238,238,66
586,Lütschental,183,45,45,9
587,Matten bei Interlaken,2544,960,957,267
588,Niederried bei Interlaken,232,73,73,18
589,Oberried am Brienzersee,377,118,118,41
590,Ringgenberg (BE),1849,697,696,218
591,Saxeten,94,31,31,7
592,Schwanden bei Brienz,447,146,143,40
593,Unterseen,3578,1767,1733,580
594,Wilderswil,1612,597,597,131
601,Aeschlen,232,69,69,11
602,Arni (BE),750,274,263,81
603,Biglen,1281,538,538,151
604,Bleiken bei Oberdiessbach,260,112,107,30
605,Bowil,1009,352,347,82
606,Brenzikofen,366,137,137,54
607,Freimettigen,277,143,143,56
608,Grosshöchstetten,2249,1064,1064,311
609,Häutligen,168,54,54,11
610,Herbligen,390,162,162,31
611,Kiesen,549,254,254,83
612,Konolfingen,3420,1547,1547,515
613,Landiswil,519,147,147,40
614,Linden,1001,308,308,44
615,Mirchel,392,122,122,27
616,Münsingen,7679,3602,3529,1363
617,Niederhünigen,438,207,207,77
618,Niederwichtrach,1004,447,437,150
619,Oberdiessbach,2021,942,942,284
620,Oberthal,620,229,229,64
621,Oberwichtrach,1677,708,695,205
622,Oppligen,426,192,192,69
623,Rubigen/Trimstein/Allmendingen,1826,808,807,293
624,Schlosswil,509,202,202,87
625,Tägertschi,248,126,126,43
626,Walkringen,1418,517,497,171
627,Worb,7850,3622,3622,1218
628,Zäziwil,1155,423,423,265
629,Oberhünigen,229,102,100,21
630,Allmendingen,386,215,215,57
631,Trimstein,348,199,199,86
662,Ferenbalm,963,442,432,119
663,Frauenkappelen,914,436,436,135
664,Golaten,236,96,94,18
665,Gurbrü,206,79,76,23
666,Kriechenwil,331,148,145,30
667,Laupen,1984,942,942,317
668,Mühleberg,2183,1155,1124,257
669,Münchenwiler/Clavaleyres,361,158,153,49
670,Neuenegg,3291,1379,1379,384
671,Wileroltigen,249,105,103,17
681,Belprahon,251,113,113,28
682,Bévilard,1113,491,489,63
683,Champoz,107,49,49,2
684,Châtelat,94,44,44,9
687,Corcelles (BE),150,59,59,8
690,Court,976,407,395,79
691,Crémines,428,182,180,59
692,Eschert,226,102,102,20
694,Grandval,276,111,111,28
696,Loveresse,235,96,96,22
697,Malleray,1274,490,490,92
699,Monible,32,21,21,13
700,Moutier,4998,2247,2152,630
701,Perrefitte,350,161,161,59
702,Pontenet,138,58,58,16
703,Reconvilier,1509,680,677,107
704,Roches (BE),171,64,64,10
706,Saicourt,421,184,181,37
707,Saules (BE),136,57,57,13
708,Schelten,49,8,8,4
709,Seehof,55,11,11,3
710,Sornetan,76,43,43,9
711,Sorvilier,216,109,109,18
712,Souboz,93,49,48,6
713,Tavannes,2114,847,819,206
715,Rebévelier,30,17,17,7
721,Diesse,304,156,148,44
722,Lamboing,464,184,184,39
723,La Neuveville,2196,1027,996,292
724,Nods,476,179,179,50
725,Prêles,627,321,312,78
731,Aegerten,1258,570,570,131
732,Bellmund,862,416,405,100
733,Brügg,2825,1171,1171,332
734,Bühl,316,118,118,35
735,Epsach,242,70,70,17
736,Hagneck,281,131,131,28
737,Hermrigen,223,100,100,21
738,Jens,477,234,233,75
739,Ipsach,2443,1161,1161,378
740,Ligerz,405,232,229,69
741,Merzligen,317,145,143,53
742,Mörigen,612,322,322,46
743,Nidau,4888,2012,1978,716
744,Orpund,1858,746,746,190
745,Port,2114,1033,1033,267
746,Safnern,1347,643,642,133
747,Scheuren,310,137,136,45
748,Schwadernau,477,215,215,47
749,Studen,1698,728,728,153
750,Sutz-Lattrigen,845,448,439,109
751,Täuffelen,1880,868,868,222
752,Tüscherz-Alfermée,229,110,110,23
753,Twann,627,355,355,121
754,Walperswil,607,231,222,37
755,Worben,1322,630,629,154
761,Därstetten,634,203,203,28
762,Diemtigen,1595,480,480,98
763,Erlenbach im Simmental,1288,469,457,112
764,Niederstocken,206,48,48,5
765,Oberstocken,208,80,80,21
766,Oberwil im Simmental,665,203,203,30
767,Reutigen,690,279,279,85
768,Spiez,8952,4085,4009,1358
769,Wimmis,1695,630,630,146
781,Gadmen,236,59,59,7
782,Guttannen,271,74,74,11
783,Hasliberg,880,285,285,73
784,Innertkirchen,739,238,238,31
785,Meiringen,3175,1207,1207,376
786,Schattenhalb,426,156,156,21
791,Boltigen,1116,308,296,54
792,Lenk,1728,580,580,138
793,St. Stephan,1028,401,400,76
794,Zweisimmen,2313,890,890,259
841,Gsteig,696,225,225,54
842,Lauenen,603,193,187,49
843,Saanen,4223,1508,1474,350
851,Albligen,345,134,131,52
852,Guggisberg,1298,404,402,104
853,Rüschegg,1214,406,404,107
854,Wahlern,4537,1873,1843,624
861,Belp,6493,2862,2796,860
862,Belpberg,314,147,147,40
863,Burgistein,763,272,267,81
865,Gelterfingen,215,106,106,21
866,Gerzensee,704,323,323,104
867,Gurzelen,559,210,210,47
869,Kaufdorf,603,305,305,139
870,Kehrsatz,2559,1330,1330,405
872,Kirchdorf (BE)/Jaberg,783,365,365,109
873,Kirchenthurnen,240,123,121,27
874,Lohnstorf,151,71,71,31
875,Mühledorf (BE),153,85,84,21
876,Mühlethurnen,949,435,435,192
878,Noflen,178,58,58,10
879,Riggisberg,1362,583,583,178
880,Rüeggisberg,1484,492,490,124
881,Rümligen,306,139,139,45
882,Rüti bei Riggisberg,317,84,84,11
883,Seftigen,1528,659,659,225
884,Toffen,1670,721,721,204
885,Uttigen/Kienersrüti,1247,548,548,157
886,Wattenwil,1997,739,739,217
887,Zimmerwald/Englisberg/Niedermuhlern,1282,522,522,154
901,Eggiwil,1912,442,427,104
902,Langnau im Emmental,6476,2487,2487,1023
903,Lauperswil,2055,654,640,200
904,Röthenbach im Emmental,986,239,239,32
905,Rüderswil,1764,611,590,166
906,Schangnau,738,191,184,42
907,Signau,2084,686,684,198
908,Trub,1211,300,291,86
909,Trubschachen,1147,411,411,118
921,Amsoldingen,567,265,265,63
922,Blumenstein,887,305,296,83
923,Buchholterberg,1138,377,376,55
924,Eriz,398,161,156,17
925,Fahrni,542,231,231,57
926,Forst/Längenbühl,481,217,217,51
927,Heiligenschwendi,503,274,274,69
928,Heimberg,3873,1475,1439,364
929,Hilterfingen,3002,1574,1574,495
930,Höfen,307,134,134,38
931,Homberg,357,134,124,22
932,Horrenbach-Buchen,181,64,64,7
934,Oberhofen am Thunersee,1752,976,976,327
935,Oberlangenegg,380,152,152,34
936,Pohlern,193,65,65,16
937,Schwendibach,205,90,87,19
938,Sigriswil,3428,1404,1404,347
939,Steffisburg,10395,4448,4369,1364
940,Teuffenthal (BE),140,59,55,13
941,Thierachern,1470,613,612,156
942,Thun,29455,12137,12136,4009
943,Uebeschi,491,215,215,60
944,Uetendorf,4211,1741,1734,468
945,Unterlangenegg,694,270,264,60
946,Wachseldorn,207,80,77,4
947,Zwieselberg,193,65,65,20
951,Affoltern im Emmental,912,332,332,83
952,Dürrenroth,828,297,295,65
953,Eriswil,1138,313,313,80
954,Huttwil,3506,1298,1284,382
955,Lützelflüh,3016,1101,1101,358
956,Rüegsau,2238,902,902,237
957,Sumiswald,3879,1231,1231,365
958,Trachselwald,804,240,240,80
959,Walterswil (BE),450,157,157,39
960,Wyssachen,948,304,304,63
971,Attiswil,1011,454,453,96
972,Berken,41,28,28,1
973,Bettenhausen,356,160,160,46
974,Bollodingen,163,80,79,10
975,Farnern,170,63,61,15
976,Graben,220,96,96,18
977,Heimenhausen,313,139,136,24
978,Hermiswil,85,31,31,9
979,Herzogenbuchsee,3600,1599,1571,434
980,Inkwil,496,231,231,58
981,Niederbipp,2545,1013,1013,233
982,Niederönz,998,423,418,110
983,Oberbipp,992,455,455,116
984,Oberönz,610,293,293,70
985,Ochlenberg,518,246,240,71
986,Röthenbach bei Herzogenbuchsee,248,142,142,23
987,Rumisberg,366,184,184,47
988,Seeberg,1089,452,452,136
989,Thörigen,744,305,290,46
990,Walliswil bei Niederbipp,193,83,83,11
991,Walliswil bei Wangen,453,187,187,40
992,Wangen an der Aare,1340,595,595,123
993,Wangenried,299,122,122,29
994,Wanzwil,170,91,91,24
995,Wiedlisbach,1542,605,605,139
996,Wolfisberg,135,64,62,17
1001,Doppleschwand,475,204,199,24
1002,Entlebuch,2377,1055,1049,183
1003,Escholzmatt,2257,964,938,164
1004,Flühli,1150,565,532,85
1005,Hasle (LU),1253,664,640,99
1006,Marbach (LU),936,359,348,49
1007,Romoos,508,237,233,28
1008,Schüpfheim,2680,1204,1175,246
1009,Werthenstein,1333,661,647,104
1021,Aesch (LU),672,305,296,64
1022,Altwis,235,138,135,38
1023,Ballwil,1571,854,846,175
1024,Emmen,15659,7336,7297,1958
1025,Ermensee,507,226,221,43
1026,Eschenbach (LU),2095,1043,1013,206
1027,Gelfingen,454,222,219,54
1028,Hämikon,295,147,147,19
1029,Herlisberg,161,102,102,18
1030,Hitzkirch,1349,710,706,203
1031,Hochdorf,4741,2232,2213,524
1032,Hohenrain,1413,607,605,129
1033,Inwil,1260,681,655,116
1034,Lieli,127,77,77,9
1035,Mosen,172,95,93,15
1036,Müswangen,272,147,147,30
1037,Rain,1241,657,642,79
1038,Retschwil,125,63,60,12
1039,Römerswil,900,424,420,88
1040,Rothenburg,4361,2336,2287,652
1041,Schongau,512,222,218,46
1042,Sulz (LU),117,62,58,7
1051,Adligenswil,3363,1678,1648,638
1052,Buchrain,3042,1492,1434,384
1053,Dierikon,812,355,355,88
1054,Ebikon,6983,3390,3313,904
1055,Gisikon,587,290,290,55
1056,Greppen,507,231,226,63
1057,Honau,192,103,99,24
1058,Horw,8290,4380,4284,1410
1059,Kriens,16940,8219,8218,2686
1060,Littau,8501,4306,4070,1064
1061,Luzern,40544,20199,19869,8390
1062,Malters,4116,2168,2116,558
1063,Meggen,4420,2468,2423,664
1064,Meierskappel,699,376,372,79
1065,Root,2169,941,921,194
1066,Schwarzenberg,1047,558,536,102
1067,Udligenswil,1295,681,672,195
1068,Vitznau,721,389,389,100
1069,Weggis,2345,1244,1204,279
1081,Beromünster,1462,777,750,151
1082,Büron,1095,483,478,96
1083,Buttisholz,1731,842,826,170
1084,Eich,915,442,439,82
1085,Geuensee,1127,527,516,129
1086,Grosswangen,1803,901,862,155
1087,Gunzwil,1303,651,632,147
1088,Hildisrieden,1204,661,656,142
1089,Knutwil,1124,490,490,92
1090,Kulmerau,155,64,59,12
1091,Mauensee,653,290,282,76
1092,Neudorf,706,367,364,54
1093,Neuenkirch,3700,1706,1687,348
1094,Nottwil,1744,746,726,180
1095,Oberkirch,1755,812,785,211
1096,Pfeffikon,476,296,285,49
1097,Rickenbach (LU),1302,669,656,90
1098,Ruswil,4330,2388,2353,497
1099,Schenkon,1546,743,724,181
1100,Schlierbach,413,206,201,21
1101,Schwarzenbach,152,86,83,15
1102,Sempach,2376,1277,1243,315
1103,Sursee,5182,2383,2312,700
1104,Triengen,1635,767,755,158
1105,Wilihof,166,83,82,13
1106,Winikon,501,257,257,55
1107,Wolhusen,2682,1329,1291,310
1121,Alberswil,331,178,175,29
1122,Altbüron,610,262,253,49
1123,Altishofen,792,360,347,69
1124,Buchs (LU),260,111,103,23
1125,Dagmersellen,2123,991,969,243
1126,Ebersecken,287,126,121,25
1127,Egolzwil,800,367,367,67
1128,Ettiswil,1220,629,618,116
1129,Fischbach,475,202,202,32
1130,Gettnau,660,316,310,59
1131,Grossdietwil,560,257,248,50
1132,Hergiswil bei Willisau,1325,606,578,92
1133,Kottwil,265,127,126,27
1134,Langnau bei Reiden,823,351,351,79
1135,Luthern,1071,454,434,60
1136,Menznau,1903,744,725,130
1137,Nebikon,1256,562,547,99
1138,Ohmstal,231,120,120,21
1139,Pfaffnau,1487,651,628,145
1140,Reiden,2385,1054,1039,218
1141,Richenthal,446,221,214,24
1142,Roggliswil,449,192,180,30
1143,Schötz,1977,886,849,162
1144,Uffikon,488,240,238,41
1145,Ufhusen,587,242,238,26
1146,Wauwil,897,450,450,75
1147,Wikon,903,420,420,83
1148,Willisau Land,2896,1461,1428,378
1149,Willisau Stadt,2185,1234,1234,339
1150,Zell (LU),1330,546,532,117
1201,Altdorf (UR),5946,2508,2430,771
1202,Andermatt,1026,460,458,78
1203,Attinghausen,1110,367,362,74
1204,Bauen,148,75,71,18
1205,Bürglen (UR),2813,1117,1062,280
1206,Erstfeld,2891,1313,1264,388
1207,Flüelen,1266,440,428,114
1208,Göschenen,422,229,216,30
1209,Gurtnellen,519,175,161,44
1210,Hospental,190,106,101,13
1211,Isenthal,407,156,152,41
1212,Realp,150,71,70,10
1213,Schattdorf,3532,1439,1375,313
1214,Seedorf (UR),1127,423,415,112
1215,Seelisberg,448,211,203,48
1216,Silenen,1600,518,488,118
1217,Sisikon,253,124,115,24
1218,Spiringen,714,225,210,29
1219,Unterschächen,527,139,128,13
1220,Wassen,389,174,165,46
1301,Einsiedeln,8570,3723,3633,934
1311,Gersau,1291,610,589,142
1321,Feusisberg,2630,1167,1117,224
1322,Freienbach,8749,4046,3822,977
1323,Wollerau,4260,1975,1906,391
1331,Küssnacht am Rigi,7357,3506,3447,838
1341,Altendorf,3063,1394,1349,274
1342,Galgenen,2689,1130,1080,223
1343,Innerthal,128,56,56,8
1344,Lachen,3993,1767,1710,459
1345,Reichenburg,1709,692,666,122
1346,Schübelbach,4000,1580,1532,361
1347,Tuggen,1753,662,627,114
1348,Vorderthal,713,236,236,29
1349,Wangen (SZ),2991,1359,1318,295
1361,Alpthal,318,146,141,23
1362,Arth,6063,2951,2912,797
1363,Illgau,508,263,256,43
1364,Ingenbohl,5005,2586,2371,569
1365,Lauerz,628,322,313,66
1366,Morschach,571,267,263,55
1367,Muotathal,2465,1153,1129,154
1368,Oberiberg,564,275,270,55
1369,Riemenstalden,53,22,22,3
1370,Rothenthurm,1291,584,561,84
1371,Sattel,1015,464,443,63
1372,Schwyz,9401,5220,4972,1228
1373,Steinen,1915,790,766,184
1374,Steinerberg,542,229,220,43
1375,Unteriberg,1503,657,635,58
1401,Alpnach,3250,1443,1393,328
1402,Engelberg,2242,1022,999,240
1403,Giswil,2328,1124,1053,257
1404,Kerns,3740,1549,1494,296
1405,Lungern,1459,612,594,149
1406,Sachseln,2936,1354,1301,370
1407,Sarnen,6323,2938,2834,774
1501,Beckenried,2098,910,848,205
1502,Buochs,3360,1598,1470,299
1503,Dallenwil,1173,551,531,116
1504,Emmetten,821,298,267,48
1505,Ennetbürgen,2865,1322,1267,258
1506,Ennetmoos,1337,618,608,136
1507,Hergiswil (NW),3778,1754,1572,346
1508,Oberdorf (NW),2119,1120,1061,286
1509,Stans,4895,2423,2142,743
1510,Stansstad,3268,1602,1551,312
1511,Wolfenschiessen,1325,610,582,127
1601,Betschwanden,116,70,68,19
1602,Bilten,1016,326,326,56
1603,Braunwald,281,196,187,52
1604,Diesbach (GL),195,108,108,30
1605,Elm,547,152,150,47
1606,Engi,526,270,261,74
1607,Ennenda,1867,783,756,246
1608,Filzbach,383,181,173,43
1609,Glarus,3771,1512,1489,464
1610,Haslen,420,184,182,46
1611,Hätzingen,217,92,92,14
1612,Leuggelbach,137,75,73,13
1613,Linthal,791,301,298,52
1614,Luchsingen,370,153,151,24
1615,Matt,272,128,125,30
1616,Mitlödi,630,266,261,54
1617,Mollis,2028,793,777,227
1618,Mühlehorn,313,125,124,21
1619,Näfels,2530,1163,1128,294
1620,Netstal,1660,676,657,127
1621,Nidfurn,183,96,90,20
1622,Niederurnen,2194,917,885,261
1623,Oberurnen,1023,359,349,68
1624,Obstalden,332,147,139,31
1625,Riedern,392,165,163,44
1626,Rüti (GL),239,107,105,33
1627,Schwanden (GL),1580,704,704,180
1628,Schwändi,327,173,170,52
1629,Sool,231,125,117,54
1701,Baar,12018,5811,5811,1589
1702,Cham,8572,3975,3900,1074
1703,Hünenberg,4952,2498,2495,741
1704,Menzingen,2894,1447,1427,325
1705,Neuheim,1292,645,645,129
1706,Oberägeri,3208,1557,1557,354
1707,Risch,4463,2087,2087,443
1708,Steinhausen,5622,2654,2654,780
1709,Unterägeri,4783,2208,2207,569
1710,Walchwil,1949,1087,1074,227
1711,Zug,15196,8192,8074,2609
2001,Aumont,311,148,148,19
2002,Autavaux,125,65,62,13
2003,Bollion,89,51,48,5
2004,Bussy (FR),210,98,91,15
2005,Châbles,343,185,177,27
2007,Chapelle (Broye),44,23,23,1
2008,Châtillon (FR),194,103,98,27
2009,Cheiry,188,95,89,17
2010,Cheyres,508,242,237,54
2011,Cugy (FR),630,284,280,35
2012,Delley,324,143,131,16
2013,Domdidier,1425,686,631,111
2014,Dompierre (FR),407,168,151,17
2015,Estavayer-le-Lac,2469,1114,1067,177
2016,Fétigny,425,193,179,13
2017,Font,222,127,120,22
2018,Forel (FR),246,126,124,17
2020,Frasses,112,47,43,0
2022,Gletterens,392,170,167,37
2023,Granges-de-Vesin,107,42,37,2
2024,Léchelles,374,191,186,39
2025,Lully (FR),243,124,114,17
2026,Mannens-Grandsivaz,355,149,142,41
2027,Ménières,204,95,91,17
2029,Montagny (FR),930,441,424,69
2031,Montbrelloz,194,85,79,9
2032,Montet (Broye),226,105,102,15
2033,Morens (FR),95,40,36,8
2034,Murist,317,126,123,19
2035,Nuvilly,219,102,95,18
2036,Portalban,194,96,93,16
2037,Praratoud,35,23,23,0
2038,Prévondavaux,43,22,18,2
2039,Rueyres-les-Prés,184,81,77,6
2040,Russy,158,61,56,7
2041,Saint-Aubin (FR),855,464,456,76
2042,Seiry,123,55,51,4
2043,Sévaz,118,60,60,12
2044,Surpierre,179,84,77,9
2045,Vallon,193,95,91,21
2046,Vesin,171,85,80,13
2047,Villeneuve (FR),187,99,97,14
2049,Vuissens,123,55,54,6
2061,Auboranges,135,54,51,19
2062,Berlens,161,85,82,14
2063,Billens-Hennens,386,187,174,28
2064,Bionnens,50,22,22,7
2066,Chapelle (Glâne),143,81,81,5
2067,Le Châtelard,247,78,74,6
2068,Châtonnaye,382,175,166,39
2069,Chavannes-les-Forts,248,92,83,14
2070,Chavannes-sous-Orsonnens,195,95,91,9
2071,Les Ecasseys,37,13,13,1
2072,Ecublens (FR),166,81,78,9
2074,Esmonts,103,51,51,5
2075,Estévenens,86,27,25,3
2077,Gillarens,126,42,38,11
2079,Grangettes,113,46,43,2
2081,La Joux (FR),269,111,105,12
2082,Lieffrens,44,24,23,4
2083,Lussy (FR),271,146,141,18
2085,La Magne,29,14,14,0
2086,Massonnens,272,139,139,15
2087,Mézières (FR),469,231,207,23
2088,Middes,269,112,107,18
2089,Montet (Glâne),134,57,54,10
2091,Mossel,118,33,32,8
2092,La Neirigue,39,15,14,1
2093,Orsonnens,210,102,96,14
2094,Prez-vers-Siviriez,192,75,73,17
2095,Promasens,191,87,80,20
2096,Romont (FR),2369,1144,1085,149
2097,Rue,392,138,130,28
2099,Siviriez,626,250,239,17
2100,Sommentier,168,81,79,7
2101,Torny-le-Grand,226,94,92,21
2102,Ursy,479,186,177,15
2103,Vauderens,316,145,139,40
2105,Villaraboud,189,90,84,11
2107,Villargiroud,232,113,109,16
2108,Villariaz,240,100,90,10
2109,Villarimboud,341,160,151,27
2110,Villarsiviriaux,133,58,58,9
2111,Villaz-Saint-Pierre,642,284,280,32
2112,Vuarmarens,257,104,104,10
2113,Vuisternens-devant-Romont,370,153,143,26
2121,Albeuve,433,215,203,27
2122,Avry-devant-Pont,313,131,123,33
2123,Botterens,209,92,81,8
2124,Broc,1345,657,633,70
2125,Bulle,6687,2971,2953,481
2126,Cerniat (FR),285,144,136,28
2127,Charmey,1082,698,654,85
2128,Châtel-sur-Montsalvens,152,79,79,18
2129,Corbières,266,140,136,11
2130,Crésuz,190,105,98,8
2131,Echarlens,373,164,154,27
2132,Enney,318,150,147,15
2133,Estavannens,223,117,114,13
2134,Grandvillard,437,195,187,20
2135,Gruyères,1025,487,472,68
2136,Gumefens,438,202,193,17
2137,Hauteville,320,141,136,25
2138,Jaun,538,187,181,29
2139,Lessoc,145,80,74,13
2140,Marsens,657,331,319,61
2141,Maules,165,99,96,18
2142,Montbovon,190,80,79,12
2143,Morlon,344,162,154,22
2144,Neirivue,245,107,100,14
2145,Le Pâquier (FR),644,371,346,62
2146,Le Bry,206,89,86,16
2147,Pont-la-Ville,327,118,116,15
2148,Riaz,1134,569,563,95
2149,La Roche,871,370,354,44
2150,Romanens,188,79,73,11
2151,Rueyres-Treyfayes,94,43,37,5
2152,Sâles (Gruyère),387,175,164,27
2153,Sorens,575,279,263,41
2154,La Tour-de-Trême,2007,814,778,133
2155,Vaulruz,634,271,270,32
2156,Villarbeney,77,40,39,0
2158,Villars-sous-Mont,124,65,63,11
2159,Villarvolard,154,57,57,9
2160,Vuadens,1133,616,580,68
2161,Vuippens,181,75,71,8
2171,Arconciel,445,236,226,37
2172,Autafond,52,27,25,0
2173,Autigny,450,223,219,40
2174,Avry-sur-Matran,828,450,430,86
2175,Belfaux,1469,757,722,159
2176,Bonnefontaine,392,161,156,33
2177,Chénens,387,160,151,22
2179,Chésopelloz,73,49,47,8
2180,La Corbaz,190,108,105,23
2181,Corjolens,52,27,27,1
2182,Cormagens,81,27,25,6
2183,Corminboeuf,1138,645,612,134
2184,Corpataux-Magnedens,583,280,267,40
2185,Corserey,191,98,92,24
2186,Cottens (FR),637,349,335,35
2188,Ecuvillens,513,238,234,35
2189,Ependes (FR),721,382,371,66
2190,Essert (FR),173,83,76,11
2191,Estavayer-le-Gibloux,109,55,55,10
2192,Farvagny,1149,539,506,84
2194,Ferpicloz,143,76,73,10
2196,Fribourg,19696,9353,8782,2592
2197,Givisiez,1202,633,580,89
2198,Granges-Paccot,1264,547,522,111
2200,Grolley,984,465,439,69
2202,Lentigny,460,220,209,33
2203,Lossy-Formangueires,276,145,138,23
2204,Lovens,130,62,54,13
2206,Marly,4500,2326,2232,542
2208,Matran,812,444,444,75
2210,Montévraz,344,155,153,23
2211,Neyruz (FR),1093,579,547,102
2213,Noréaz,337,157,149,30
2214,Oberried (FR),105,58,56,10
2215,Onnens (FR),328,161,157,20
2216,Pierrafortscha,105,38,38,7
2217,Ponthaux,350,137,131,21
2219,Posieux,626,290,277,61
2220,Praroman,813,407,385,71
2221,Prez-vers-Noréaz,555,253,244,44
2222,Rossens (FR),810,523,491,75
2223,Rueyres-Saint-Laurent,199,99,95,17
2225,Senèdes,84,52,49,3
2226,Treyvaux,882,479,446,64
2227,Villarlod,183,101,98,21
2228,Villars-sur-Glâne,5258,2727,2600,641
2229,Villarsel-le-Gibloux,150,78,74,5
2230,Villarsel-sur-Marly,45,30,30,3
2231,Vuisternens-en-Ogoz,464,210,207,38
2232,Zénauva,90,49,47,5
2241,Agriswil,106,54,54,11
2243,Barberêche,382,205,192,45
2244,Büchslen,129,56,56,8
2247,Cordast,525,227,227,51
2250,Courgevaux,542,230,218,42
2251,Courlevon,191,83,80,20
2253,Courtaman,585,310,299,58
2254,Courtepin,806,353,331,74
2257,Cressier (FR),496,254,242,74
2258,Fräschels,332,170,168,48
2259,Galmiz,418,166,166,35
2260,Gempenach,196,91,90,15
2261,Greng,116,53,51,8
2262,Gurmels,1057,371,362,78
2263,Guschelmuth,207,123,115,23
2264,Jeuss,238,110,107,22
2265,Kerzers,2488,1069,1069,296
2266,Kleinbösingen,375,168,165,36
2269,Liebistorf,451,178,171,36
2270,Lurtigen,141,74,74,23
2271,Meyriez,381,203,201,64
2272,Misery-Courtion,862,341,332,63
2274,Muntelier,551,295,295,72
2275,Murten,3605,1691,1647,458
2276,Ried bei Kerzers,515,263,255,40
2277,Salvenach,303,130,130,23
2278,Ulmiz,245,119,114,24
2279,Villarepos,343,164,164,28
2280,Bas-Vully,1060,492,492,122
2281,Haut-Vully,793,448,431,77
2282,Wallenbuch,81,35,33,18
2283,Wallenried,240,113,102,14
2291,Alterswil,1404,530,513,109
2292,Brünisried,438,145,142,31
2293,Düdingen,4942,2165,2099,544
2294,Giffers,1041,382,368,78
2295,Bösingen,2144,875,875,195
2296,Heitenried,808,344,335,76
2298,Oberschrot,717,247,241,50
2299,Plaffeien,1413,397,369,73
2300,Plasselb,734,245,231,49
2301,Rechthalten,813,268,257,50
2302,St. Antoni,1467,538,523,100
2303,St. Silvester,733,243,243,37
2304,St. Ursen,871,354,342,98
2305,Schmitten (FR),2330,993,976,294
2306,Tafers,1785,825,824,235
2307,Tentlingen,817,326,315,55
2308,Ueberstorf,1671,618,615,116
2309,Wünnewil-Flamatt,3305,1306,1274,394
2310,Zumholz,315,129,123,26
2321,Attalens,1445,654,654,122
2322,Besencens,103,57,57,11
2323,Bossonnens,673,286,265,43
2324,Bouloz,189,97,93,7
2325,Châtel-Saint-Denis,2792,1311,1210,208
2326,Le Crêt,312,156,151,18
2327,Fiaugères,139,56,53,12
2328,Granges (Veveyse),496,229,229,42
2329,Grattavache,159,77,77,12
2330,Pont (Veveyse),113,78,75,12
2331,Porsel,291,160,154,30
2332,Progens,175,98,97,17
2333,Remaufens,503,254,245,45
2335,Saint-Martin (FR),345,122,122,19
2336,Semsales,790,336,321,38
2401,Egerkingen,1787,770,759,130
2402,Härkingen,819,399,391,64
2403,Kestenholz,1176,545,534,118
2404,Neuendorf,1269,567,547,117
2405,Niederbuchsiten,657,327,327,46
2406,Oberbuchsiten,1172,603,586,105
2407,Oensingen,2735,1258,1234,284
2408,Wolfwil,1494,654,643,102
2421,Aedermannsdorf,374,206,206,27
2422,Balsthal,3422,1635,1635,304
2423,Gänsbrunnen,71,33,33,8
2424,Herbetswil,440,189,189,33
2425,Holderbank (SO),458,244,239,62
2426,Laupersdorf,1179,606,586,100
2427,Matzendorf,897,509,501,96
2428,Mümliswil-Ramiswil,1818,968,939,143
2429,Welschenrohr,877,425,425,64
2441,Aetigkofen,136,59,59,18
2442,Aetingen,211,71,69,11
2443,Balm bei Messen,77,41,41,11
2444,Bibern (SO),161,81,81,17
2445,Biezwil,228,122,122,27
2446,Brügglen,147,71,69,29
2447,Brunnenthal,145,74,74,20
2449,Gossliwil,150,66,61,22
2450,Hessigkofen,178,105,105,43
2452,Küttigkofen,186,83,83,37
2453,Kyburg-Buchegg,255,143,138,53
2454,Lüsslingen,342,156,151,48
2455,Lüterkofen-Ichertswil,532,269,269,57
2456,Lüterswil-Gächliwil,262,136,134,28
2457,Messen,736,287,282,78
2458,Mühledorf (SO),250,129,128,57
2459,Nennigkofen,350,184,182,45
2460,Oberramsern,80,37,37,9
2461,Schnottwil,732,317,312,84
2462,Tscheppach,148,77,76,12
2463,Unterramsern,126,55,55,7
2471,Bättwil,619,270,268,71
2472,Büren (SO),623,305,295,78
2473,Dornach,3709,1960,1958,742
2474,Gempen,480,274,274,102
2475,Hochwald,769,428,425,119
2476,Hofstetten-Flüh,1908,880,870,227
2477,Metzerlen,620,328,328,77
2478,Nuglar-St. Pantaleon,952,400,380,122
2479,Rodersdorf,935,521,519,215
2480,Seewen,706,321,318,68
2481,Witterswil,946,489,489,159
2491,Hauenstein-Ifenthal,194,108,103,33
2492,Kienberg,376,183,174,30
2493,Lostorf,2504,1333,1333,277
2494,Niedererlinsbach,1517,732,732,175
2495,Niedergösgen,2307,1230,1221,230
2496,Obererlinsbach,457,226,220,40
2497,Obergösgen,1259,605,598,118
2498,Rohr (SO),76,33,33,15
2499,Stüsslingen,708,373,373,95
2500,Trimbach,3621,1608,1574,448
2501,Winznau,1276,627,618,146
2502,Wisen (SO),311,154,152,62
2511,Aeschi (SO),750,357,356,105
2513,Biberist,5023,2289,2243,634
2514,Bolken,339,137,137,37
2516,Deitingen,1437,724,716,175
2517,Derendingen,3560,1289,1286,380
2518,Etziken,603,302,298,69
2519,Gerlafingen,2491,1204,1189,334
2520,Halten,621,275,267,102
2521,Heinrichswil-Winistorf,373,169,168,46
2522,Hersiwil,123,67,67,17
2523,Horriwil,584,324,324,65
2524,Hüniken,61,47,47,14
2525,Kriegstetten,786,356,356,72
2526,Lohn-Ammannsegg,1735,892,891,249
2527,Luterbach,2215,1010,990,252
2528,Obergerlafingen,841,396,396,87
2529,Oekingen,500,278,278,72
2530,Recherswil,1185,589,570,94
2531,Steinhof,94,54,54,13
2532,Subingen,1800,738,717,155
2534,Zuchwil,4841,2076,2037,646
2541,Balm bei Günsberg,148,94,88,16
2542,Bellach,3189,1497,1461,326
2543,Bettlach,3143,1343,1316,289
2544,Feldbrunnen-St. Niklaus,628,400,393,91
2545,Flumenthal,763,331,322,81
2546,Grenchen,10300,4061,4051,1657
2547,Günsberg,878,453,453,95
2548,Hubersdorf,504,238,238,44
2549,Kammersrohr,33,17,17,5
2550,Langendorf,2471,1250,1223,370
2551,Lommiswil,1077,652,652,157
2552,Niederwil (SO),260,121,121,39
2553,Oberdorf (SO),1194,641,624,174
2554,Riedholz,1148,592,579,151
2555,Rüttenen,1103,601,581,192
2556,Selzach,2069,970,945,184
2571,Boningen,438,179,179,40
2572,Däniken,1772,909,909,158
2573,Dulliken,2577,1276,1227,287
2574,Eppenberg-Wöschnau,208,103,101,15
2575,Fulenbach,1061,443,443,101
2576,Gretzenbach,1556,843,831,187
2578,Gunzgen,1038,444,444,76
2579,Hägendorf,2938,1358,1324,269
2580,Kappel (SO),1777,864,845,154
2581,Olten,10907,5299,5211,1832
2582,Rickenbach (SO),656,310,310,64
2583,Schönenwerd,2593,1231,1205,257
2584,Starrkirch-Wil,967,539,530,139
2585,Walterswil (SO),533,240,233,32
2586,Wangen bei Olten,3072,1519,1487,340
2601,Solothurn,10612,5265,5192,1938
2611,Bärschwil,655,323,317,84
2612,Beinwil (SO),228,117,112,29
2613,Breitenbach,1893,862,840,211
2614,Büsserach,1339,617,617,111
2615,Erschwil,696,331,325,68
2616,Fehren,407,157,147,41
2617,Grindel,364,140,138,33
2618,Himmelried,704,321,315,85
2619,Kleinlützel,936,433,424,130
2620,Meltingen,451,219,216,41
2621,Nunningen,1335,612,592,120
2622,Zullwil,450,217,215,47
2701,Basel,100281,53054,52108,22572
2702,Bettingen,751,431,431,127
2703,Riehen,14694,8373,8235,2733
2761,Aesch (BL),6235,2479,2476,717
2762,Allschwil,13073,5942,5922,1962
2763,Arlesheim,5685,2842,2814,1067
2764,Biel-Benken,1983,966,958,319
2765,Binningen,9767,4971,4942,1663
2766,Birsfelden,6973,3248,3166,1229
2767,Bottmingen,3927,2092,2055,659
2768,Ettingen,3367,1661,1633,533
2769,Münchenstein,8031,3748,3745,1290
2770,Muttenz,11566,5367,5215,2784
2771,Oberwil (BL),6579,3206,3154,1041
2772,Pfeffingen,1503,666,659,180
2773,Reinach (BL),13166,6035,5980,1865
2774,Schönenbuch,917,458,458,147
2775,Therwil,6104,2822,2804,876
2781,Blauen,481,206,206,55
2782,Brislach,992,363,355,83
2783,Burg im Leimental,180,79,79,26
2784,Dittingen,516,280,275,94
2785,Duggingen,827,340,340,98
2786,Grellingen,943,465,461,128
2787,Laufen,3055,1339,1339,398
2788,Liesberg,854,383,368,86
2789,Nenzlingen,261,120,120,32
2790,Roggenburg,201,83,81,21
2791,Röschenz,1169,484,475,105
2792,Wahlen,906,352,337,89
2793,Zwingen,1323,506,506,144
2821,Arisdorf,1011,450,437,123
2822,Augst,644,302,302,86
2823,Bubendorf,2818,1309,1299,407
2824,Frenkendorf,3571,1372,1372,459
2825,Füllinsdorf,2764,1296,1266,340
2826,Giebenach,580,255,244,71
2827,Hersberg,219,118,118,40
2828,Lausen,2778,1331,1294,389
2829,Liestal,7886,3946,3874,1463
2830,Lupsingen,909,469,469,153
2831,Pratteln,8212,3442,3371,1217
2832,Ramlinsburg,455,245,245,82
2833,Seltisberg,869,470,466,149
2834,Ziefen,934,488,481,176
2841,Anwil,320,113,112,36
2842,Böckten,495,214,208,60
2843,Buckten,471,203,201,81
2844,Buus,668,291,287,89
2845,Diepflingen,350,151,151,29
2846,Gelterkinden,3570,1734,1713,629
2847,Häfelfingen,179,102,102,23
2848,Hemmiken,227,108,104,21
2849,Itingen,1145,530,521,161
2850,Känerkinden,357,179,176,48
2851,Kilchberg (BL),91,67,67,15
2852,Läufelfingen,884,439,430,112
2853,Maisprach,615,280,278,105
2854,Nusshof,159,67,67,14
2855,Oltingen,303,122,115,41
2856,Ormalingen,1289,539,534,195
2857,Rickenbach (BL),380,196,193,77
2858,Rothenfluh,499,224,219,81
2859,Rümlingen,205,94,94,21
2860,Rünenberg,535,245,244,87
2861,Sissach,3609,1613,1613,628
2862,Tecknau,480,186,183,30
2863,Tenniken,653,279,278,88
2864,Thürnen,744,318,318,72
2865,Wenslingen,506,242,240,83
2866,Wintersingen,452,198,192,56
2867,Wittinsburg,257,125,121,34
2868,Zeglingen,357,135,134,33
2869,Zunzgen,1639,647,647,185
2881,Arboldswil,355,155,148,56
2882,Bennwil,455,145,145,45
2883,Bretzwil,516,212,208,56
2884,Diegten,964,368,359,120
2885,Eptingen,407,160,159,40
2886,Hölstein,1421,672,672,208
2887,Lampenberg,344,172,169,55
2888,Langenbruck,616,307,304,110
2889,Lauwil,239,89,88,21
2890,Liedertswil,120,68,64,14
2891,Niederdorf,1131,510,503,144
2892,Oberdorf (BL),1458,666,648,196
2893,Reigoldswil,1098,431,431,139
2894,Titterten,311,155,152,58
2895,Waldenburg,758,288,288,89
2901,Gächlingen,566,392,373,84
2902,Guntmadingen,195,161,150,31
2903,Löhningen,796,521,500,134
2904,Neunkirch,1180,766,715,195
2905,Osterfingen,235,173,163,57
2911,Altdorf (SH),134,110,103,28
2912,Barzheim,135,121,121,18
2913,Bibern (SH),176,137,132,26
2914,Büttenhardt,249,180,167,60
2915,Dörflingen,542,386,365,92
2916,Hofen,87,70,68,20
2917,Lohn (SH),436,333,309,74
2918,Opfertshofen (SH),95,71,65,5
2919,Stetten (SH),580,398,376,99
2920,Thayngen,2548,1947,1947,367
2931,Bargen (SH),182,139,130,32
2932,Beringen,2160,1411,1314,317
2933,Buchberg,588,435,402,96
2934,Hemmental,385,263,253,58
2936,Merishausen,449,355,342,78
2937,Neuhausen am Rheinfall,5963,3351,3102,927
2938,Rüdlingen,460,339,339,66
2939,Schaffhausen,21444,13095,12164,4639
2951,Beggingen,354,246,238,36
2952,Schleitheim,1340,766,727,155
2953,Siblingen,533,314,302,89
2961,Buch (SH),185,122,117,26
2962,Hemishofen,294,202,200,53
2963,Ramsen,814,548,528,124
2964,Stein am Rhein,1948,1251,1202,358
2971,Hallau,1399,854,827,214
2972,Oberhallau,300,188,184,62
2973,Trasadingen,401,229,218,52
2974,Wilchingen,883,584,562,153
3001,Herisau,10049,4472,4455,1219
3002,Hundwil,680,289,283,74
3003,Schönengrund,320,163,159,40
3004,Schwellbrunn,1058,459,453,136
3005,Stein (AR),992,495,491,107
3006,Urnäsch,1528,649,636,165
3007,Waldstatt,1131,544,544,139
3021,Bühler,947,474,467,121
3022,Gais,1926,902,894,299
3023,Speicher,2815,1538,1520,500
3024,Teufen (AR),4076,2184,2156,615
3025,Trogen,1224,676,676,264
3031,Grub (AR),690,339,337,99
3032,Heiden,2517,1302,1302,349
3033,Lutzenberg,809,359,356,90
3034,Rehetobel,1213,673,661,251
3035,Reute (AR),510,275,274,85
3036,Wald (AR),614,319,318,100
3037,Walzenhausen,1350,657,643,200
3038,Wolfhalden,1224,582,577,163
3101,Appenzell,3546,1115,1059,268
3102,Gonten,1018,374,356,77
3103,Rüte,2044,704,673,142
3104,Schlatt-Haslen,819,272,258,64
3105,Schwende,1338,423,416,113
3111,Oberegg,1301,636,624,132
3201,Häggenschwil,708,395,393,74
3202,Muolen,773,353,353,66
3203,St. Gallen,43962,19521,19303,7346
3204,Wittenbach,5335,2262,2262,540
3211,Berg (SG),585,300,300,68
3212,Eggersriet,1541,714,706,217
3213,Goldach,5483,2314,2291,642
3214,Mörschwil,2239,1226,1208,318
3215,Rorschach,4564,1835,1818,601
3216,Rorschacherberg,3925,1487,1469,453
3217,Steinach,1912,826,813,182
3218,Tübach,767,365,362,87
3219,Untereggen,622,310,310,82
3231,Au (SG),3679,1484,1477,404
3232,Balgach,2439,1197,1169,293
3233,Berneck,2202,1046,1044,263
3234,Diepoldsau,3129,1318,1313,315
3235,Rheineck,1754,872,850,198
3236,St. Margrethen,2734,1120,1102,241
3237,Thal,3792,1699,1676,390
3238,Widnau,4458,1837,1822,398
3251,Altstätten,6653,2894,2840,755
3252,Eichberg,833,447,438,97
3253,Marbach (SG),1087,504,504,116
3254,Oberriet (SG),5229,2199,2171,471
3255,Rebstein,2356,1097,1089,326
3256,Rüthi (SG),1287,513,509,90
3271,Buchs (SG),6335,2662,2661,861
3272,Gams,1882,988,977,278
3273,Grabs,4219,1733,1712,621
3274,Sennwald,2815,1081,1081,262
3275,Sevelen,2456,941,928,250
3276,Wartau,2927,1272,1258,417
3291,Bad Ragaz,3038,1573,1552,416
3292,Flums,3004,1465,1461,387
3293,Mels,5192,2495,2264,593
3294,Pfäfers,1104,535,518,125
3295,Quarten,1750,981,981,196
3296,Sargans,3169,1563,1540,519
3297,Vilters-Wangs,2662,1154,1146,282
3298,Walenstadt,2879,1284,1282,391
3311,Amden,1114,510,503,133
3312,Benken (SG),1472,699,699,115
3313,Kaltbrunn,2202,986,977,213
3314,Rieden,487,267,267,56
3315,Schänis,2257,939,921,226
3316,Weesen,972,473,465,121
3331,Ernetschwil,871,407,407,78
3332,Eschenbach (SG),3095,1131,1115,229
3333,Goldingen,768,394,394,73
3334,Gommiswald,1747,780,747,175
3335,Jona,11136,4927,4866,1481
3336,Rapperswil (SG),4842,2065,2063,697
3337,St. Gallenkappel,1137,473,460,62
3338,Schmerikon,1888,757,747,214
3339,Uznach,3012,1357,1332,334
3351,Alt St. Johann,1018,466,457,123
3352,Ebnat-Kappel,3303,1514,1514,409
3354,Krummenau,1047,451,446,153
3355,Nesslau,1417,618,618,147
3356,Stein (SG),303,153,151,36
3357,Wildhaus,893,464,451,96
3371,Brunnadern,547,274,267,73
3372,Hemberg,659,294,284,87
3373,Krinau,204,128,124,22
3374,Lichtensteig,1267,577,571,162
3375,Oberhelfenschwil,872,451,447,135
3376,St. Peterzell,770,323,323,71
3377,Wattwil,5011,2240,2194,669
3391,Bütschwil,2130,1149,1134,244
3392,Kirchberg (SG),4619,2075,2033,542
3393,Lütisburg,901,480,466,112
3394,Mosnang,1986,954,937,201
3401,Degersheim,2389,1088,1074,377
3402,Flawil,5559,2498,2498,713
3403,Ganterschwil,772,406,394,83
3405,Jonschwil,2075,924,907,191
3406,Mogelsberg,1514,654,646,175
3407,Oberuzwil,3559,1586,1584,434
3408,Uzwil,7272,2995,2964,752
3421,Bronschhofen,2723,1267,1250,279
3422,Niederbüren,935,456,456,75
3423,Niederhelfenschwil,1723,922,905,171
3424,Oberbüren,2605,1176,1176,183
3425,Wil (SG),10348,4905,4901,1425
3426,Zuzwil (SG),2518,1205,1205,188
3441,Andwil (SG),1116,532,523,140
3442,Gaiserwald,5203,2496,2452,662
3443,Gossau (SG),10939,4775,4717,1157
3444,Waldkirch,2084,953,952,168
3501,Alvaschein,112,37,35,16
3502,Mon,72,27,27,18
3503,Mutten,58,14,14,6
3504,Stierva,117,36,36,16
3505,Tiefencastel,176,57,56,19
3506,Vaz/Obervaz,1808,638,632,186
3511,Alvaneu,324,90,90,40
3512,Brienz/Brinzauls,92,28,28,13
3513,Lantsch/Lenz,381,118,115,26
3514,Schmitten (GR),218,73,70,19
3515,Surava,177,51,51,8
3521,Bergün/Bravuogn,352,146,142,61
3522,Filisur,327,141,139,49
3523,Wiesen (GR),251,84,80,28
3531,Bivio,174,49,49,14
3532,Cunter,139,37,35,16
3533,Marmorera,48,33,32,7
3534,Mulegns,33,12,12,7
3536,Riom-Parsonz,273,58,58,20
3538,Salouf,135,41,41,14
3539,Savognin,665,168,168,40
3540,Sur,79,24,24,12
3541,Tinizong-Rona,290,74,70,26
3551,Brusio,1008,338,314,70
3561,Poschiavo,2767,1173,1121,338
3571,Castrisch,306,74,74,30
3572,Falera,385,155,155,45
3573,Flond,133,27,27,15
3574,Ilanz,1541,530,511,161
3575,Laax,871,256,256,65
3576,Ladir,84,25,25,6
3577,Luven,136,40,39,10
3578,Pitasch,88,26,25,6
3579,Riein,63,13,13,2
3580,Ruschein,274,105,101,25
3581,Sagogn,482,148,145,62
3582,Schluein,370,79,78,19
3583,Schnaus,57,14,14,7
3584,Sevgein,159,45,44,18
3586,Valendas,233,74,74,27
3587,Versam,208,91,91,47
3591,Camuns,49,16,15,7
3592,Cumbel,203,58,58,24
3593,Duvin,54,14,14,4
3594,Degen,218,68,67,11
3595,Lumbrein,349,101,101,28
3596,Morissen,195,55,55,14
3598,St. Martin,33,9,9,1
3599,Surcasti,59,34,34,9
3600,Surcuolm,100,29,29,6
3601,Tersnaus,56,14,14,7
3602,Uors-Peiden,68,26,26,4
3603,Vals,769,284,274,92
3604,Vignogn,175,57,55,11
3605,Vella,345,95,94,26
3606,Vrin,235,58,56,28
3611,Andiast,177,56,56,15
3612,Obersaxen,617,185,183,32
3613,Pigniu,41,12,11,2
3614,Rueun,320,82,81,28
3615,Siat,146,42,42,12
3616,Waltensburg/Vuorz,298,110,110,49
3631,Almens,166,61,61,28
3632,Feldis/Veulden,92,45,45,27
3633,Fürstenau,229,73,73,21
3634,Paspels,309,124,123,63
3635,Pratval,174,84,82,44
3636,Rodels,194,66,66,21
3637,Rothenbrunnen,202,68,68,18
3638,Scharans,540,216,211,93
3639,Scheid,100,30,30,9
3640,Sils im Domleschg,602,229,227,77
3641,Trans,53,20,17,4
3642,Tumegl/Tomils,212,64,63,20
3651,Safien,258,99,97,41
3652,Tenna,78,20,20,12
3661,Cazis,946,284,282,100
3662,Flerden,132,81,77,32
3663,Masein,277,125,125,62
3664,Portein,17,7,7,2
3665,Präz,146,37,37,14
3666,Sarn,123,47,46,14
3667,Tartar,127,46,46,18
3668,Thusis,1634,554,532,183
3669,Tschappina,130,46,45,20
3670,Urmein,91,50,49,10
3681,Avers,151,67,66,23
3691,Hinterrhein,61,22,22,9
3692,Medels im Rheinwald,33,14,13,10
3693,Nufenen,117,40,40,16
3694,Splügen,297,123,123,49
3695,Sufers,97,45,43,16
3701,Andeer,493,203,193,60
3702,Ausserferrera,44,19,19,6
3703,Casti-Wergenstein,39,14,14,4
3704,Clugin,30,12,12,2
3705,Donath,99,43,43,17
3706,Innerferrera,35,11,11,4
3707,Lohn (GR),37,18,18,9
3708,Mathon,39,14,14,4
3709,Patzen-Fardün,49,16,16,7
3710,Pignia,88,38,36,14
3711,Rongellen,39,20,20,6
3712,Zillis-Reischen,254,102,102,35
3721,Bonaduz,1650,527,519,201
3722,Domat/Ems,4126,1506,1497,452
3723,Rhäzüns,779,222,218,78
3731,Felsberg,1389,507,507,193
3732,Flims,1669,579,565,181
3733,Tamins,816,338,335,129
3734,Trin,792,337,332,145
3741,Ardez,337,85,80,37
3742,Guarda,125,48,47,25
3743,Lavin,156,77,77,42
3744,Susch,171,64,64,14
3745,Tarasp,200,75,74,36
3746,Zernez,711,247,247,96
3751,Ramosch,356,85,84,36
3752,Samnaun,487,111,111,19
3753,Tschlin,345,115,115,48
3761,Ftan,328,117,117,61
3762,Scuol,1402,499,483,184
3763,Sent,677,198,198,76
3771,Bondo,159,47,44,16
3773,Castasegna,142,46,46,20
3774,Soglio,157,54,53,28
3775,Stampa,403,159,152,51
3776,Vicosoprano,334,120,116,21
3781,Bever,396,163,163,86
3782,Celerina/Schlarigna,751,225,221,76
3783,Madulain,114,50,49,23
3784,Pontresina,1117,402,397,111
3785,La Punt-Chamues-ch,484,151,149,62
3786,Samedan,1831,675,665,253
3787,St. Moritz,2916,1109,1075,330
3788,S-chanf,427,120,118,44
3789,Sils im Engadin/Segl,423,143,140,54
3790,Silvaplana,577,165,165,63
3791,Zuoz,760,287,287,96
3801,Arvigo,80,31,23,10
3803,Braggio,42,25,21,9
3804,Buseno,92,47,46,4
3805,Castaneda,200,74,70,15
3806,Cauco,37,18,16,4
3808,Rossa,123,60,53,10
3810,Santa Maria in Calanca,104,37,34,6
3811,Selma,31,13,9,4
3821,Lostallo,485,277,253,87
3822,Mesocco,924,374,374,118
3823,Soazza,269,121,106,18
3831,Cama,336,124,105,20
3832,Grono,557,295,273,67
3833,Leggia,94,28,26,6
3834,Roveredo (GR),1476,898,792,241
3835,San Vittore,495,258,233,70
3836,Verdabbio,122,56,51,17
3841,Fuldera,83,47,47,19
3842,Lü,49,25,24,4
3843,Müstair,609,204,200,57
3844,Santa Maria Val Müstair,264,79,79,19
3845,Tschierv,122,50,50,3
3846,Valchava,167,49,45,17
3851,Davos,6953,2334,2297,919
3861,Fideris,415,97,95,48
3862,Furna,167,50,48,13
3863,Jenaz,847,242,240,70
3871,Klosters-Serneus,2690,883,860,294
3881,Conters im Prättigau,155,46,45,17
3882,Küblis,579,146,142,48
3883,Saas,563,120,118,37
3891,Luzein,845,236,228,86
3892,St. Antönien Ascharina,99,16,16,3
3893,St. Antönien,172,19,19,4
3901,Chur,21801,8278,7939,3350
3911,Churwalden,709,242,239,102
3912,Malix,442,172,172,68
3913,Parpan,199,83,83,30
3914,Praden,80,33,33,13
3915,Tschiertschen,173,48,48,16
3921,Arosa,1594,579,566,174
3922,Calfreisen,32,9,9,3
3923,Castiel,82,31,30,6
3924,Langwies,254,74,74,19
3925,Lüen,62,23,23,14
3926,Maladers,413,128,127,50
3927,Molinis,106,47,47,21
3928,Pagig,63,30,30,7
3929,Peist,155,51,51,22
3930,St. Peter,130,35,34,11
3941,Haldenstein,594,227,227,130
3942,Igis,4455,1470,1451,556
3943,Mastrils,395,97,94,22
3944,Says,104,30,29,13
3945,Trimmis,1943,719,709,236
3946,Untervaz,1439,362,357,99
3947,Zizers,2085,663,652,208
3951,Fläsch,416,128,124,51
3952,Jenins,546,171,170,63
3953,Maienfeld,1696,573,567,212
3954,Malans,1342,519,515,251
3961,Grüsch,813,255,246,91
3962,Schiers,1632,481,478,208
3971,Fanas,301,99,99,46
3972,Seewis im Prättigau,895,260,253,106
3973,Valzeina,101,33,33,18
3981,Breil/Brigels,911,371,371,104
3982,Disentis/Mustér,1715,672,644,192
3983,Medel (Lucmagn),382,128,126,29
3984,Schlans,75,30,30,16
3985,Sumvitg,1106,443,422,144
3986,Tujetsch,1140,452,441,139
3987,Trun,975,365,355,136
4001,Aarau,10632,5292,5190,1819
4002,Biberstein,841,393,386,128
4003,Buchs (AG),3596,1539,1510,386
4004,Densbüren,544,226,221,38
4005,Erlinsbach,2268,1063,1049,243
4006,Gränichen,4163,1612,1582,431
4007,Hirschthal,859,339,330,86
4008,Küttigen,3477,1581,1562,454
4009,Muhen,2181,793,774,158
4010,Oberentfelden,4306,1634,1600,324
4011,Rohr (AG),1826,743,735,148
4012,Suhr,5059,2075,2033,585
4013,Unterentfelden,2231,1062,1051,235
4021,Baden,10186,4626,4531,1566
4022,Bellikon,922,420,412,100
4023,Bergdietikon,1757,769,757,146
4024,Birmenstorf (AG),1488,654,644,145
4026,Ennetbaden,2014,1053,1036,341
4027,Fislisbach,3227,1242,1216,248
4028,Freienwil,535,245,243,95
4029,Gebenstorf,2528,1038,1023,246
4030,Killwangen,897,360,359,79
4031,Künten,990,424,417,84
4032,Mägenwil,984,382,369,80
4033,Mellingen,2405,916,888,191
4034,Neuenhof,4029,1478,1437,346
4035,Niederrohrdorf,1691,669,659,123
4036,Oberehrendingen,1248,523,518,123
4037,Oberrohrdorf,2306,1071,1063,218
4038,Obersiggenthal,4469,2244,2208,513
4039,Remetschwil,1181,491,484,100
4040,Spreitenbach,4002,1360,1317,331
4041,Stetten (AG),1014,391,390,85
4042,Turgi,1257,524,505,150
4043,Unterehrendingen,1055,445,438,87
4044,Untersiggenthal,3687,1549,1522,402
4045,Wettingen,11584,4994,4906,1366
4046,Wohlenschwil,875,313,308,93
4047,Würenlingen,2264,923,902,173
4048,Würenlos,3424,1539,1500,337
4061,Arni (AG),888,427,423,100
4062,Berikon,3035,1199,1179,296
4063,Bremgarten (AG),3388,1296,1272,361
4064,Büttikon,458,173,167,35
4065,Dottikon,1651,676,665,177
4066,Eggenwil,479,209,207,55
4067,Fischbach-Göslikon,868,326,322,54
4068,Hägglingen,1380,574,564,117
4069,Hermetschwil-Staffeln,742,332,322,79
4070,Hilfikon,164,69,66,7
4071,Jonen,1056,443,429,134
4072,Niederwil (AG),1430,508,502,92
4073,Oberlunkhofen,1060,462,455,144
4074,Oberwil-Lieli,1320,575,572,158
4075,Rudolfstetten-Friedlisberg,2549,964,948,274
4076,Sarmenstorf,1440,557,552,104
4077,Tägerig,830,293,290,68
4078,Uezwil,268,114,112,25
4079,Unterlunkhofen,835,318,312,65
4080,Villmergen,3154,1358,1321,256
4081,Widen,2588,1232,1196,260
4082,Wohlen (AG),7593,3015,2946,664
4083,Zufikon,2393,1054,1033,259
4084,Islisberg,276,126,118,30
4091,Auenstein,1025,403,397,104
4092,Birr,1544,570,556,105
4093,Birrhard,475,207,207,42
4094,Bözen,421,182,176,23
4095,Brugg,5867,2610,2576,770
4096,Effingen,400,161,157,33
4097,Elfingen,179,88,85,20
4098,Gallenkirch,79,39,36,9
4099,Habsburg,266,133,130,14
4100,Hausen bei Brugg,1638,691,678,104
4101,Hottwil,180,91,86,26
4103,Linn,83,40,39,7
4104,Lupfig,1202,546,533,99
4105,Mandach,226,100,100,10
4106,Mönthal,313,114,114,27
4107,Mülligen,564,236,232,69
4108,Oberbözberg,367,138,136,27
4109,Oberflachs,330,130,128,26
4110,Remigen,738,368,355,69
4111,Riniken,952,442,430,114
4112,Rüfenach,480,217,213,64
4113,Scherz,400,193,192,67
4114,Schinznach Bad,744,290,280,44
4115,Schinznach Dorf,1133,490,478,131
4116,Stilli,241,103,100,27
4117,Thalheim (AG),561,222,218,38
4118,Umiken,744,321,318,89
4119,Unterbözberg,575,247,241,45
4120,Veltheim (AG),897,355,352,76
4121,Villigen,914,381,371,67
4122,Villnachern,901,372,364,74
4123,Windisch,3746,1717,1682,523
4131,Beinwil am See,1894,888,873,232
4132,Birrwil,742,314,308,79
4133,Burg (AG),559,306,294,51
4134,Dürrenäsch,745,319,316,44
4135,Gontenschwil,1471,675,657,159
4136,Holziken,813,283,278,42
4137,Leimbach (AG),297,161,161,20
4138,Leutwil,490,235,230,37
4139,Menziken,3123,1407,1369,306
4140,Oberkulm,1495,661,641,137
4141,Reinach (AG),4257,1891,1825,388
4142,Schlossrued,651,193,188,40
4143,Schmiedrued,846,312,309,57
4144,Schöftland,2132,849,833,172
4145,Teufenthal (AG),994,406,393,73
4146,Unterkulm,1694,776,748,178
4147,Zetzwil,892,348,339,66
4161,Eiken,1216,373,366,96
4162,Etzgen,246,100,100,14
4163,Frick,2409,1031,1010,263
4164,Gansingen,699,281,278,65
4165,Gipf-Oberfrick,1990,739,729,245
4166,Herznach,763,339,334,88
4167,Hornussen,554,328,311,53
4168,Ittenthal,161,70,68,14
4169,Kaisten,1442,549,541,134
4170,Laufenburg,1064,407,401,114
4171,Mettau,241,85,83,21
4172,Münchwilen (AG),476,159,156,28
4173,Oberhof,367,125,125,31
4174,Oberhofen (AG),216,85,84,13
4175,Oeschgen,558,233,225,45
4176,Schwaderloch,450,169,166,29
4177,Sisseln,845,271,271,50
4178,Sulz (AG),838,301,296,44
4179,Ueken,474,189,185,43
4180,Wil (AG),478,172,172,40
4181,Wittnau,781,319,309,70
4182,Wölflinswil,591,244,244,64
4183,Zeihen,572,260,258,67
4191,Ammerswil,423,162,162,47
4192,Boniswil,910,386,372,79
4193,Brunegg,346,131,131,18
4194,Dintikon,892,351,348,70
4195,Egliswil,849,297,296,73
4196,Fahrwangen,1058,382,376,80
4197,Hallwil,483,191,191,41
4198,Hendschiken,638,238,237,64
4199,Holderbank (AG),509,194,193,29
4200,Hunzenschwil,1702,650,635,119
4201,Lenzburg,4389,2095,2046,649
4202,Meisterschwanden,1374,550,539,107
4203,Möriken-Wildegg,2355,1000,982,215
4204,Niederlenz,2279,940,940,240
4205,Othmarsingen,1361,548,538,131
4206,Rupperswil,2482,985,968,210
4207,Schafisheim,1772,642,635,180
4208,Seengen,1797,734,721,176
4209,Seon,2898,1118,1109,241
4210,Staufen,1538,750,739,229
4221,Abtwil,438,190,189,45
4222,Aristau,801,336,330,89
4223,Auw,850,265,258,42
4224,Beinwil (Freiamt),676,284,283,37
4225,Benzenschwil,362,151,145,30
4226,Besenbüren,354,155,154,25
4227,Bettwil,392,148,146,31
4228,Boswil,1610,557,537,118
4229,Bünzen,611,250,245,52
4230,Buttwil,758,290,288,83
4231,Dietwil,715,247,242,61
4232,Geltwil,108,50,49,4
4233,Kallern,194,80,78,16
4234,Merenschwand,1392,612,607,132
4235,Mühlau,677,252,247,45
4236,Muri (AG),3940,1511,1473,364
4237,Oberrüti,714,261,255,59
4238,Rottenschwil,516,183,182,50
4239,Sins,2142,753,743,130
4240,Waltenschwil,1388,528,520,105
4251,Hellikon,545,196,195,44
4252,Kaiseraugst,2661,982,982,271
4253,Magden,2185,1036,1028,325
4254,Möhlin,5413,1722,1716,486
4255,Mumpf,651,173,168,45
4256,Obermumpf,689,216,212,85
4257,Olsberg,268,118,118,41
4258,Rheinfelden,6543,2445,2414,875
4259,Schupfart,513,189,185,27
4260,Stein (AG),1432,506,490,135
4261,Wallbach,1109,377,369,98
4262,Wegenstetten,703,290,286,57
4263,Zeiningen,1332,511,501,169
4264,Zuzgen,541,155,153,42
4271,Aarburg,3445,1290,1270,350
4272,Attelwil,219,84,80,24
4273,Bottenwil,604,208,205,37
4274,Brittnau,2540,816,803,190
4275,Kirchleerau,572,227,223,31
4276,Kölliken,2717,1068,1052,273
4277,Moosleerau,533,221,216,26
4278,Mühlethal,575,241,239,58
4279,Murgenthal,1890,693,683,130
4280,Oftringen,6141,2118,2086,535
4281,Reitnau,817,335,335,64
4282,Rothrist,4575,1562,1524,331
4283,Safenwil,2197,790,774,181
4284,Staffelbach,701,273,270,43
4285,Strengelbach,2496,983,968,235
4286,Uerkheim,987,418,406,103
4287,Vordemwald,1334,507,489,156
4288,Wiliberg,118,55,54,7
4289,Zofingen,6229,2808,2738,854
4301,Baldingen,163,71,71,7
4302,Böbikon,124,59,56,8
4303,Böttstein,1951,814,791,91
4304,Döttingen,1711,691,681,107
4305,Endingen,1282,546,526,127
4306,Fisibach,265,107,105,15
4307,Full-Reuenthal,558,245,242,43
4308,Kaiserstuhl,288,130,129,48
4309,Klingnau,1770,792,783,179
4310,Koblenz,886,383,375,102
4311,Leibstadt,775,304,301,32
4312,Lengnau (AG),1535,645,639,125
4313,Leuggern,1445,601,588,83
4314,Mellikon,174,91,89,34
4315,Rekingen (AG),544,272,263,68
4316,Rietheim,322,124,124,29
4317,Rümikon,151,74,74,18
4318,Schneisingen,948,395,391,92
4319,Siglistorf,368,114,110,27
4320,Tegerfelden,688,240,236,37
4321,Unterendingen,246,114,114,23
4322,Wislikofen,251,122,118,38
4323,Zurzach,2269,945,938,205
4401,Arbon,7626,2652,2449,705
4406,Dozwil,343,188,182,46
4411,Egnach,2679,1080,1038,283
4416,Hefenhofen,756,309,291,72
4421,Horn,1562,697,689,193
4426,Kesswil,575,286,279,77
4431,Roggwil (TG),1684,693,662,171
4436,Romanshorn,5410,2353,2281,716
4441,Salmsach,788,267,262,83
4446,Sommeri,346,163,159,38
4451,Uttwil,965,414,405,102
4461,Amriswil,6575,2283,2201,609
4471,Bischofszell,3373,1332,1262,315
4476,Erlen,1882,689,658,162
4486,Hauptwil-Gottshaus,1220,527,515,117
4495,Hohentannen,387,169,162,29
4501,Kradolf-Schönenberg,1822,679,660,139
4506,Sulgen,2058,880,849,218
4511,Zihlschlacht-Sitterdorf,1255,743,698,120
4536,Basadingen-Schlattingen,1048,429,414,94
4545,Diessenhofen,1855,819,803,203
4546,Schlatt (TG),1020,463,445,95
4551,Aadorf,4874,2032,1983,618
4561,Felben-Wellhausen,1348,556,544,123
4566,Frauenfeld,13558,5995,5871,1969
4571,Gachnang,1991,840,821,219
4590,Hüttlingen,571,300,290,88
4591,Matzingen,1393,575,557,132
4601,Neunforn,682,338,324,91
4606,Stettfurt,682,316,316,92
4611,Thundorf,868,353,343,113
4616,Uesslingen-Buch,744,346,340,86
4621,Warth-Weiningen,791,403,379,111
4641,Altnau,1144,486,480,155
4643,Bottighofen,1142,529,514,122
4646,Ermatingen,1671,707,687,186
4651,Gottlieben,178,100,98,18
4656,Güttingen,863,380,372,94
4666,Kemmental,1492,817,763,158
4671,Kreuzlingen,8557,3398,3110,1051
4681,Langrickenbach,710,321,314,67
4683,Lengwil,756,328,316,97
4691,Münsterlingen,1330,599,588,209
4696,Tägerwilen,1946,817,777,193
4701,Wäldi,622,312,310,56
4711,Affeltrangen,1406,611,583,98
4716,Bettwiesen,568,280,269,44
4721,Bichelsee-Balterswil,1589,770,745,184
4723,Braunau,462,281,270,61
4724,Eschlikon,2172,1047,1027,311
4726,Fischingen,1797,915,894,236
4741,Lommis,635,277,277,59
4746,Münchwilen (TG),2662,1088,1059,273
4751,Rickenbach (TG),1385,561,555,110
4756,Schönholzerswilen,524,243,234,39
4761,Sirnach,3691,1687,1612,435
4776,Tobel-Tägerschen,829,333,323,52
4781,Wängi,2571,1114,1054,254
4786,Wilen (TG),1221,535,535,145
4791,Wuppenau,720,335,325,101
4801,Berlingen,545,279,279,101
4806,Eschenz,1008,449,441,118
4811,Herdern,603,285,274,81
4816,Homburg,1010,459,441,86
4821,Hüttwilen,955,477,451,117
4826,Mammern,319,138,134,39
4831,Müllheim,1470,519,511,98
4841,Pfyn,1155,467,457,128
4846,Raperswilen,290,143,142,26
4851,Salenstein,750,379,375,97
4864,Steckborn,2009,892,860,249
4871,Wagenhausen,1029,443,431,124
4881,Amlikon-Bissegg,817,388,362,62
4891,Berg (TG),1838,812,800,174
4901,Birwinken,842,401,390,106
4911,Bürglen (TG),1831,683,683,206
4921,Bussnang,1425,695,660,173
4941,Märstetten,1537,590,576,166
4946,Weinfelden,6244,2872,2645,832
4951,Wigoltingen,1377,572,537,131
5001,Arbedo-Castione,2224,749,683,223
5002,Bellinzona,10038,3146,2933,983
5003,Cadenazzo,914,316,286,71
5004,Camorino,1511,524,524,181
5005,Giubiasco,4457,1516,1415,452
5006,Gnosca,394,123,120,33
5007,Gorduno,481,182,174,45
5008,Gudo,484,138,135,44
5009,Isone,296,122,122,20
5010,Lumino,803,262,247,104
5011,Medeglia,303,103,92,28
5012,Moleno,78,31,29,11
5013,Monte Carasso,1392,363,330,112
5014,Pianezzo,407,159,146,54
5015,Preonzo,393,140,140,30
5016,Robasacco,85,36,35,6
5017,Sant'Antonino,1117,312,286,68
5018,Sant'Antonio,133,73,69,34
5019,Sementina,1602,555,525,140
5031,Aquila,393,98,98,26
5032,Campo (Blenio),60,15,15,1
5033,Castro,64,20,20,7
5034,Corzoneso,286,95,87,30
5035,Dongio,319,97,94,24
5036,Ghirone,42,17,14,4
5037,Largario,15,6,6,1
5038,Leontica,233,87,76,18
5039,Lottigna,73,33,33,8
5040,Ludiano,239,113,108,31
5041,Malvaglia,1155,369,369,110
5042,Marolta,41,14,11,7
5043,Olivone,669,227,212,38
5044,Ponto Valentino,236,66,60,11
5045,Prugiasco,131,38,33,3
5046,Semione,266,92,92,26
5047,Torre,219,70,70,18
5061,Airolo,1155,430,402,85
5062,Anzonico,81,34,33,12
5063,Bedretto,78,24,23,5
5064,Bodio,583,220,206,37
5065,Calonico,43,19,17,2
5066,Calpiogna,38,18,13,3
5067,Campello,42,24,23,5
5068,Cavagnago,82,29,27,9
5069,Chiggiogna,258,96,89,28
5070,Chironico,351,160,144,37
5071,Dalpe,130,62,55,7
5072,Faido,797,310,287,66
5073,Giornico,609,222,222,52
5074,Mairengo,155,80,76,23
5075,Osco,98,55,46,11
5076,Personico,243,74,71,24
5077,Pollegio,383,118,105,24
5078,Prato (Leventina),281,112,106,36
5079,Quinto,733,311,296,70
5080,Rossura,66,22,22,10
5081,Sobrio,66,27,26,3
5091,Ascona,3193,1086,1024,297
5092,Auressio,49,11,11,5
5093,Berzona,55,17,17,8
5094,Borgnone,151,39,33,15
5095,Brione (Verzasca),163,33,28,7
5096,Brione sopra Minusio,372,137,110,36
5097,Brissago,1360,431,401,125
5098,Caviano,115,29,27,13
5099,Cavigliano,496,210,196,77
5101,Contone,441,161,149,35
5102,Corippo,25,9,8,2
5104,Cugnasco,782,330,330,77
5105,Frasco,86,31,28,7
5106,Gerra (Gambarogno),223,82,74,26
5107,Gerra (Verzasca),785,242,215,52
5108,Gordola,2526,767,731,168
5109,Gresso,42,19,15,3
5110,Indemini,46,14,14,9
5111,Intragna,722,286,284,86
5112,Lavertezzo,666,194,179,38
5113,Locarno,8325,2368,2206,783
5114,Loco,191,78,78,35
5115,Losone,3885,1217,1154,331
5116,Magadino,1022,331,300,64
5117,Mergoscia,164,59,59,28
5118,Minusio,4286,1457,1381,400
5119,Mosogno,52,15,15,8
5120,Muralto,1744,633,594,146
5121,Orselina,553,234,227,79
5122,Palagnedra,87,35,32,13
5123,Piazzogna,268,109,98,30
5125,Ronco sopra Ascona,506,189,175,65
5127,San Nazzaro,458,154,146,45
5128,Sant'Abbondio,108,34,33,11
5129,Sonogno,95,31,23,11
5130,Tegna,507,227,211,72
5131,Tenero-Contra,1299,633,571,176
5132,Vergeletto,78,39,37,3
5133,Verscio,663,248,226,92
5134,Vira (Gambarogno),496,182,166,50
5135,Vogorno,254,55,53,18
5136,Onsernone,309,100,95,42
5141,Agno,2074,667,647,184
5142,Agra,306,138,138,43
5143,Aranno,200,67,62,23
5144,Arogno,681,212,196,73
5145,Arosio,336,115,106,24
5146,Astano,236,84,80,32
5147,Barbengo,873,299,284,78
5148,Bedano,761,315,289,85
5149,Bedigliora,427,149,141,64
5150,Bidogno,268,117,105,21
5151,Bioggio,1025,395,371,103
5153,Bironico,347,118,113,30
5154,Bissone,546,169,161,38
5155,Bogno,91,36,29,10
5156,Bosco Luganese,248,103,99,30
5158,Breganzona,2876,1056,991,302
5159,Breno,205,99,91,34
5160,Brusino Arsizio,336,112,106,37
5161,Cademario,433,189,180,65
5162,Cadempino,764,297,272,68
5163,Cadro,1141,451,424,121
5164,Cagiallo,422,256,230,65
5165,Camignolo,472,136,123,29
5167,Canobbio,1228,492,491,123
5168,Carabbia,348,155,151,46
5169,Carabietta,60,36,32,9
5170,Carona,457,196,170,80
5171,Caslano,2060,755,734,210
5173,Certara,57,11,10,1
5174,Cimadera,110,40,35,7
5175,Cimo,158,68,67,19
5176,Comano,1213,580,540,161
5177,Corticiasca,116,41,40,12
5178,Croglio,636,200,190,60
5179,Cureggia,119,68,67,22
5180,Cureglia,859,421,421,121
5181,Curio,374,150,138,45
5182,Davesco-Soragno,899,337,308,86
5183,Fescoggia,93,37,35,12
5184,Gandria,156,59,57,14
5185,Gentilino,954,418,404,108
5186,Grancia,192,89,82,22
5187,Gravesano,684,255,238,49
5188,Iseo,67,26,26,7
5189,Lamone,707,266,254,78
5190,Lopagno,385,229,204,65
5191,Lugaggia,526,313,285,87
5192,Lugano,13813,4747,4449,1371
5193,Magliaso,921,350,339,99
5194,Manno,702,325,306,89
5195,Maroggia,377,137,132,37
5196,Massagno,3027,1252,1181,381
5197,Melano,693,242,223,64
5198,Melide,861,344,327,102
5199,Mezzovico-Vira,653,255,236,44
5200,Miglieglia,159,44,42,24
5201,Montagnola,1237,494,480,119
5202,Monteggio,581,186,177,66
5203,Morcote,436,136,131,33
5204,Mugena,114,38,36,14
5205,Muzzano,514,231,222,66
5206,Neggio,238,104,96,23
5207,Novaggio,533,186,167,60
5208,Origlio,816,396,369,112
5209,Pambio-Noranco,278,99,92,19
5210,Paradiso,1441,442,417,119
5211,Pazzallo,626,205,197,59
5212,Ponte Capriasca,1068,514,471,157
5213,Ponte Tresa,555,191,191,48
5214,Porza,878,353,353,109
5215,Pregassona,3850,1351,1229,354
5216,Pura,718,306,286,97
5217,Rivera,937,376,339,92
5218,Roveredo (TI),98,66,61,18
5219,Rovio,486,222,219,71
5220,Sala Capriasca,890,639,543,159
5221,Savosa,1244,493,472,120
5222,Sessa,451,198,191,77
5223,Sigirino,254,102,101,22
5224,Sonvico,1178,426,379,107
5225,Sorengo,963,383,351,109
5226,Tesserete,994,608,608,154
5227,Torricella-Taverne,1485,561,515,151
5228,Vaglio,386,245,198,63
5229,Valcolla,457,165,154,44
5230,Vernate,258,100,97,32
5231,Vezia,1002,418,389,128
5232,Vezio,167,67,59,20
5233,Vico Morcote,165,65,64,14
5234,Viganello,3403,1206,1143,342
5235,Villa Luganese,361,151,143,45
5241,Arzo,724,291,281,99
5242,Balerna,2312,749,712,237
5243,Besazio,402,165,160,55
5244,Bruzella,159,68,68,27
5245,Cabbio,139,43,42,13
5246,Caneggio,276,88,79,21
5247,Capolago,431,167,156,37
5248,Casima,50,16,16,6
5249,Castel San Pietro,1278,476,449,122
5250,Chiasso,4343,1360,1290,401
5251,Coldrerio,1772,586,584,157
5252,Genestrerio,587,260,245,59
5253,Ligornetto,1026,412,396,159
5254,Mendrisio,4109,1276,1188,323
5255,Meride,294,116,116,46
5256,Monte,61,26,23,8
5257,Morbio Inferiore,2636,846,801,205
5258,Morbio Superiore,517,207,199,69
5259,Muggio,205,53,53,18
5260,Novazzano,1678,552,505,148
5262,Rancate,990,364,344,110
5263,Riva San Vitale,1621,538,478,149
5264,Sagno,211,102,97,47
5265,Salorino,404,160,152,56
5266,Stabio,2228,680,645,216
5267,Tremona,312,150,138,46
5268,Vacallo,1904,664,609,151
5281,Biasca,3103,794,747,255
5282,Claro,1350,411,379,136
5283,Cresciano,363,93,88,14
5284,Iragna,325,72,64,19
5285,Lodrino,894,279,279,74
5286,Osogna,478,194,171,46
5301,Aurigeno,280,105,93,32
5302,Avegno,364,170,158,58
5303,Bignasco,164,63,59,8
5304,Bosco/Gurin,74,28,19,4
5305,Broglio,66,33,29,9
5306,Brontallo,46,21,17,2
5307,Campo (Vallemaggia),55,25,23,12
5308,Cavergno,362,115,103,43
5309,Cerentino,48,13,12,7
5310,Cevio,310,92,87,30
5311,Coglio,71,34,32,7
5312,Fusio,42,15,13,0
5313,Giumaglio,147,38,35,11
5314,Gordevio,552,197,172,73
5315,Linescio,41,17,17,5
5316,Lodano,143,47,46,13
5317,Maggia,520,171,155,45
5318,Menzonio,76,24,24,9
5319,Moghegno,244,97,81,24
5320,Peccia,144,64,60,16
5321,Prato-Sornico,88,25,20,1
5322,Someo,190,47,41,8
5401,Aigle,4144,1395,1319,339
5402,Bex,3345,1110,1062,289
5403,Chessel,192,86,83,16
5404,Corbeyrier,245,97,95,31
5405,Gryon,690,212,204,52
5406,Lavey-Morcles,544,205,197,45
5407,Leysin,1067,280,271,82
5408,Noville,433,191,180,24
5409,Ollon,3429,1151,1112,265
5410,Ormont-Dessous,706,202,190,47
5411,Ormont-Dessus,895,277,277,50
5412,Rennaz,322,104,99,17
5413,Roche (VD),610,192,180,32
5414,Villeneuve (VD),2189,721,705,158
5415,Yvorne,669,278,251,69
5421,Apples,790,325,307,96
5422,Aubonne,1630,672,647,179
5423,Ballens,248,120,115,22
5424,Berolle,146,62,62,20
5425,Bière,888,275,268,48
5426,Bougy-Villars,237,110,105,29
5427,Féchy,393,172,167,43
5428,Gimel,817,292,278,66
5429,Longirod,222,80,77,18
5430,Marchissy,206,108,103,19
5431,Mollens (VD),193,58,57,9
5432,Montherod,248,88,80,15
5433,Pizy,47,20,19,4
5434,Saint-George,408,150,145,35
5435,Saint-Livres,364,137,133,39
5436,Saint-Oyens,156,60,58,8
5437,Saubraz,145,60,58,14
5451,Avenches,1436,420,394,104
5452,Bellerive (VD),399,141,141,27
5453,Chabrey,136,51,48,7
5454,Champmartin,23,7,7,5
5455,Constantine,180,81,78,10
5456,Cudrefin,596,215,205,35
5457,Donatyre,86,30,29,3
5458,Faoug,385,122,113,24
5459,Montmagny,111,43,43,7
5460,Mur (VD),119,50,50,10
5461,Oleyres,146,47,44,7
5462,Vallamand,267,101,97,26
5463,Villars-le-Grand,211,80,73,22
5471,Bettens,201,91,84,12
5472,Bournens,186,94,92,18
5473,Boussens,462,183,174,38
5474,La Chaux (Cossonay),223,108,107,26
5475,Chavannes-le-Veyron,77,39,37,6
5476,Chevilly,148,68,66,20
5477,Cossonay,1501,560,527,159
5478,Cottens (VD),241,107,106,29
5479,Cuarnens,255,113,108,31
5480,Daillens,392,155,152,36
5481,Dizy,105,53,49,19
5482,Eclépens,565,260,256,56
5483,Ferreyres,146,80,78,18
5484,Gollion,356,144,133,30
5485,Grancy,217,93,90,27
5486,L'Isle,633,229,220,53
5487,Lussery-Villars,213,89,86,15
5488,Mauraz,33,24,23,3
5489,Mex (VD),388,162,160,38
5490,Moiry,144,67,65,25
5491,Mont-la-Ville,227,85,83,20
5492,Montricher,502,202,197,58
5493,Orny,203,67,65,7
5494,Pampigny,515,181,178,61
5495,Penthalaz,1471,525,521,137
5496,Penthaz,842,293,280,63
5497,Pompaples,441,201,184,45
5498,La Sarraz,987,363,362,95
5499,Senarclens,226,107,101,23
5500,Sévery,135,63,63,8
5501,Sullens,566,250,243,43
5503,Vufflens-la-Ville,695,291,278,70
5511,Assens,497,186,173,45
5512,Bercher,559,194,181,37
5513,Bioley-Orjulaz,184,87,82,23
5514,Bottens,648,251,239,56
5515,Bretigny-sur-Morrens,382,159,152,40
5516,Cugy (VD),1286,609,584,107
5517,Dommartin,173,80,78,52
5518,Echallens,2504,994,969,296
5519,Eclagnens,52,26,26,1
5520,Essertines-sur-Yverdon,478,182,174,37
5521,Etagnières,494,200,200,34
5522,Fey,313,102,94,20
5523,Froideville,1020,427,415,103
5524,Goumoens-la-Ville,416,146,144,36
5525,Goumoens-le-Jux,20,15,15,8
5526,Malapalud,39,23,23,6
5527,Morrens (VD),625,298,285,73
5528,Naz,51,23,21,2
5529,Oulens-sous-Echallens,301,132,124,43
5530,Pailly,263,94,92,19
5531,Penthéréaz,229,95,93,20
5532,Poliez-le-Grand,352,110,102,29
5533,Poliez-Pittet,380,129,119,19
5534,Rueyres,149,60,60,13
5535,Saint-Barthélemy (VD),366,121,116,31
5536,Sugnens,160,70,67,10
5537,Villars-le-Terroir,472,167,159,34
5538,Villars-Tiercelin,248,109,107,15
5539,Vuarrens,402,145,140,30
5551,Bonvillars,259,93,90,22
5552,Bullet,420,151,143,32
5553,Champagne,418,151,146,37
5554,Concise,471,180,177,44
5555,Corcelles-près-Concise,163,61,59,11
5556,Fiez,230,91,88,19
5557,Fontaines-sur-Grandson,97,36,36,7
5558,Fontanezier,56,39,38,26
5559,Giez,255,110,109,28
5560,Grandevent,110,53,51,12
5561,Grandson,1722,652,630,167
5562,Mauborget,69,22,20,5
5563,Mutrux,83,27,27,7
5564,Novalles,72,30,28,10
5565,Onnens (VD),259,90,84,13
5566,Provence,237,56,48,14
5567,Romairon,28,15,9,4
5568,Sainte-Croix,2926,1001,955,236
5569,Vaugondry,22,13,13,10
5570,Villars-Burquin,337,143,137,33
5581,Belmont-sur-Lausanne,1481,662,643,161
5582,Cheseaux-sur-Lausanne,1804,740,710,203
5583,Crissier,2778,1004,963,227
5584,Epalinges,4646,2045,1954,579
5585,Jouxtens-Mézery,747,422,406,100
5586,Lausanne,69209,26354,25328,10052
5587,Le Mont-sur-Lausanne,3370,1523,1465,1064
5588,Paudex,849,331,315,93
5589,Prilly,5922,2208,2115,619
5590,Pully,10288,4547,4406,1229
5591,Renens (VD),7027,2403,2317,748
5592,Romanel-sur-Lausanne,1938,742,710,183
5601,Chexbres,1319,524,495,122
5602,Cully,1153,506,472,132
5603,Epesses,196,100,98,23
5604,Forel (Lavaux),1131,387,368,86
5605,Grandvaux,1332,637,621,148
5606,Lutry,5340,2363,2285,634
5607,Puidoux,1348,494,482,118
5608,Riex,213,97,94,24
5609,Rivaz,221,124,123,36
5610,Saint-Saphorin (Lavaux),257,120,114,38
5611,Savigny,1936,872,843,218
5612,Villette (Lavaux),392,183,171,49
5621,Aclens,237,91,90,23
5622,Bremblens,235,101,100,21
5623,Buchillon,396,216,213,64
5624,Bussigny-près-Lausanne,3889,1446,1381,377
5625,Bussy-Chardonney,205,88,85,21
5627,Chavannes-près-Renens,2416,971,922,300
5628,Chigny,140,60,60,20
5629,Clarmont,99,38,37,10
5630,Colombier (VD),323,128,126,39
5631,Denens,372,184,170,51
5632,Denges,587,250,241,56
5633,Echandens,1406,608,588,157
5634,Echichens,638,237,229,61
5635,Ecublens (VD),4626,1715,1619,429
5636,Etoy,1160,467,450,146
5637,Lavigny,355,177,167,48
5638,Lonay,1193,560,534,147
5639,Lully (VD),438,216,200,60
5640,Lussy-sur-Morges,351,160,159,43
5641,Monnaz,175,103,103,24
5642,Morges,8051,3097,2911,906
5643,Préverenges,2412,972,952,268
5644,Reverolle,222,97,95,33
5645,Romanel-sur-Morges,283,129,128,21
5646,Saint-Prex,2285,958,937,203
5647,Saint-Saphorin-sur-Morges,211,86,84,21
5648,Saint-Sulpice (VD),1952,970,952,221
5649,Tolochenaz,982,399,384,91
5650,Vaux-sur-Morges,102,49,49,16
5651,Villars-Sainte-Croix,352,133,129,27
5652,Villars-sous-Yens,336,143,137,41
5653,Vufflens-le-Château,399,210,210,41
5654,Vullierens,277,134,130,29
5655,Yens,650,266,266,55
5661,Boulens,160,77,73,20
5662,Brenles,105,66,64,32
5663,Bussy-sur-Moudon,142,59,56,16
5664,Chapelle-sur-Moudon,208,99,93,21
5665,Chavannes-sur-Moudon,155,81,74,23
5666,Chesalles-sur-Moudon,106,54,51,14
5667,Correvon,81,37,34,7
5668,Cremin,38,19,17,3
5669,Curtilles,208,108,104,26
5670,Denezy,103,43,40,10
5671,Dompierre (VD),176,76,73,12
5672,Forel-sur-Lucens,100,62,62,9
5673,Hermenches,199,98,94,29
5674,Lovatens,96,43,41,18
5675,Lucens,1116,512,476,95
5676,Martherenges,47,25,24,8
5677,Montaubion-Chardonney,59,29,29,6
5678,Moudon,2183,993,932,247
5679,Neyruz-sur-Moudon,98,47,41,12
5680,Ogens,175,74,73,28
5681,Oulens-sur-Lucens,40,14,14,0
5682,Peyres-Possens,74,39,35,8
5683,Prévonloup,91,41,41,8
5684,Rossenges,37,20,17,2
5685,Saint-Cierges,283,148,143,37
5686,Sarzens,44,23,23,8
5687,Sottens,149,87,84,10
5688,Syens,78,35,33,8
5689,Thierrens,377,128,121,24
5690,Villars-le-Comte,94,44,40,10
5691,Villars-Mendraz,140,80,71,17
5692,Vucherens,310,135,128,29
5701,Arnex-sur-Nyon,62,33,31,5
5702,Arzier,1053,461,439,111
5703,Bassins,506,247,239,58
5704,Begnins,779,288,276,67
5705,Bogis-Bossey,372,130,125,26
5706,Borex,493,199,195,31
5707,Chavannes-de-Bogis,529,188,177,26
5708,Chavannes-des-Bois,241,115,111,18
5709,Chéserex,621,238,227,47
5710,Coinsins,225,84,84,18
5711,Commugny,1241,532,517,127
5712,Coppet,1104,462,441,95
5713,Crans-près-Céligny,1139,448,432,97
5714,Crassier,434,154,149,20
5715,Duillier,560,242,228,70
5716,Eysins,507,214,209,50
5717,Founex,1178,532,506,87
5718,Genolier,920,417,406,89
5719,Gingins,609,225,225,38
5720,Givrins,504,236,222,49
5721,Gland,4928,1777,1770,424
5722,Grens,182,83,81,17
5723,Mies,777,313,298,83
5724,Nyon,8255,3015,2881,958
5725,Prangins,1774,702,674,191
5726,La Rippe,535,164,164,44
5727,Saint-Cergue,935,313,302,88
5728,Signy-Avenex,242,105,99,12
5729,Tannay,659,253,241,61
5730,Trélex,654,309,300,90
5731,Le Vaud,576,227,218,55
5732,Vich,393,157,153,36
5741,L'Abergement,149,49,49,10
5742,Agiez,163,67,63,12
5743,Arnex-sur-Orbe,377,155,146,42
5744,Ballaigues,593,197,186,35
5745,Baulmes,600,254,242,76
5746,Bavois,473,158,151,28
5747,Bofflens,112,53,49,8
5748,Bretonnières,155,68,63,24
5749,Chavornay,1745,514,513,104
5750,Les Clées,111,61,56,13
5751,Corcelles-sur-Chavornay,210,94,91,40
5752,Croy,199,90,89,31
5754,Juriens,170,77,76,17
5755,Lignerolle,236,98,95,25
5756,Montcherand,263,102,101,18
5757,Orbe,2669,841,804,207
5758,La Praz,95,42,39,13
5759,Premier,152,95,91,19
5760,Rances,311,131,126,23
5761,Romainmôtier-Envy,275,106,104,37
5762,Sergey,73,43,43,7
5763,Valeyres-sous-Rances,326,98,95,18
5764,Vallorbe,1890,635,621,150
5765,Vaulion,311,118,110,28
5766,Vuiteboeuf,236,89,88,18
5781,Bussigny-sur-Oron,47,15,15,7
5782,Carrouge (VD),531,241,232,59
5783,Châtillens,257,88,84,38
5784,Chesalles-sur-Oron,124,48,43,8
5785,Corcelles-le-Jorat,294,126,119,40
5786,Les Cullayes,428,154,150,46
5787,Ecoteaux,249,96,93,41
5788,Essertes,176,75,74,17
5789,Ferlens (VD),188,102,97,31
5790,Maracon,218,102,100,52
5791,Mézières (VD),673,282,264,84
5792,Montpreveyres,239,113,105,29
5793,Oron-la-Ville,771,261,253,75
5794,Oron-le-Châtel,154,71,69,17
5795,Palézieux,645,235,229,93
5796,Peney-le-Jorat,199,109,99,31
5797,La Rogivue,51,19,17,6
5798,Ropraz,245,91,88,15
5799,Servion,624,260,259,59
5800,Les Tavernes,70,24,24,5
5801,Les Thioleyres,119,43,37,6
5802,Vuibroye,70,35,35,13
5803,Vulliens,294,133,122,30
5811,Cerniaz (VD),53,17,17,4
5812,Champtauroz,88,43,39,12
5813,Chevroux,263,81,77,14
5814,Combremont-le-Grand,217,94,92,10
5815,Combremont-le-Petit,248,123,120,18
5816,Corcelles-près-Payerne,1139,377,369,69
5817,Grandcour,561,193,187,39
5818,Granges-près-Marnand,670,261,249,56
5819,Henniez,188,65,59,10
5820,Marnand,95,42,42,9
5821,Missy,195,84,80,16
5822,Payerne,4365,1244,1211,248
5823,Rossens (VD),37,19,19,1
5824,Sassel,115,48,47,7
5825,Sédeilles,110,39,36,8
5826,Seigneux,193,67,61,14
5827,Trey,153,69,67,16
5828,Treytorrens (Payerne),92,50,48,6
5829,Villars-Bramard,79,37,36,0
5830,Villarzel,125,49,47,15
5841,Château-d'Oex,2030,760,760,124
5842,Rossinière,317,121,120,24
5843,Rougemont,622,160,159,37
5851,Allaman,242,113,107,26
5852,Bursinel,217,87,84,22
5853,Bursins,344,142,138,44
5854,Burtigny,211,70,67,15
5855,Dully,247,116,112,22
5856,Essertines-sur-Rolle,269,143,133,27
5857,Gilly,474,216,215,51
5858,Luins,206,60,57,10
5859,Mont-sur-Rolle,1022,409,388,99
5860,Perroy,710,304,292,81
5861,Rolle,2006,743,738,195
5862,Tartegnin,125,64,61,13
5863,Vinzel,174,78,72,16
5871,L'Abbaye,868,361,347,72
5872,Le Chenit,2743,1372,1369,406
5873,Le Lieu,558,286,276,79
5881,Blonay,3021,1188,1137,270
5882,Chardonne,1619,778,742,194
5883,Corseaux,1439,733,708,196
5884,Corsier-sur-Vevey,1837,641,612,228
5885,Jongny,852,414,398,113
5886,Montreux,11136,3580,3442,1093
5888,Saint-Légier-La Chiésaz,2527,1093,1056,270
5889,La Tour-de-Peilz,6419,2543,2436,678
5890,Vevey,7823,2917,2917,1013
5891,Veytaux,555,208,205,38
5901,Arrissoules,25,15,15,3
5902,Belmont-sur-Yverdon,171,76,69,15
5903,Bioley-Magnoux,127,64,62,9
5904,Chamblon,301,122,120,23
5905,Champvent,227,126,116,21
5906,Chanéaz,65,34,34,3
5907,Chavannes-le-Chêne,164,41,37,6
5908,Chêne-Pâquier,73,34,34,7
5909,Cheseaux-Noréaz,401,191,182,42
5910,Cronay,223,114,109,17
5911,Cuarny,126,45,43,8
5912,Démoret,87,41,38,11
5913,Donneloye,218,85,83,21
5914,Ependes (VD),208,68,68,8
5915,Essert-Pittet,89,27,26,6
5916,Essert-sous-Champvent,68,33,31,8
5917,Gossens,78,35,35,7
5918,Gressy,101,39,39,8
5919,Mathod,286,107,103,21
5920,Mézery-près-Donneloye,39,25,25,9
5921,Molondin,133,51,49,8
5922,Montagny-près-Yverdon,392,185,179,42
5923,Oppens,110,56,55,15
5924,Orges,145,60,60,17
5925,Orzens,135,73,71,20
5926,Pomy,370,161,156,30
5927,Prahins,86,46,44,14
5928,Rovray,70,36,35,5
5929,Suchy,232,99,99,13
5930,Suscévaz,121,58,55,13
5931,Treycovagnes,294,82,80,27
5932,Ursins,127,56,56,12
5933,Valeyres-sous-Montagny,371,128,122,36
5934,Valeyres-sous-Ursins,143,78,75,15
5935,Villars-Epeney,32,14,11,0
5936,Villars-sous-Champvent,37,23,21,0
5937,Vugelles-La Mothe,70,33,33,8
5938,Yverdon-les-Bains,12985,4795,4577,1491
5939,Yvonand,1456,608,586,150
6001,Birgisch,168,53,53,25
6002,Brig-Glis,8235,2333,2207,910
6004,Eggerberg,294,94,75,38
6006,Mund,471,103,95,37
6007,Naters,5680,1829,1829,647
6008,Ried-Brig,1279,408,407,173
6009,Simplon,274,100,98,46
6010,Termen,586,183,183,49
6011,Zwischbergen,122,63,56,16
6021,Ardon,1326,500,469,70
6022,Chamoson,1881,888,799,129
6023,Conthey,4447,1337,1184,268
6024,Nendaz,4015,1187,1064,251
6025,Vétroz,2391,923,843,128
6031,Bagnes,4182,1286,1192,227
6032,Bourg-Saint-Pierre,157,93,79,5
6033,Liddes,530,207,189,31
6034,Orsières,2013,817,750,158
6035,Sembrancher,611,280,252,29
6036,Vollèges,988,400,365,75
6051,Ausserbinn,33,13,12,8
6052,Bellwald,302,119,114,35
6054,Binn,142,43,41,12
6055,Blitzingen,76,18,15,8
6056,Ernen,293,102,96,44
6057,Fiesch,674,196,171,60
6058,Fieschertal,213,59,59,16
6059,Geschinen,64,17,15,5
6060,Gluringen,124,43,42,7
6061,Lax,246,99,90,38
6062,Mühlebach,61,28,28,10
6063,Münster (VS),362,117,113,51
6064,Niederwald,62,28,26,8
6065,Obergesteln,184,50,48,17
6066,Oberwald,200,80,74,21
6067,Reckingen (VS),285,92,82,29
6070,Steinhaus,27,15,15,9
6071,Ulrichen,177,63,50,19
6073,Grafschaft,160,63,63,34
6081,Les Agettes,209,115,107,12
6082,Ayent,2434,845,777,216
6083,Evolène,1182,458,421,50
6084,Hérémence,1088,488,453,134
6085,Mase,195,95,93,29
6086,Nax,321,125,114,41
6087,Saint-Martin (VS),762,302,273,55
6088,Vernamiège,141,56,51,21
6089,Vex,913,407,378,83
6101,Agarn,535,207,190,73
6102,Albinen,193,72,66,23
6103,Bratsch,394,109,99,36
6104,Ergisch,136,48,48,37
6105,Erschmatt,239,90,78,31
6107,Gampel,955,445,415,154
6109,Inden,73,36,34,20
6110,Leuk,2358,917,917,315
6111,Leukerbad,862,257,242,84
6112,Oberems,106,48,47,22
6113,Salgesch,1004,421,375,110
6114,Turtmann,700,229,210,77
6115,Unterems,129,46,41,10
6116,Varen,528,192,164,64
6117,Guttet-Feschel,350,106,102,35
6131,Bovernier,541,242,217,34
6132,Charrat,722,331,304,46
6133,Fully,3666,1398,1269,253
6134,Isérables,774,247,210,50
6135,Leytron,1594,576,521,66
6136,Martigny,8355,3136,2845,533
6137,Martigny-Combe,1272,534,532,84
6139,Riddes,1425,575,526,103
6140,Saillon,964,352,297,58
6141,Saxon,2114,819,749,110
6142,Trient,106,72,72,13
6151,Champéry,793,413,354,58
6152,Collombey-Muraz,3385,1535,1419,251
6153,Monthey,8029,3042,2800,554
6154,Port-Valais,1394,489,457,90
6155,Saint-Gingolph,502,241,232,44
6156,Troistorrents,2517,921,846,134
6157,Val-d'Illiez,1044,429,392,58
6158,Vionnaz,1130,506,468,87
6159,Vouvry,1717,707,654,115
6171,Betten,375,87,83,26
6172,Bister,27,6,6,4
6173,Bitsch,506,169,169,90
6174,Filet,111,53,51,27
6175,Goppisberg,65,33,29,18
6176,Greich,119,36,34,11
6177,Grengiols,361,85,64,33
6178,Martisberg,24,13,13,8
6179,Mörel,386,132,121,56
6180,Ried-Mörel,228,99,99,45
6191,Ausserberg,513,219,186,77
6192,Blatten,277,104,98,45
6193,Bürchen,535,117,101,42
6194,Eischoll,410,132,123,46
6195,Ferden,245,86,82,29
6196,Hohtenn,179,58,58,21
6197,Kippel,314,121,114,46
6198,Niedergesteln,448,157,142,62
6199,Raron,1252,604,559,243
6200,Steg,1018,398,371,157
6201,Unterbäch,335,105,105,38
6202,Wiler (Lötschen),409,149,144,42
6211,Collonges,370,175,159,21
6212,Dorénaz,422,187,186,17
6213,Evionnaz,665,326,320,72
6214,Finhaut,255,157,141,50
6215,Massongex,927,368,323,60
6216,Mex (VS),78,44,37,9
6217,Saint-Maurice,2258,1050,934,221
6218,Salvan,838,370,368,84
6219,Vernayaz,1032,442,411,80
6220,Vérossaz,346,151,139,26
6231,Ayer,474,204,189,67
6232,Chalais,1813,662,596,143
6233,Chandolin,74,52,50,16
6234,Chermignon,1703,715,641,120
6235,Chippis,841,299,269,89
6237,Grimentz,299,182,168,48
6238,Grône,1350,464,422,65
6239,Icogne,321,124,110,40
6240,Lens,2135,707,660,145
6241,Miège,660,193,184,47
6242,Mollens (VS),455,198,198,39
6243,Montana,1399,532,496,87
6244,Randogne,1347,496,456,91
6245,Saint-Jean,174,65,65,29
6246,Saint-Léonard,1356,526,477,98
6247,Saint-Luc,224,116,116,34
6248,Sierre,8764,3175,3175,830
6249,Venthône,712,319,289,95
6250,Veyras,1024,426,424,105
6251,Vissoie,312,178,168,44
6261,Arbaz,612,259,242,71
6263,Grimisuat,1634,664,617,130
6264,Salins,675,327,307,43
6265,Savièse,4070,1289,1093,204
6266,Sion,16574,5712,5262,1342
6267,Veysonnaz,359,125,112,29
6281,Baltschieder,753,224,211,79
6282,Eisten,191,72,72,28
6283,Embd,283,100,89,58
6285,Grächen,1027,227,194,92
6286,Lalden,482,162,154,63
6287,Randa,284,106,106,62
6288,Saas Almagell,292,124,123,65
6289,Saas Balen,305,112,112,25
6290,Saas Fee,928,289,259,107
6291,Saas Grund,828,221,186,54
6292,St. Niklaus,1795,509,480,229
6293,Stalden (VS),911,356,317,115
6294,Staldenried,433,146,133,62
6295,Täsch,508,124,118,56
6296,Törbel,398,87,83,30
6297,Visp,4465,1203,1153,498
6298,Visperterminen,1134,339,284,187
6299,Zeneggen,181,64,60,36
6300,Zermatt,2888,726,644,269
6401,Auvernier,1143,566,556,127
6402,Bevaix,2219,964,925,247
6403,Bôle,1218,564,564,125
6404,Boudry,3157,1160,1114,295
6405,Brot-Dessous,93,49,49,12
6406,Colombier (NE),3112,1343,1305,342
6407,Corcelles-Cormondrèche,2599,1181,1140,298
6408,Cortaillod,2738,1118,1095,277
6409,Fresens,148,80,78,29
6410,Gorgier,1206,513,500,121
6411,Montalchez,149,46,42,9
6412,Peseux,3298,1209,1152,298
6413,Rochefort,726,391,385,116
6414,Saint-Aubin-Sauges,1448,547,547,149
6415,Vaumarcus,143,66,66,16
6421,La Chaux-de-Fonds,22578,9182,9123,3100
6422,Les Planchettes,146,71,69,21
6423,La Sagne,707,285,283,95
6431,Les Brenets,839,342,330,54
6432,La Brévine,498,208,200,25
6433,Brot-Plamboz,197,83,81,13
6434,Le Cerneux-Péquignot,249,154,144,27
6435,La Chaux-du-Milieu,321,152,147,43
6436,Le Locle,6436,2726,2630,821
6437,Les Ponts-de-Martel,895,432,412,98
6451,Cornaux,922,395,378,72
6452,Cressier (NE),1004,448,437,81
6453,Enges,215,93,87,23
6454,Hauterive,1658,702,678,167
6455,Le Landeron,2820,1071,1028,244
6456,Lignières,613,258,244,54
6457,Marin-Epagnier,2145,885,885,217
6458,Neuchâtel,19006,7540,7326,2775
6459,Saint-Blaise,2057,1005,964,260
6460,Thielle-Wavre,340,186,181,59
6471,Boudevilliers,439,179,179,45
6472,Cernier,1305,544,529,178
6473,Chézard-Saint-Martin,1075,495,484,125
6474,Coffrane,423,190,185,48
6475,Dombresson,933,399,384,100
6476,Engollon,60,27,27,4
6477,Fenin-Vilars-Saules,539,279,279,89
6478,Fontainemelon,1024,367,354,95
6479,Fontaines (NE),582,255,245,62
6480,Les Geneveys-sur-Coffrane,768,359,345,121
6481,Les Hauts-Geneveys,615,260,256,61
6482,Montmollin,324,144,137,25
6483,Le Pâquier (NE),165,83,80,25
6484,Savagnier,618,291,278,66
6485,Valangin,277,134,130,46
6486,Villiers,271,138,133,51
6501,Les Bayards,279,112,112,37
6502,Boveresse,264,130,125,20
6503,Buttes,439,175,164,32
6504,La Côte-aux-Fées,406,165,165,35
6505,Couvet,1631,564,541,127
6506,Fleurier,2267,743,712,175
6507,Môtiers (NE),572,261,258,92
6508,Noiraigue,314,127,119,30
6509,Saint-Sulpice (NE),393,146,139,22
6510,Travers,836,326,312,83
6511,Les Verrières,551,235,227,49
6601,Aire-la-Ville,435,269,261,60
6602,Anières,1107,663,651,155
6603,Avully,1063,571,553,193
6604,Avusy,762,430,430,111
6605,Bardonnex,1232,716,692,251
6606,Bellevue,794,485,476,124
6607,Bernex,5370,2906,2834,970
6608,Carouge (GE),8673,4413,4277,1752
6609,Cartigny,466,308,305,93
6610,Céligny,351,207,203,64
6611,Chancy,536,281,273,87
6612,Chêne-Bougeries,5604,3161,3090,916
6613,Chêne-Bourg,3634,1767,1713,646
6614,Choulex,581,339,326,104
6615,Collex-Bossy,699,419,405,109
6616,Collonge-Bellerive,3498,2081,2052,450
6617,Cologny,2446,1510,1492,293
6618,Confignon,1964,1175,1133,368
6619,Corsier (GE),948,551,538,141
6620,Dardagny,691,358,354,101
6621,Genève,82291,39529,38502,15926
6622,Genthod,1138,657,656,172
6623,Le Grand-Saconnex,3724,1933,1880,568
6624,Gy,214,142,141,33
6625,Hermance,469,314,305,117
6626,Jussy,630,367,362,75
6627,Laconnex,348,244,238,55
6628,Lancy,13573,6761,6577,2175
6629,Meinier,1082,597,590,153
6630,Meyrin,8878,4223,4119,1271
6631,Onex,8509,4083,3990,1309
6632,Perly-Certoux,1598,859,841,250
6633,Plan-les-Ouates,3831,2142,2140,609
6634,Pregny-Chambésy,1388,770,751,201
6635,Presinge,349,185,176,58
6636,Puplinge,1296,694,680,231
6637,Russin,253,158,158,40
6638,Satigny,1546,870,846,256
6639,Soral,403,234,226,72
6640,Thônex,6250,3264,3186,928
6641,Troinex,1164,693,688,214
6642,Vandoeuvres,1259,775,757,176
6643,Vernier,12499,5758,5545,1902
6644,Versoix,4944,2262,2202,676
6645,Veyrier,5261,2911,2825,784
6701,Bassecourt,2136,675,648,151
6702,Boécourt,578,193,183,48
6703,Bourrignon,202,76,72,17
6704,Châtillon (JU),260,95,93,26
6705,Corban,352,112,107,20
6706,Courchapoix,303,121,116,37
6707,Courfaivre,1064,364,355,80
6708,Courrendlin,1609,587,572,109
6709,Courroux,1900,708,683,158
6710,Courtételle,1490,459,459,111
6711,Delémont,7151,2850,2759,1034
6712,Develier,879,311,303,52
6713,Ederswiler,94,37,36,8
6714,Glovelier,785,318,301,81
6715,Mervelier,413,158,147,34
6716,Mettembert,81,47,45,12
6717,Montsevelier,408,113,110,31
6718,Movelier,297,104,104,23
6719,Pleigne,304,116,109,19
6720,Rebeuvelier,242,84,82,27
6721,Rossemaison,388,140,135,27
6722,Saulcy,191,45,41,11
6723,Soulce,177,88,85,31
6724,Soyhières,305,94,92,16
6725,Undervelier,231,92,88,33
6726,Vermes,237,84,84,22
6727,Vicques,1143,493,461,135
6728,Vellerat,48,31,31,4
6741,Le Bémont (JU),260,95,95,27
6742,Les Bois,699,250,244,82
6743,Les Breuleux,970,433,418,109
6744,La Chaux-des-Breuleux,77,34,31,12
6745,Les Enfers,97,43,43,16
6746,Epauvillers,122,45,43,13
6747,Epiquerez,70,25,25,10
6748,Les Genevez (JU),395,135,130,34
6749,Goumois,84,28,27,4
6750,Lajoux (JU),474,170,163,68
6751,Montfaucon,392,124,122,29
6752,Montfavergier,32,10,10,3
6753,Muriaux,347,119,116,34
6754,Le Noirmont,1086,437,431,137
6755,Le Peuchapatte,41,25,25,6
6756,Les Pommerats,179,69,69,14
6757,Saignelégier,1436,516,492,141
6758,Saint-Brais,170,59,57,13
6759,Soubey,118,51,49,17
6771,Alle,1072,447,428,76
6772,Asuel,172,65,65,11
6773,Beurnevésin,128,41,41,9
6774,Boncourt,1081,418,401,59
6775,Bonfol,616,219,216,51
6776,Bressaucourt,263,130,127,37
6777,Buix,377,146,139,25
6778,Bure,528,239,231,30
6779,Charmoille,254,90,87,29
6780,Chevenez,518,193,187,43
6781,Coeuve,461,178,170,33
6782,Cornol,616,230,222,38
6783,Courchavon,206,87,83,9
6784,Courgenay,1502,536,517,94
6785,Courtedoux,569,230,220,43
6786,Courtemaîche,469,206,205,34
6787,Damphreux,128,41,41,8
6788,Damvant,112,62,60,7
6789,Fahy,302,111,111,19
6790,Fontenais,943,385,367,127
6791,Fregiécourt,109,42,40,15
6792,Grandfontaine,269,73,70,17
6793,Lugnez,162,52,52,7
6794,Miécourt,344,124,122,19
6795,Montenol,51,23,23,8
6796,Montignez,189,91,89,15
6797,Montmelon,85,32,31,6
6798,Ocourt,101,32,29,2
6799,Pleujouse,73,36,35,14
6800,Porrentruy,4586,1792,1740,485
6801,Réclère,146,62,60,10
6802,Roche-d'Or,33,17,17,1
6803,Rocourt,131,60,58,11
6804,Saint-Ursanne,536,149,142,28
6805,Seleute,58,21,21,3
6806,Vendlincourt,420,170,166,23
9030,LU-Auslandschweizer,2344,1133,1099,394
9120,BS-Auslandschweizer,3742,0,0,0
9161,AI-Korrespondenzweg,0,325,321,112
9250,GE-Auslandschweizer,7591,3547,3495,1491
