bfs_gmde_nummer_2005,bfs_gmde_name_2005,Stimmberechtigte,Abgegebene Stimmen,Gültige Stimmen,JA
1,Aeugst am Albis,1171,708,690,452
2,Affoltern am Albis,6115,3176,3120,1703
3,Bonstetten,3124,1915,1887,1138
4,Hausen am Albis,2277,1257,1238,733
5,Hedingen,2055,1230,1215,754
6,Kappel am Albis,620,354,351,173
7,Knonau,1045,607,602,341
8,Maschwanden,435,229,228,113
9,Mettmenstetten,2795,1664,1638,967
10,Obfelden,2911,1610,1573,895
11,Ottenbach,1652,951,941,603
12,Rifferswil,583,387,384,233
13,Stallikon,1998,1170,1164,705
14,Wettswil am Albis,3047,1831,1793,1118
21,Adlikon,446,285,285,130
22,Benken (ZH),539,329,329,122
23,Berg am Irchel,455,288,286,129
24,Buch am Irchel,573,332,332,153
25,Dachsen,1187,641,636,381
26,Dorf,436,274,269,106
27,Feuerthalen,2132,1148,1117,586
28,Flaach,810,493,489,201
29,Flurlingen,964,589,580,378
30,Andelfingen,1210,774,760,433
31,Henggart,1262,770,753,362
32,Humlikon,319,208,208,86
33,Kleinandelfingen,1371,841,817,426
34,Laufen-Uhwiesen,1101,670,657,380
35,Marthalen,1355,828,826,357
36,Oberstammheim,794,477,464,258
37,Ossingen,931,544,543,272
38,Rheinau,854,502,492,300
39,Thalheim an der Thur,518,302,298,122
40,Trüllikon,762,411,401,184
41,Truttikon,342,238,234,90
42,Unterstammheim,626,391,390,234
43,Volken,212,116,112,48
44,Waltalingen,479,308,300,152
51,Bachenbülach,2165,1079,1072,575
52,Bassersdorf,6003,3044,2971,1691
53,Bülach,9430,5049,4925,2450
54,Dietlikon,4432,2397,2381,1392
55,Eglisau,2324,1329,1304,686
56,Embrach,5124,2607,2551,1284
57,Freienstein-Teufen,1571,870,860,467
58,Glattfelden,2471,1353,1347,539
59,Hochfelden,1159,713,704,290
60,Höri,1331,667,653,244
61,Hüntwangen,643,382,381,197
62,Kloten,10633,5217,5175,2708
63,Lufingen,1040,618,615,297
64,Nürensdorf,3490,2104,2051,1127
65,Oberembrach,733,435,421,193
66,Opfikon,6601,3350,3314,1594
67,Rafz,2376,1409,1401,672
68,Rorbas,1412,697,683,341
69,Wallisellen,7955,4382,4321,2478
70,Wasterkingen,427,259,255,99
71,Wil (ZH),958,599,597,248
72,Winkel,2655,1578,1560,822
81,Bachs,426,242,235,107
82,Boppelsen,857,488,484,262
83,Buchs (ZH),3222,1715,1689,795
84,Dällikon,2083,1061,1058,476
85,Dänikon,1057,571,551,259
86,Dielsdorf,3097,1637,1623,842
87,Hüttikon,384,215,214,82
88,Neerach,1985,1097,1087,561
89,Niederglatt,2632,1400,1388,600
90,Niederhasli,4751,2738,2695,1257
91,Niederweningen,1642,969,955,492
92,Oberglatt,2894,1382,1354,585
93,Oberweningen,978,567,564,288
94,Otelfingen,1509,825,810,446
95,Regensberg,322,197,195,125
96,Regensdorf,8841,4459,4321,2092
97,Rümlang,3745,1938,1896,825
98,Schleinikon,480,283,282,125
99,Schöfflisdorf,805,483,475,237
100,Stadel,1320,707,703,279
101,Steinmaur,2053,1063,1045,534
102,Weiach,726,392,387,137
111,Bäretswil,3178,1781,1761,803
112,Bubikon,4113,2399,2368,1246
113,Dürnten,4095,2284,2241,1155
114,Fischenthal,1391,728,722,265
115,Gossau (ZH),6364,3575,3528,1864
116,Grüningen,1970,1147,1139,608
117,Hinwil,6782,3758,3710,1912
118,Rüti (ZH),7311,3739,3641,1888
119,Seegräben,811,511,507,316
120,Wald (ZH),5444,2772,2730,1340
121,Wetzikon (ZH),12281,6232,6162,3217
131,Adliswil,10037,5688,5526,3233
132,Hirzel,1404,809,805,447
133,Horgen,11134,6084,5932,3587
134,Hütten,651,416,413,155
135,Kilchberg (ZH),4981,2954,2910,1995
136,Langnau am Albis,4432,2492,2429,1480
137,Oberrieden,3504,2231,2211,1499
138,Richterswil,7542,4233,4179,2476
139,Rüschlikon,3448,2048,2037,1385
140,Schönenberg (ZH),1448,933,923,451
141,Thalwil,11003,6532,6388,4177
142,Wädenswil,12846,7414,7280,4225
151,Erlenbach (ZH),3441,2122,2055,1429
152,Herrliberg,4034,2603,2575,1689
153,Hombrechtikon,5137,2915,2854,1449
154,Küsnacht (ZH),9145,5849,5756,3934
155,Männedorf,6534,4088,4010,2493
156,Meilen,8314,5138,4985,3267
157,Oetwil am See,2449,1263,1249,594
158,Stäfa,8905,5502,5376,3330
159,Uetikon am See,3703,2201,2186,1351
160,Zumikon,3433,2249,2191,1607
161,Zollikon,8577,5411,5251,3685
171,Bauma,2757,1482,1474,599
172,Fehraltorf,3293,1859,1844,1053
173,Hittnau,2238,1292,1283,688
174,Illnau-Effretikon,10016,5548,5468,3053
175,Kyburg,272,167,166,91
176,Lindau,2921,1771,1752,950
177,Pfäffikon,6719,3669,3625,2043
178,Russikon,2838,1645,1616,868
179,Sternenberg,276,151,151,66
180,Weisslingen,2226,1294,1289,704
181,Wila,1313,736,722,296
182,Wildberg,671,406,402,190
191,Dübendorf,14142,7245,7214,3916
192,Egg,5177,3047,2995,1793
193,Fällanden,4799,2631,2582,1640
194,Greifensee,3490,2005,1994,1344
195,Maur,6250,3900,3817,2390
196,Mönchaltorf,2369,1386,1357,789
197,Schwerzenbach,2688,1465,1443,864
198,Uster,19465,10458,10235,6218
199,Volketswil,9420,4870,4771,2439
200,Wangen-Brüttisellen,3981,2007,1999,1069
211,Altikon,480,294,286,137
212,Bertschikon,724,406,398,168
213,Brütten,1390,902,880,542
214,Dägerlen,650,396,391,197
215,Dättlikon,420,274,271,181
216,Dinhard,1037,625,621,333
217,Elgg,2539,1453,1418,815
218,Ellikon an der Thur,570,326,324,157
219,Elsau,2201,1291,1273,757
220,Hagenbuch,769,467,455,174
221,Hettlingen,1986,1279,1242,769
222,Hofstetten (ZH),303,194,193,77
223,Neftenbach,3190,1834,1790,1037
224,Pfungen,1666,880,868,445
225,Rickenbach (ZH),1776,1021,1012,555
226,Schlatt (ZH),459,278,273,126
227,Seuzach,4795,2926,2865,1718
228,Turbenthal,2718,1412,1389,653
229,Wiesendangen,3204,2011,1997,1210
230,Winterthur,60560,33978,32766,21025
231,Zell (ZH),3198,1720,1675,830
241,Aesch (ZH),732,487,480,276
242,Birmensdorf (ZH),3785,2154,2125,1214
243,Dietikon,11326,5715,5544,2804
244,Geroldswil,3081,1607,1586,838
245,Oberengstringen,3986,2184,2087,1233
246,Oetwil an der Limmat,1614,929,907,517
247,Schlieren,6665,3210,3133,1567
248,Uitikon,2793,1807,1772,1178
249,Unterengstringen,1974,1198,1165,619
250,Urdorf,6147,3445,3377,1889
251,Weiningen (ZH),2492,1398,1375,729
261,Zürich,218492,117152,114063,76269
301,Aarberg,2791,1336,1333,887
302,Bargen (BE),691,312,312,170
303,Grossaffoltern,2167,1028,1022,618
304,Kallnach,1146,546,537,259
305,Kappelen,836,377,377,204
306,Lyss,7431,3402,3389,2153
307,Meikirch,1848,998,963,681
308,Niederried bei Kallnach,227,87,87,45
309,Radelfingen,944,443,439,240
310,Rapperswil (BE),1616,721,718,420
311,Schüpfen,2506,1122,1113,713
312,Seedorf (BE),2311,1019,1016,558
321,Aarwangen,2830,1387,1378,741
322,Auswil,394,146,145,56
323,Bannwil,512,236,233,112
324,Bleienbach,551,277,272,106
325,Busswil bei Melchnau,160,71,71,26
326,Gondiswil,616,264,261,95
328,Kleindietwil,395,175,175,80
329,Langenthal,9483,4690,4641,2974
330,Leimiswil,363,150,148,44
331,Lotzwil (Gde 327),1756,836,832,414
332,Madiswil,1552,752,746,326
333,Melchnau,1060,482,478,204
334,Obersteckholz,320,159,158,48
335,Oeschenbach,227,65,64,23
336,Reisiswil,166,73,73,15
337,Roggwil (BE),2626,1235,1229,665
338,Rohrbach,1166,498,496,200
339,Rohrbachgraben,325,159,158,38
340,Rütschelen,422,217,216,112
341,Schwarzhäusern,362,176,176,84
342,Thunstetten,2081,1007,998,470
343,Untersteckholz,129,73,72,17
344,Ursenbach,708,287,287,106
345,Wynau,1071,498,494,240
351,Bern,85347,42413,42132,31311
352,Bolligen,4852,2827,2814,2086
353,Bremgarten bei Bern,2904,1750,1743,1309
354,Kirchlindach,2040,1215,1207,890
355,Köniz,26787,13983,13891,9705
356,Muri bei Bern,9587,5582,5552,4191
357,Oberbalm,706,342,340,141
358,Stettlen,2137,1106,1100,761
359,Vechigen,3557,1961,1953,1276
360,Wohlen bei Bern,6927,3680,3662,2712
361,Zollikofen,6706,3428,3407,2295
362,Ittigen,7554,3762,3746,2577
363,Ostermundigen,9910,4328,4303,2722
371,Biel/Bienne,30616,13248,13167,8719
372,Evilard,1747,1069,1063,855
381,Arch,1186,513,510,201
382,Büetigen,562,291,290,149
383,Büren an der Aare (Gde 389),2325,1039,1036,583
384,Busswil bei Büren,1376,616,614,379
385,Diessbach bei Büren,653,306,305,161
386,Dotzigen,988,414,411,253
387,Lengnau (BE),3180,1357,1349,742
388,Leuzigen,920,431,430,203
390,Meinisberg,886,449,446,243
391,Oberwil bei Büren,612,298,296,147
392,Pieterlen,2195,903,895,483
393,Rüti bei Büren,663,263,257,134
394,Wengi,439,197,197,109
401,Aefligen,785,336,332,169
402,Alchenstorf,424,169,169,81
403,Bäriswil,782,397,395,211
404,Burgdorf,10364,4921,4888,3372
405,Ersigen,1167,554,553,326
406,Hasle bei Burgdorf,2296,878,874,431
407,Heimiswil,1236,498,488,214
409,Hindelbank,1478,661,659,391
410,Höchstetten (Gde 408),345,108,108,42
411,Kernenried,370,156,155,94
412,Kirchberg (BE),3884,1994,1980,1254
413,Koppigen,1468,705,704,413
414,Krauchthal,1740,770,719,392
415,Lyssach,1045,487,484,267
416,Mötschwil (Gde 422),217,92,92,55
417,Niederösch (Gde 419),258,131,131,81
418,Oberburg,1886,807,801,414
420,Rüdtligen-Alchenflüh,1377,599,594,315
421,Rumendingen,72,41,41,15
423,Willadingen,150,69,69,34
424,Wynigen,1593,690,689,304
431,Corgémont,1113,589,582,284
432,Cormoret,380,167,167,109
433,Cortébert,485,214,212,97
434,Courtelary,844,448,446,242
435,La Ferrière,368,138,138,70
436,La Heutte,350,175,174,87
437,Mont-Tramelan,112,52,50,21
438,Orvin,877,434,429,234
439,Péry,953,511,510,271
440,Plagne,295,166,165,72
441,Renan (BE),588,242,241,130
442,Romont (BE),150,88,88,37
443,Saint-Imier,3001,1334,1321,741
444,Sonceboz-Sombeval,1119,532,528,284
445,Sonvilier,802,315,312,164
446,Tramelan,3140,1568,1557,893
447,Vauffelin,283,145,145,78
448,Villeret,667,319,312,166
491,Brüttelen,448,211,211,97
492,Erlach,793,361,359,250
493,Finsterhennen,312,123,123,70
494,Gals,522,212,210,127
495,Gampelen,540,251,249,143
496,Ins,2071,977,973,611
497,Lüscherz,414,166,165,68
498,Müntschemier,761,439,438,210
499,Siselen,461,198,197,103
500,Treiten,315,148,148,74
501,Tschugg,298,146,143,100
502,Vinelz,594,291,291,178
531,Ballmoos,37,22,20,11
532,Bangerten,131,75,74,37
533,Bätterkinden,2067,922,901,564
534,Büren zum Hof,339,182,180,107
536,Diemerswil,145,82,82,54
537,Etzelkofen,272,131,128,62
538,Fraubrunnen,1257,642,636,434
539,Grafenried,707,379,376,222
540,Jegenstorf,3188,1705,1699,1148
541,Iffwil,305,157,153,95
542,Limpach,248,110,110,54
543,Mattstetten,458,241,238,146
544,Moosseedorf,2412,1103,1096,700
545,Mülchi,177,92,91,31
546,Münchenbuchsee,6667,3305,3279,2144
547,Münchringen,437,267,265,179
548,Ruppoldsried,180,58,57,37
549,Schalunen,275,125,125,73
550,Scheunen,57,35,35,7
551,Urtenen-Schönbühl,3810,1620,1614,986
552,Utzenstorf,2849,1281,1275,742
553,Wiggiswil (Gde 535),139,78,77,40
554,Wiler bei Utzenstorf,622,265,264,149
555,Zauggenried,255,119,118,64
556,Zielebach,260,118,118,47
557,Zuzwil (BE),381,236,234,140
561,Adelboden,2689,1271,1270,477
562,Aeschi bei Spiez,1458,673,667,357
563,Frutigen,4976,2111,2107,720
564,Kandergrund,646,232,232,53
565,Kandersteg,845,364,362,205
566,Krattigen,751,368,365,191
567,Reichenbach im Kandertal,2578,1006,997,357
571,Beatenberg,895,378,375,152
572,Bönigen,1717,724,717,397
573,Brienz (BE),2178,832,824,403
574,Brienzwiler,404,189,188,54
575,Därligen,317,126,126,60
576,Grindelwald,2737,1060,1045,404
577,Gsteigwiler,321,131,131,61
578,Gündlischwand,211,87,86,34
579,Habkern,484,145,144,28
580,Hofstetten bei Brienz,420,162,162,57
581,Interlaken,3494,1621,1609,936
582,Iseltwald,323,123,121,59
584,Lauterbrunnen,1821,695,694,364
585,Leissigen,708,287,287,156
586,Lütschental,178,63,63,12
587,Matten bei Interlaken,2491,1006,986,552
588,Niederried bei Interlaken,250,97,97,37
589,Oberried am Brienzersee,382,154,153,49
590,Ringgenberg (BE),1911,728,727,373
591,Saxeten,96,42,42,5
592,Schwanden bei Brienz,480,194,194,103
593,Unterseen,3821,1737,1727,1038
594,Wilderswil,1781,674,668,318
601,Aeschlen,240,86,85,28
602,Arni (BE),776,288,286,116
603,Biglen,1336,534,532,326
604,Bleiken bei Oberdiessbach,279,117,116,38
605,Bowil,1074,396,395,168
606,Brenzikofen,403,173,172,78
607,Freimettigen,282,134,131,73
608,Grosshöchstetten,2274,1109,1082,667
609,Häutligen,199,101,100,38
610,Herbligen,411,179,179,70
611,Kiesen,560,288,285,189
612,Konolfingen,3579,1709,1701,944
613,Landiswil,522,178,177,63
614,Linden,990,391,386,136
615,Mirchel,422,141,140,65
616,Münsingen,7851,3899,3876,2666
617,Niederhünigen,454,210,209,115
619,Oberdiessbach,1999,1085,1079,600
620,Oberthal,604,191,189,89
622,Oppligen,457,214,211,117
623,Rubigen,1970,940,935,617
624,Schlosswil,538,252,248,142
625,Tägertschi,261,128,127,59
626,Walkringen,1466,623,618,296
627,Worb,8122,3912,3888,2574
628,Zäziwil,1206,471,463,267
629,Oberhünigen,249,111,109,44
630,Allmendingen,394,208,208,124
631,Trimstein,365,194,194,103
632,Wichtrach,2951,1315,1302,757
662,Ferenbalm,1041,552,550,273
663,Frauenkappelen,952,487,485,302
664,Golaten,222,99,99,39
665,Gurbrü,191,95,94,64
666,Kriechenwil,348,160,159,87
667,Laupen,1978,1019,1011,693
668,Mühleberg,2192,1101,1097,639
669,Münchenwiler (Gde 661),367,162,162,97
670,Neuenegg,3464,1566,1548,930
671,Wileroltigen,279,113,113,51
681,Belprahon,246,137,135,70
682,Bévilard,1113,612,608,315
683,Champoz,112,66,66,18
684,Châtelat,96,55,55,23
687,Corcelles (BE),172,93,92,38
690,Court,1010,548,542,222
691,Crémines,415,221,219,118
692,Eschert,245,125,123,60
694,Grandval,274,135,133,62
696,Loveresse,233,123,123,54
697,Malleray,1258,619,607,324
699,Monible,31,24,24,18
700,Moutier,4924,2648,2606,1552
701,Perrefitte,353,202,199,92
702,Pontenet,146,79,78,51
703,Reconvilier,1517,771,764,359
704,Roches (BE),171,91,90,34
706,Saicourt,436,209,209,102
707,Saules (BE),132,75,75,20
708,Schelten,52,23,23,14
709,Seehof,55,22,22,9
710,Sornetan,84,58,56,32
711,Sorvilier,205,110,109,61
712,Souboz,92,53,53,24
713,Tavannes,2153,1037,1023,497
715,Rebévelier,33,19,19,8
721,Diesse,322,154,153,103
722,Lamboing,482,232,229,128
723,La Neuveville,2345,1276,1260,954
724,Nods,505,239,238,143
725,Prêles,623,316,312,207
731,Aegerten,1270,663,659,372
732,Bellmund,971,504,498,342
733,Brügg,2820,1147,1138,644
734,Bühl,324,137,135,67
735,Epsach,254,92,92,51
736,Hagneck,316,174,173,89
737,Hermrigen,226,105,104,42
738,Jens,507,256,255,158
739,Ipsach,2728,1333,1329,894
740,Ligerz,420,234,231,179
741,Merzligen,322,169,166,111
742,Mörigen,657,375,373,238
743,Nidau,4709,2041,2018,1354
744,Orpund,1852,795,778,463
745,Port,2321,1180,1174,762
746,Safnern,1373,676,674,370
747,Scheuren,323,136,133,71
748,Schwadernau,474,201,200,105
749,Studen,1815,827,824,463
750,Sutz-Lattrigen,908,428,426,273
751,Täuffelen,1950,852,845,524
752,Tüscherz-Alfermée,244,145,143,98
753,Twann,649,360,360,253
754,Walperswil,681,294,294,157
755,Worben,1608,726,721,436
761,Därstetten,667,211,209,58
762,Diemtigen,1643,517,516,176
763,Erlenbach im Simmental,1270,480,479,197
764,Niederstocken,216,72,72,34
765,Oberstocken,202,91,90,34
766,Oberwil im Simmental,666,271,267,66
767,Reutigen,696,333,332,160
768,Spiez,9517,4575,4551,2792
769,Wimmis,1678,702,700,283
781,Gadmen,231,76,76,31
782,Guttannen,246,73,73,34
783,Hasliberg,853,340,339,136
784,Innertkirchen,747,341,338,106
785,Meiringen,3186,1276,1273,618
786,Schattenhalb,423,157,156,61
791,Boltigen,1089,396,394,148
792,Lenk,1766,704,701,318
793,St. Stephan,1002,462,461,117
794,Zweisimmen,2308,990,980,429
841,Gsteig,698,283,281,104
842,Lauenen,615,295,295,94
843,Saanen,4277,1861,1856,890
851,Albligen,374,148,147,72
852,Guggisberg,1301,480,479,172
853,Rüschegg,1339,474,472,187
854,Wahlern,4742,2065,2056,1155
861,Belp,7069,3312,3284,1966
862,Belpberg,322,158,158,68
863,Burgistein,798,319,318,137
865,Gelterfingen,211,101,101,31
866,Gerzensee,755,372,356,191
867,Gurzelen,584,220,218,110
869,Kaufdorf,665,343,342,219
870,Kehrsatz,2501,1345,1335,923
872,Kirchdorf (BE) (Gde 868),822,435,433,241
873,Kirchenthurnen,231,106,105,44
874,Lohnstorf,147,78,78,45
875,Mühledorf (BE),178,116,116,66
876,Mühlethurnen,1010,497,495,320
878,Noflen,184,81,80,30
879,Riggisberg,1441,609,608,317
880,Rüeggisberg,1508,553,549,229
881,Rümligen,356,178,176,91
882,Rüti bei Riggisberg,316,98,97,29
883,Seftigen,1570,727,709,368
884,Toffen,1752,798,790,473
885,Uttigen (Gde 871),1357,679,673,365
886,Wattenwil,2052,882,875,378
888,Wald (BE) (Gde 877),1272,559,554,288
901,Eggiwil,1912,611,609,207
902,Langnau im Emmental,6699,2772,2753,1692
903,Lauperswil,2075,671,670,285
904,Röthenbach im Emmental,982,331,324,81
905,Rüderswil,1803,648,643,294
906,Schangnau,778,229,228,64
907,Signau,2051,844,830,367
908,Trub,1224,339,337,129
909,Trubschachen,1127,469,469,263
921,Amsoldingen,611,306,304,143
922,Blumenstein,924,407,405,169
923,Buchholterberg,1130,449,447,172
924,Eriz,402,185,184,33
925,Fahrni,559,236,229,91
926,Forst (Gde 933),532,237,236,93
927,Heiligenschwendi,501,275,274,137
928,Heimberg,4133,1731,1723,911
929,Hilterfingen,3053,1640,1633,1070
930,Höfen,319,144,143,49
931,Homberg,362,175,173,44
932,Horrenbach-Buchen,188,80,79,18
934,Oberhofen am Thunersee,1828,1006,995,651
935,Oberlangenegg,398,181,181,49
936,Pohlern,197,77,77,25
937,Schwendibach,195,104,103,43
938,Sigriswil,3554,1824,1815,660
939,Steffisburg,11300,5323,5285,3056
940,Teuffenthal (BE),146,74,74,18
941,Thierachern,1601,687,682,355
942,Thun,30720,13193,13094,8151
943,Uebeschi,505,218,218,86
944,Uetendorf,4507,2031,2020,982
945,Unterlangenegg,698,281,279,102
946,Wachseldorn,193,77,77,16
947,Zwieselberg,204,65,64,30
951,Affoltern im Emmental,944,382,380,168
952,Dürrenroth,829,286,285,99
953,Eriswil,1111,374,374,156
954,Huttwil,3466,1545,1536,773
955,Lützelflüh,3088,1228,1224,583
956,Rüegsau,2385,1047,1043,504
957,Sumiswald,3854,1330,1322,700
958,Trachselwald,809,302,289,130
959,Walterswil (BE),441,199,198,63
960,Wyssachen,956,386,386,111
971,Attiswil,1040,487,487,216
972,Berken,41,30,29,12
973,Bettenhausen,404,209,209,91
974,Bollodingen,179,99,99,39
975,Farnern,177,87,85,39
976,Graben,231,114,114,53
977,Heimenhausen,311,157,156,54
978,Hermiswil,78,41,41,21
979,Herzogenbuchsee,3778,1885,1872,1184
980,Inkwil,505,249,248,122
981,Niederbipp,2533,1160,1141,517
982,Niederönz,1066,513,512,282
983,Oberbipp,1060,512,510,257
984,Oberönz,646,313,311,176
985,Ochlenberg,476,235,234,101
986,Röthenbach bei Herz'buchsee,271,142,141,59
987,Rumisberg,377,212,210,77
988,Seeberg,1108,560,557,296
989,Thörigen,786,388,387,167
990,Walliswil bei Niederbipp,183,86,85,41
991,Walliswil bei Wangen,449,173,173,81
992,Wangen an der Aare,1389,657,654,314
993,Wangenried,303,161,160,55
994,Wanzwil,171,64,64,32
995,Wiedlisbach,1591,710,710,357
996,Wolfisberg,154,74,73,34
1001,Doppleschwand,497,284,284,93
1002,Entlebuch,2410,1336,1319,383
1003,Escholzmatt,2279,1218,1200,328
1004,Flühli,1158,648,639,226
1005,Hasle (LU),1238,775,765,219
1006,Marbach (LU),937,494,492,195
1007,Romoos,540,305,298,77
1008,Schüpfheim,2656,1519,1492,646
1009,Werthenstein,1366,808,801,236
1021,Aesch (LU),662,390,381,147
1022,Altwis,230,156,156,51
1023,Ballwil,1702,1025,1006,432
1024,Emmen,15645,8079,8011,3828
1025,Ermensee,565,321,314,139
1026,Eschenbach (LU),2262,1438,1414,703
1027,Gelfingen,517,329,327,179
1028,Hämikon,318,206,198,65
1030,Hitzkirch,1397,858,842,430
1031,Hochdorf,5020,2925,2885,1529
1032,Hohenrain,1452,842,824,360
1033,Inwil,1426,951,931,373
1034,Lieli,154,99,98,34
1035,Mosen,182,126,125,46
1036,Müswangen,299,177,176,59
1037,Rain,1430,858,851,399
1038,Retschwil,120,83,82,23
1039,Römerswil,1079,659,657,275
1040,Rothenburg,4860,2854,2810,1586
1041,Schongau,558,323,320,93
1042,Sulz (LU),139,90,90,31
1051,Adligenswil,3746,2344,2317,1508
1052,Buchrain,3246,2198,2140,1168
1053,Dierikon,852,531,523,209
1054,Ebikon,7322,4675,4601,2456
1055,Gisikon,614,350,341,167
1056,Greppen,587,352,346,172
1057,Honau,216,130,128,49
1058,Horw,8566,5268,5185,2970
1059,Kriens,17441,10208,10110,5369
1060,Littau,8481,4209,4170,1874
1061,Luzern,40992,23386,23102,15186
1062,Malters,4209,2611,2587,1169
1063,Meggen,4609,2956,2918,1883
1064,Meierskappel,744,385,383,145
1065,Root,2310,1452,1429,602
1066,Schwarzenberg,1108,714,707,233
1067,Udligenswil,1461,956,939,499
1068,Vitznau,760,463,457,191
1069,Weggis,2582,1629,1600,791
1081,Beromünster,1671,992,976,440
1082,Büron,1164,644,634,256
1083,Buttisholz,1881,1162,1147,519
1084,Eich,1071,642,630,323
1085,Geuensee,1251,723,720,319
1086,Grosswangen,1944,1171,1162,510
1087,Gunzwil,1323,772,759,349
1088,Hildisrieden,1331,847,828,437
1089,Knutwil,1187,614,607,280
1091,Mauensee,766,414,410,221
1092,Neudorf,722,450,443,193
1093,Neuenkirch,3894,2166,2125,1027
1094,Nottwil,1948,1062,1044,498
1095,Oberkirch,2005,1167,1140,576
1096,Pfeffikon,476,305,305,118
1097,Rickenbach (LU),1326,816,809,304
1098,Ruswil,4586,2620,2548,1101
1099,Schenkon,1811,1091,1067,524
1100,Schlierbach,418,262,256,104
1102,Sempach,2633,1628,1598,1047
1103,Sursee,5453,3172,3113,1785
1104,Triengen,2009,1129,1122,528
1106,Winikon,490,280,276,109
1107,Wolhusen,2695,1646,1619,703
1121,Alberswil,357,211,206,79
1122,Altbüron,625,350,343,149
1123,Altishofen,852,438,435,206
1124,Buchs (LU),283,201,197,61
1125,Dagmersellen,2209,1313,1284,618
1126,Ebersecken,275,154,151,37
1127,Egolzwil,873,459,455,200
1128,Ettiswil,1286,810,798,368
1129,Fischbach,469,261,261,50
1130,Gettnau,648,378,372,104
1131,Grossdietwil,539,290,289,122
1132,Hergiswil bei Willisau,1301,763,745,217
1133,Kottwil,279,184,182,64
1134,Langnau bei Reiden,866,508,505,196
1135,Luthern,1042,536,523,159
1136,Menznau,1877,1084,1061,350
1137,Nebikon,1354,781,761,338
1138,Ohmstal,238,142,141,57
1139,Pfaffnau,1503,860,845,332
1140,Reiden,2405,1530,1506,713
1141,Richenthal,464,301,299,116
1142,Roggliswil,456,265,263,83
1143,Schötz,2107,1151,1132,533
1144,Uffikon,497,314,313,128
1145,Ufhusen,601,322,316,90
1146,Wauwil,893,508,506,220
1147,Wikon,944,539,536,213
1148,Willisau Land,2970,1881,1855,815
1149,Willisau Stadt,2231,1382,1372,797
1150,Zell (LU),1328,712,701,268
1201,Altdorf (UR),6112,2876,2820,1667
1202,Andermatt,950,518,514,233
1203,Attinghausen,1120,486,476,179
1204,Bauen,155,73,72,33
1205,Bürglen (UR),2921,1360,1341,489
1206,Erstfeld,2766,1429,1399,606
1207,Flüelen,1338,601,590,265
1208,Göschenen,364,168,167,58
1209,Gurtnellen,501,207,201,59
1210,Hospental,188,114,113,42
1211,Isenthal,386,168,168,73
1212,Realp,134,70,70,51
1213,Schattdorf,3612,1812,1777,733
1214,Seedorf (UR),1195,539,528,228
1215,Seelisberg,468,227,225,76
1216,Silenen,1591,584,579,172
1217,Sisikon,280,160,160,56
1218,Spiringen,679,261,257,46
1219,Unterschächen,534,224,218,67
1220,Wassen,371,161,159,60
1301,Einsiedeln,9149,5276,5155,2055
1311,Gersau,1371,805,803,317
1321,Feusisberg,2887,1710,1683,746
1322,Freienbach,9537,5319,5232,2626
1323,Wollerau,4569,2717,2635,1443
1331,Küssnacht (SZ),7948,4624,4533,2369
1341,Altendorf,3606,2076,2027,862
1342,Galgenen,2790,1570,1542,564
1343,Innerthal,130,94,92,20
1344,Lachen,4286,2377,2327,1163
1345,Reichenburg,1808,973,948,300
1346,Schübelbach,4484,2236,2172,659
1347,Tuggen,1796,905,878,289
1348,Vorderthal,722,380,374,55
1349,Wangen (SZ),3150,1769,1728,570
1361,Alpthal,363,225,221,33
1362,Arth,6226,3515,3433,1375
1363,Illgau,553,342,341,66
1364,Ingenbohl,5386,3123,3049,1475
1365,Lauerz,674,410,405,124
1366,Morschach,601,342,331,131
1367,Muotathal,2586,1602,1567,319
1368,Oberiberg,627,387,373,110
1369,Riemenstalden,53,30,30,5
1370,Rothenthurm,1327,818,802,171
1371,Sattel,1099,715,691,153
1372,Schwyz,9730,5761,5621,2380
1373,Steinen,2065,1186,1161,425
1374,Steinerberg,592,360,351,80
1375,Unteriberg,1607,1058,1038,140
1401,Alpnach,3474,1894,1817,759
1402,Engelberg,2302,1218,1147,603
1403,Giswil,2411,1177,1139,436
1404,Kerns,3821,1906,1844,734
1405,Lungern,1459,863,828,345
1406,Sachseln,3041,1589,1546,765
1407,Sarnen,6753,3796,3674,1838
1501,Beckenried,2267,1230,1213,496
1502,Buochs,3712,2001,1972,937
1503,Dallenwil,1225,749,729,228
1504,Emmetten,851,445,431,152
1505,Ennetbürgen,3143,1783,1763,831
1506,Ennetmoos,1417,775,757,300
1507,Hergiswil (NW),4022,2239,2203,1117
1508,Oberdorf (NW),2139,1227,1211,471
1509,Stans,5394,3106,3009,1633
1510,Stansstad,3363,1866,1822,932
1511,Wolfenschiessen,1393,752,740,221
1601,Betschwanden,140,100,100,32
1602,Bilten,1073,476,476,131
1603,Braunwald,242,107,107,74
1605,Elm,532,246,245,77
1606,Engi,548,307,305,124
1607,Ennenda,1844,966,963,457
1608,Filzbach,373,197,197,65
1609,Glarus,3772,1802,1797,989
1610,Haslen,425,237,236,90
1612,Leuggelbach,135,80,79,23
1613,Linthal,796,415,412,119
1614,Luchsingen,748,375,375,143
1615,Matt,282,144,144,53
1616,Mitlödi,647,335,334,149
1617,Mollis,2147,1009,1003,460
1618,Mühlehorn,325,174,173,61
1619,Näfels,2522,1330,1327,573
1620,Netstal,1724,899,898,367
1621,Nidfurn,193,110,109,43
1622,Niederurnen,2289,1058,1055,423
1623,Oberurnen,1109,563,562,218
1624,Obstalden,352,192,190,76
1625,Riedern,469,241,241,121
1626,Rüti (GL),245,132,132,48
1627,Schwanden (GL),1577,841,840,344
1628,Schwändi,330,181,181,89
1629,Sool,238,141,141,72
1701,Baar,12805,7603,7566,4008
1702,Cham,9003,5222,5202,2890
1703,Hünenberg,5611,3372,3359,2127
1704,Menzingen,2903,1807,1800,831
1705,Neuheim,1259,803,802,377
1706,Oberägeri,3373,1935,1926,838
1707,Risch,5318,3110,3101,1566
1708,Steinhausen,5704,3378,3370,1976
1709,Unterägeri,5017,2890,2874,1279
1710,Walchwil,2034,1350,1348,641
1711,Zug,15941,9980,9942,6350
2002,Autavaux,150,90,89,34
2003,Bollion,106,72,72,26
2004,Bussy (FR),219,116,115,65
2005,Châbles,368,239,238,159
2008,Châtillon (FR),216,125,124,73
2009,Cheiry,251,135,133,58
2010,Cheyres,660,382,381,219
2011,Cugy (FR),860,510,510,295
2013,Domdidier,1510,807,794,455
2014,Dompierre (FR),459,220,217,111
2015,Estavayer-le-Lac,2689,1488,1470,805
2016,Fétigny,485,227,221,122
2017,Font,223,145,143,87
2018,Forel (FR),264,183,180,95
2022,Gletterens,478,277,274,143
2024,Léchelles,400,249,247,142
2025,Lully (FR),249,170,168,101
2027,Ménières,217,120,120,61
2029,Montagny (FR),1413,736,731,354
2031,Montbrelloz,225,156,155,78
2033,Morens (FR),100,61,61,19
2034,Murist,340,184,181,102
2035,Nuvilly,245,107,107,58
2038,Prévondavaux,45,27,27,10
2039,Rueyres-les-Prés,194,123,123,58
2040,Russy,172,96,95,43
2041,Saint-Aubin (FR),869,530,522,281
2042,Seiry,146,80,78,39
2043,Sévaz,133,80,78,41
2044,Surpierre,220,103,102,51
2045,Vallon,196,120,119,69
2047,Villeneuve (FR),194,102,100,55
2049,Vuissens,127,76,75,40
2050,Les Montets,776,382,378,197
2051,Delley-Portalban,594,333,330,159
2061,Auboranges,173,107,107,57
2063,Billens-Hennens,412,219,218,111
2066,Chapelle (Glâne),153,93,91,49
2067,Le Châtelard,253,132,132,34
2068,Châtonnaye,401,202,200,131
2072,Ecublens (FR),192,106,105,56
2074,Esmonts,120,75,75,31
2079,Grangettes,112,52,51,27
2086,Massonnens,317,187,185,90
2087,Mézières (FR),632,375,369,147
2089,Montet (Glâne),184,75,75,29
2096,Romont (FR),2406,1302,1287,699
2097,Rue,794,401,395,197
2099,Siviriez,1331,671,660,336
2102,Ursy,1059,522,515,268
2111,Villaz-Saint-Pierre,662,349,344,174
2112,Vuarmarens,270,156,154,60
2113,Vuisternens-devant-Romont,1361,641,627,292
2114,Villorsonnens,813,463,456,201
2115,Torny,539,277,274,149
2116,La Folliaz,648,336,331,194
2121,Haut-Intyamon,1042,539,530,272
2122,Pont-en-Ogoz,1069,519,516,248
2123,Botterens,243,166,166,56
2124,Broc,1405,763,753,402
2125,Bulle,7200,3936,3844,2311
2126,Cerniat (FR),290,177,171,84
2127,Charmey,1185,696,692,342
2128,Châtel-sur-Montsalvens,178,105,100,50
2129,Corbières,288,174,174,95
2130,Crésuz,224,136,132,65
2131,Echarlens,390,212,212,134
2134,Grandvillard,459,265,257,138
2135,Gruyères,1120,638,629,319
2137,Hauteville,362,187,177,72
2138,Jaun,556,235,233,77
2140,Marsens,929,513,509,318
2143,Morlon,415,230,225,141
2145,Le Pâquier (FR),691,425,422,256
2147,Pont-la-Ville,355,173,171,80
2148,Riaz,1282,727,720,368
2149,La Roche,898,495,481,153
2152,Sâles,923,438,433,219
2153,Sorens,628,318,316,156
2154,La Tour-de-Trême,2118,1165,1149,572
2155,Vaulruz,659,341,340,181
2156,Villarbeney,91,66,66,23
2159,Villarvolard,164,106,105,45
2160,Vuadens,1246,657,652,300
2162,Bas-Intyamon,740,422,417,205
2171,Arconciel,494,271,270,193
2172,Autafond,53,37,37,23
2173,Autigny,483,262,257,161
2174,Avry,1001,604,599,396
2175,Belfaux,1451,831,819,586
2177,Chénens,408,208,204,105
2179,Chésopelloz,81,43,43,30
2183,Corminboeuf,1280,764,755,550
2184,Corpataux-Magnedens,628,339,335,205
2185,Corserey,233,124,121,68
2186,Cottens (FR),714,398,393,241
2189,Ependes (FR),729,395,388,245
2192,Farvagny,1236,635,625,382
2194,Ferpicloz,168,102,102,53
2196,Fribourg,19745,11208,10787,7569
2197,Givisiez,1431,829,820,562
2198,Granges-Paccot,1319,652,643,419
2200,Grolley,1050,576,567,327
2206,Marly,4624,2602,2574,1738
2208,Matran,900,537,527,357
2211,Neyruz (FR),1213,700,690,464
2213,Noréaz,365,188,183,106
2216,Pierrafortscha,103,62,60,37
2217,Ponthaux,365,172,172,110
2220,Le Mouret,1983,1006,999,518
2221,Prez-vers-Noréaz,579,301,299,183
2222,Rossens (FR),827,545,540,319
2223,Le Glèbe,712,387,381,209
2225,Senèdes,85,63,62,35
2226,Treyvaux,966,565,556,304
2228,Villars-sur-Glâne,5795,3313,3287,2391
2230,Villarsel-sur-Marly,41,34,34,24
2231,Vuisternens-en-Ogoz,459,247,240,132
2233,Hauterive (FR),1253,643,636,413
2234,La Brillaz,979,509,501,312
2235,La Sonnaz,613,327,322,237
2241,Agriswil,110,59,59,38
2243,Barberêche,358,192,191,116
2244,Büchseln,126,66,66,34
2250,Courgevaux,626,316,316,176
2251,Courlevon,211,98,98,52
2254,Courtepin,1448,761,748,419
2257,Cressier (FR),507,280,278,182
2258,Fräschels,348,218,216,108
2259,Galmiz,424,199,199,100
2260,Gempenach,218,124,124,58
2261,Greng,126,83,82,43
2262,Gurmels,2571,1090,1086,644
2264,Jeuss,281,147,146,83
2265,Kerzers,2724,1380,1375,840
2266,Kleinbösingen,429,217,217,134
2270,Lurtigen,143,93,93,51
2271,Meyriez,419,249,247,171
2272,Misery-Courtion,895,427,423,212
2274,Muntelier,619,353,351,250
2275,Murten,3764,1949,1937,1312
2276,Ried bei Kerzers,513,361,359,218
2277,Salvenach,362,169,167,90
2278,Ulmiz,276,142,142,70
2279,Villarepos,381,194,194,94
2280,Bas-Vully,1194,656,651,419
2281,Haut-Vully,922,565,563,415
2283,Wallenried,298,140,139,74
2291,Alterswil,1484,671,668,368
2292,Brünisried,442,207,207,101
2293,Düdingen,5339,2644,2633,1713
2294,Giffers,1064,460,459,258
2295,Bösingen,2307,1113,1109,668
2296,Heitenried,851,377,377,230
2298,Oberschrot,746,310,309,146
2299,Plaffeien,1447,507,506,175
2300,Plasselb,756,317,316,117
2301,Rechthalten,838,348,344,162
2302,St. Antoni,1523,659,655,331
2303,St. Silvester,741,316,315,101
2304,St. Ursen,926,422,421,245
2305,Schmitten (FR),2489,1170,1166,751
2306,Tafers,1921,1015,1009,623
2307,Tentlingen,886,392,392,202
2308,Ueberstorf,1759,798,793,453
2309,Wünnewil-Flamatt,3353,1569,1560,945
2310,Zumholz,334,148,146,61
2321,Attalens,1698,968,961,559
2323,Bossonnens,762,428,421,237
2325,Châtel-Saint-Denis,3075,1719,1665,812
2328,Granges (Veveyse),489,246,243,150
2333,Remaufens,560,333,329,188
2335,Saint-Martin (FR),618,300,296,169
2336,Semsales,797,435,428,187
2337,Le Flon,639,345,341,148
2338,La Verrerie,682,366,359,181
2401,Egerkingen,1789,950,939,452
2402,Härkingen,879,516,512,233
2403,Kestenholz,1206,670,662,386
2404,Neuendorf,1352,682,678,289
2405,Niederbuchsiten,700,373,371,157
2406,Oberbuchsiten,1213,655,649,296
2407,Oensingen,2856,1685,1671,775
2408,Wolfwil,1549,831,827,436
2421,Aedermannsdorf,395,237,237,99
2422,Balsthal,3467,1908,1889,950
2423,Gänsbrunnen,65,38,38,11
2424,Herbetswil,450,243,240,111
2425,Holderbank (SO),467,255,254,115
2426,Laupersdorf,1218,712,708,286
2427,Matzendorf,957,616,616,199
2428,Mümliswil-Ramiswil,1811,1074,1066,341
2429,Welschenrohr,842,494,492,246
2441,Aetigkofen,156,91,87,47
2442,Aetingen,218,95,94,53
2443,Balm bei Messen,91,55,55,33
2444,Bibern (SO),174,103,102,44
2445,Biezwil,250,159,158,58
2446,Brügglen,148,77,77,47
2447,Brunnenthal,155,96,95,48
2449,Gossliwil,144,67,67,28
2450,Hessigkofen,187,110,107,74
2452,Küttigkofen,200,107,104,66
2453,Kyburg-Buchegg,258,156,154,89
2454,Lüsslingen,363,173,173,92
2455,Lüterkofen-Ichertswil,575,313,310,193
2456,Lüterswil-Gächliwil,281,159,159,75
2457,Messen,756,394,390,203
2458,Mühledorf (SO),263,143,142,101
2459,Nennigkofen,363,207,207,137
2460,Oberramsern,82,44,44,20
2461,Schnottwil,774,397,395,218
2462,Tscheppach,145,98,97,49
2463,Unterramsern,146,72,72,46
2471,Bättwil,779,398,396,225
2472,Büren (SO),666,416,414,188
2473,Dornach,3864,2220,2186,1438
2474,Gempen,511,297,294,164
2475,Hochwald,842,537,531,319
2476,Hofstetten-Flüh,2045,1181,1173,707
2477,Metzerlen-Mariastein,690,421,419,230
2478,Nuglar-St. Pantaleon,999,528,527,243
2479,Rodersdorf,967,760,749,500
2480,Seewen,751,414,409,173
2481,Witterswil,958,595,589,344
2491,Hauenstein-Ifenthal,202,118,118,73
2492,Kienberg,379,216,215,88
2493,Lostorf,2602,1516,1509,829
2494,Niedererlinsbach,1545,954,949,510
2495,Niedergösgen,2304,1237,1231,544
2496,Obererlinsbach,489,309,307,132
2497,Obergösgen,1330,698,694,324
2498,Rohr (SO),66,43,43,21
2499,Stüsslingen,765,455,449,230
2500,Trimbach,3514,1743,1735,1006
2501,Winznau,1216,669,662,332
2502,Wisen (SO),311,171,171,94
2511,Aeschi (SO),806,413,411,241
2513,Biberist,5220,2449,2430,1385
2514,Bolken,378,224,222,122
2516,Deitingen,1498,757,754,387
2517,Derendingen,3627,1715,1704,924
2518,Etziken,600,320,318,177
2519,Gerlafingen,2533,1262,1257,640
2520,Halten,644,333,330,179
2521,Heinrichswil-Winistorf,419,216,215,118
2522,Hersiwil,134,82,80,34
2523,Horriwil,634,361,359,201
2524,Hüniken,73,57,57,36
2525,Kriegstetten,834,437,437,200
2526,Lohn-Ammannsegg,1894,1154,1143,761
2527,Luterbach,2324,1171,1163,648
2528,Obergerlafingen,857,405,403,192
2529,Oekingen,532,314,313,160
2530,Recherswil,1219,630,625,321
2531,Steinhof,98,56,55,30
2532,Subingen,1859,902,894,443
2534,Zuchwil,4667,2143,2125,1230
2541,Balm bei Günsberg,154,86,86,55
2542,Bellach,3175,1731,1720,879
2543,Bettlach,3263,1672,1663,838
2544,Feldbrunnen-St. Niklaus,694,452,449,302
2545,Flumenthal,768,412,409,184
2546,Grenchen,10080,4441,4411,2312
2547,Günsberg,871,489,486,239
2548,Hubersdorf,512,272,271,158
2549,Kammersrohr,40,24,24,16
2550,Langendorf,2559,1427,1419,937
2551,Lommiswil,1084,700,698,386
2552,Niederwil (SO),272,142,141,62
2553,Oberdorf (SO),1238,746,744,468
2554,Riedholz,1201,631,628,379
2555,Rüttenen,1122,696,693,401
2556,Selzach,2113,1097,1088,516
2571,Boningen,466,257,256,129
2572,Däniken,1864,1063,1062,432
2573,Dulliken,2520,1357,1348,612
2574,Eppenberg-Wöschnau,202,102,102,57
2575,Fulenbach,1147,611,611,321
2576,Gretzenbach,1599,943,936,484
2578,Gunzgen,1107,558,553,223
2579,Hägendorf,2929,1461,1460,750
2580,Kappel (SO),1940,1056,1048,558
2581,Olten,10715,5125,5090,3356
2582,Rickenbach (SO),634,340,339,169
2583,Schönenwerd,2537,1383,1373,679
2584,Starrkirch-Wil,1005,629,620,403
2585,Walterswil (SO),548,264,263,102
2586,Wangen bei Olten,3103,1607,1593,911
2601,Solothurn,10606,5198,5168,3681
2611,Bärschwil,697,402,400,137
2612,Beinwil (SO),226,123,123,56
2613,Breitenbach,2051,1146,1128,618
2614,Büsserach,1367,749,745,332
2615,Erschwil,694,416,416,164
2616,Fehren,429,222,222,92
2617,Grindel,368,185,183,71
2618,Himmelried,730,385,379,232
2619,Kleinlützel,963,547,543,243
2620,Meltingen,467,280,279,111
2621,Nunningen,1398,819,812,334
2622,Zullwil,446,266,258,110
2701,Basel,95051,55494,54993,34699
2702,Bettingen,728,488,476,288
2703,Riehen,14108,9613,9490,5867
2761,Aesch (BL),6444,3300,3274,2094
2762,Allschwil,12890,6904,6832,4064
2763,Arlesheim,5920,3317,3210,2307
2764,Biel-Benken,2073,1148,1138,773
2765,Binningen,9948,5688,5644,3746
2766,Birsfelden,6934,3580,3485,2013
2767,Bottmingen,4004,2404,2357,1659
2768,Ettingen,3440,1926,1907,1170
2769,Münchenstein,7847,4248,4179,2664
2770,Muttenz,11727,6300,6212,3783
2771,Oberwil (BL),6988,4061,3972,2710
2772,Pfeffingen,1611,946,943,612
2773,Reinach (BL),13425,7513,7398,4612
2774,Schönenbuch,1030,605,600,344
2775,Therwil,6516,3656,3594,2362
2781,Blauen,525,266,265,142
2782,Brislach,1083,517,517,222
2783,Burg im Leimental,180,102,102,55
2784,Dittingen,525,249,246,137
2785,Duggingen,883,461,458,240
2786,Grellingen,1012,556,551,259
2787,Laufen,3315,1650,1646,974
2788,Liesberg,864,432,429,193
2789,Nenzlingen,296,165,164,66
2790,Roggenburg,211,92,91,27
2791,Röschenz,1295,685,677,353
2792,Wahlen,976,466,464,192
2793,Zwingen,1355,646,638,303
2821,Arisdorf,1080,597,593,303
2822,Augst,645,325,322,164
2823,Bubendorf,2905,1541,1513,882
2824,Frenkendorf,3722,1791,1774,1023
2825,Füllinsdorf,2810,1531,1513,905
2826,Giebenach,622,305,292,146
2827,Hersberg,225,130,129,68
2828,Lausen,2998,1532,1511,782
2829,Liestal,8322,4250,4210,2693
2830,Lupsingen,961,542,541,350
2831,Pratteln,8063,3996,3960,2284
2832,Ramlinsburg,466,279,274,171
2833,Seltisberg,958,572,569,373
2834,Ziefen,1016,549,546,291
2841,Anwil,380,190,188,85
2842,Böckten,542,288,283,158
2843,Buckten,487,277,270,128
2844,Buus,708,375,371,164
2845,Diepflingen,363,186,185,82
2846,Gelterkinden,3775,1932,1883,1051
2847,Häfelfingen,183,113,112,44
2848,Hemmiken,216,113,113,50
2849,Itingen,1220,679,674,380
2850,Känerkinden,382,230,230,129
2851,Kilchberg (BL),93,58,58,23
2852,Läufelfingen,923,492,487,207
2853,Maisprach,637,346,341,208
2854,Nusshof,160,88,88,45
2855,Oltingen,295,154,153,86
2856,Ormalingen,1327,657,652,344
2857,Rickenbach (BL),410,212,208,109
2858,Rothenfluh,522,251,248,111
2859,Rümlingen,224,123,122,56
2860,Rünenberg,574,326,319,155
2861,Sissach,3870,1973,1954,1185
2862,Tecknau,473,221,219,100
2863,Tenniken,689,337,336,178
2864,Thürnen,822,398,389,186
2865,Wenslingen,525,289,285,126
2866,Wintersingen,466,240,240,121
2867,Wittinsburg,298,163,161,83
2868,Zeglingen,363,184,182,87
2869,Zunzgen,1704,883,875,431
2881,Arboldswil,389,249,246,108
2882,Bennwil,468,242,240,108
2883,Bretzwil,552,299,295,111
2884,Diegten,1049,558,548,259
2885,Eptingen,419,221,218,81
2886,Hölstein,1558,811,801,456
2887,Lampenberg,381,228,226,102
2888,Langenbruck,686,332,323,159
2889,Lauwil,252,175,171,83
2890,Liedertswil,130,80,80,21
2891,Niederdorf,1151,547,534,245
2892,Oberdorf (BL),1506,696,691,355
2893,Reigoldswil,1105,522,521,252
2894,Titterten,329,211,208,118
2895,Waldenburg,759,297,295,132
2901,Gächlingen,584,434,408,176
2902,Guntmadingen,180,144,143,53
2903,Löhningen,814,571,555,254
2904,Neunkirch,1235,852,826,431
2911,Altdorf (SH),157,122,116,49
2913,Bibern (SH),178,143,139,50
2914,Büttenhardt,251,183,177,70
2915,Dörflingen,552,421,413,187
2916,Hofen,98,88,86,23
2917,Lohn (SH),466,366,348,145
2918,Opfertshofen (SH),93,76,76,19
2919,Stetten (SH),653,428,410,235
2920,Thayngen,2747,2052,1974,808
2931,Bargen (SH),174,135,132,36
2932,Beringen,2250,1619,1555,719
2933,Buchberg,608,481,469,219
2934,Hemmental,398,307,299,109
2936,Merishausen,492,385,374,156
2937,Neuhausen am Rheinfall,5516,3614,3448,1789
2938,Rüdlingen,479,369,356,174
2939,Schaffhausen,21547,14454,13823,7974
2951,Beggingen,369,250,244,77
2952,Schleitheim,1209,790,772,324
2953,Siblingen,575,347,337,162
2961,Buch (SH),197,122,122,41
2962,Hemishofen,289,210,204,91
2963,Ramsen,840,571,552,234
2964,Stein am Rhein,2033,1421,1368,759
2971,Hallau,1436,916,902,419
2972,Oberhallau,315,209,206,65
2973,Trasadingen,404,258,249,116
2974,Wilchingen,1127,795,781,332
3001,Herisau,10088,5482,5459,3065
3002,Hundwil,704,394,393,149
3003,Schönengrund,341,214,213,83
3004,Schwellbrunn,1059,621,614,247
3005,Stein (AR),1012,588,584,296
3006,Urnäsch,1604,882,877,338
3007,Waldstatt,1156,696,696,340
3021,Bühler,960,573,572,258
3022,Gais,2013,1188,1182,634
3023,Speicher,2870,1847,1833,1145
3024,Teufen (AR),4179,2602,2587,1557
3025,Trogen,1274,829,820,513
3031,Grub (AR),682,412,411,217
3032,Heiden,2606,1667,1653,865
3033,Lutzenberg,857,445,442,213
3034,Rehetobel,1215,733,724,423
3035,Reute (AR),524,328,327,134
3036,Wald (AR),600,334,334,172
3037,Walzenhausen,1377,780,780,349
3038,Wolfhalden,1241,640,638,342
3101,Appenzell,3706,1816,1793,913
3102,Gonten,1031,529,526,162
3103,Rüte,2131,1085,1081,428
3104,Schlatt-Haslen,802,430,423,144
3105,Schwende,1383,679,676,292
3111,Oberegg,1309,775,764,331
3201,Häggenschwil,778,427,425,214
3202,Muolen,778,384,384,182
3203,St. Gallen,44571,23869,23756,15386
3204,Wittenbach,5546,2908,2898,1666
3211,Berg (SG),608,363,363,173
3212,Eggersriet,1603,862,859,524
3213,Goldach,5697,3054,3037,1708
3214,Mörschwil,2441,1497,1491,982
3215,Rorschach,4425,2091,2084,1254
3216,Rorschacherberg,4101,2110,2104,1156
3217,Steinach,2114,1079,1076,581
3218,Tübach,806,548,543,326
3219,Untereggen,694,406,404,211
3231,Au (SG),3823,1867,1864,989
3232,Balgach,2488,1449,1447,855
3233,Berneck,2277,1354,1352,764
3234,Diepoldsau,3345,1740,1739,796
3235,Rheineck,1741,941,938,445
3236,St. Margrethen,2670,1374,1370,616
3237,Thal,3875,2069,2066,1034
3238,Widnau,4717,2534,2532,1244
3251,Altstätten,6818,3491,3484,1598
3252,Eichberg,843,474,474,160
3253,Marbach (SG),1189,664,663,338
3254,Oberriet (SG),5421,2836,2825,1119
3255,Rebstein,2408,1259,1257,624
3256,Rüthi (SG),1283,681,681,236
3271,Buchs (SG),6532,3363,3352,1683
3272,Gams,1984,1080,1072,495
3273,Grabs,4366,2170,2168,1050
3274,Sennwald,2968,1565,1565,656
3275,Sevelen,2541,1317,1316,613
3276,Wartau,3051,1640,1636,725
3291,Bad Ragaz,3103,1751,1747,831
3292,Flums,3028,1499,1499,516
3293,Mels,5349,3150,3144,1243
3294,Pfäfers,1096,533,530,240
3295,Quarten,1791,949,945,374
3296,Sargans,3314,1797,1793,937
3297,Vilters-Wangs,2829,1520,1519,661
3298,Walenstadt,3148,1551,1545,728
3311,Amden,1202,593,591,278
3312,Benken (SG),1592,835,833,296
3313,Kaltbrunn,2337,1079,1076,380
3314,Rieden,508,271,271,94
3315,Schänis,2426,1171,1171,433
3316,Weesen,1037,567,566,294
3331,Ernetschwil,938,425,425,148
3332,Eschenbach (SG),3272,1686,1683,702
3333,Goldingen,795,380,378,116
3334,Gommiswald,1841,903,903,358
3335,Jona,11837,7044,7019,3906
3336,Rapperswil (SG),5090,2791,2772,1716
3337,St. Gallenkappel,1200,595,590,200
3338,Schmerikon,1967,1067,1059,564
3339,Uznach,3213,1637,1634,828
3351,Alt St. Johann,1046,510,510,195
3352,Ebnat-Kappel,3376,1622,1620,765
3356,Stein (SG),307,161,161,57
3357,Wildhaus,913,511,510,232
3358,Nesslau-Krummenau,2431,1277,1274,602
3371,Brunnadern,584,275,274,117
3372,Hemberg,678,332,332,135
3373,Krinau,202,117,117,52
3374,Lichtensteig,1275,644,644,398
3375,Oberhelfenschwil,897,459,457,243
3376,St. Peterzell,800,423,422,177
3377,Wattwil,5085,2677,2671,1396
3391,Bütschwil,2233,1071,1068,481
3392,Kirchberg (SG),4831,2425,2422,1150
3393,Lütisburg,929,560,559,227
3394,Mosnang,2090,1092,1089,438
3401,Degersheim,2457,1325,1325,675
3402,Flawil,5730,3125,3114,1766
3403,Ganterschwil,792,457,457,174
3405,Jonschwil,2258,1222,1218,516
3406,Mogelsberg,1599,809,807,337
3407,Oberuzwil,3761,1946,1939,1062
3408,Uzwil,7266,3778,3769,2018
3421,Bronschhofen,2863,1519,1518,783
3422,Niederbüren,944,509,509,199
3423,Niederhelfenschwil,1808,957,952,451
3424,Oberbüren,2679,1479,1475,588
3425,Wil (SG),10575,5940,5925,3500
3426,Zuzwil (SG),2846,1538,1535,823
3441,Andwil (SG),1205,662,659,372
3442,Gaiserwald,5592,3145,3128,1847
3443,Gossau (SG),11347,5901,5893,3157
3444,Waldkirch,2237,1247,1246,557
3501,Alvaschein,104,50,50,18
3502,Mon,67,33,33,14
3503,Mutten,70,36,36,8
3504,Stierva,106,47,46,27
3505,Tiefencastel,173,93,93,41
3506,Vaz/Obervaz,1831,901,873,435
3511,Alvaneu,334,128,128,48
3512,Brienz/Brinzauls,97,34,34,14
3513,Lantsch/Lenz,380,147,147,91
3514,Schmitten (GR),210,67,67,29
3515,Surava,158,60,59,21
3521,Bergün/Bravuogn,368,129,129,70
3522,Filisur,321,156,154,94
3523,Wiesen (GR),221,110,109,65
3531,Bivio,161,58,58,37
3532,Cunter,150,66,66,43
3533,Marmorera,45,25,25,11
3534,Mulegns,25,11,11,8
3536,Riom-Parsonz,248,80,80,48
3538,Salouf,151,70,69,39
3539,Savognin,699,263,262,174
3540,Sur,65,28,28,14
3541,Tinizong-Rona,266,127,127,73
3551,Brusio,954,424,416,111
3561,Poschiavo,2756,1345,1313,518
3571,Castrisch,325,132,132,71
3572,Falera,417,203,203,122
3573,Flond,160,59,58,31
3574,Ilanz,1560,634,618,390
3575,Laax,905,443,435,259
3576,Ladir,79,24,24,11
3577,Luven,140,58,58,26
3578,Pitasch,100,41,41,13
3579,Riein,61,11,11,7
3580,Ruschein,277,146,143,69
3581,Sagogn,488,213,210,106
3582,Schluein,367,124,119,68
3583,Schnaus,73,31,31,17
3584,Sevgein,163,77,77,38
3586,Valendas,228,84,82,36
3587,Versam,221,106,105,55
3592,Cumbel,192,75,75,39
3593,Duvin,63,19,19,7
3594,Degen,218,82,82,54
3595,Lumbrein,333,135,135,77
3596,Morissen,197,66,64,28
3598,St. Martin,33,13,13,6
3599,Suraua,231,78,77,57
3600,Surcuolm,105,42,42,26
3603,Vals,783,348,347,215
3604,Vignogn,162,71,71,32
3605,Vella,334,132,131,80
3606,Vrin,227,100,100,32
3611,Andiast,176,53,53,21
3612,Obersaxen,626,225,223,118
3613,Pigniu,39,10,10,2
3614,Rueun,310,136,135,70
3615,Siat,150,65,65,32
3616,Waltensburg/Vuorz,286,125,125,77
3631,Almens,173,93,91,48
3632,Feldis/Veulden,113,58,57,40
3633,Fürstenau,238,109,109,60
3634,Paspels,321,180,178,107
3635,Pratval,193,102,102,56
3636,Rodels,188,99,99,37
3637,Rothenbrunnen,201,99,97,41
3638,Scharans,598,344,343,161
3639,Scheid,100,55,55,27
3640,Sils im Domleschg,612,276,271,129
3641,Trans,48,24,24,8
3642,Tumegl/Tomils,243,113,113,60
3651,Safien,246,124,124,51
3652,Tenna,73,38,38,28
3661,Cazis,1011,431,431,190
3662,Flerden,146,80,79,45
3663,Masein,300,153,152,97
3664,Portein,16,8,8,4
3665,Präz,129,48,48,36
3666,Sarn,110,50,50,28
3667,Tartar,140,70,70,22
3668,Thusis,1619,698,683,403
3669,Tschappina,126,62,62,29
3670,Urmein,92,49,49,26
3681,Avers,148,85,85,30
3691,Hinterrhein,59,31,31,13
3692,Medels im Rheinwald,31,22,21,8
3693,Nufenen,115,30,30,18
3694,Splügen,311,153,153,99
3695,Sufers,94,55,55,27
3701,Andeer,507,265,263,142
3702,Ausserferrera,41,16,16,6
3703,Casti-Wergenstein,37,16,16,12
3704,Clugin,27,13,13,3
3705,Donat,162,69,69,45
3706,Innerferrera,24,12,12,5
3707,Lohn (GR),33,20,20,11
3708,Mathon,47,17,17,14
3710,Pignia,99,52,52,20
3711,Rongellen,39,23,22,7
3712,Zillis-Reischen,275,152,152,46
3721,Bonaduz,1757,1128,1105,603
3722,Domat/Ems,4488,2364,2327,1181
3723,Rhäzüns,786,373,369,176
3731,Felsberg,1460,775,758,364
3732,Flims,1727,898,877,504
3733,Tamins,851,408,400,223
3734,Trin,846,404,398,244
3741,Ardez,340,120,120,60
3742,Guarda,133,67,66,42
3743,Lavin,158,85,85,62
3744,Susch,172,82,82,45
3745,Tarasp,190,80,80,41
3746,Zernez,745,374,367,196
3751,Ramosch,351,129,129,51
3752,Samnaun,527,222,218,116
3753,Tschlin,319,139,136,73
3761,Ftan,357,166,165,104
3762,Scuol,1427,711,699,375
3763,Sent,682,282,277,130
3771,Bondo,163,78,73,43
3773,Castasegna,150,79,79,42
3774,Soglio,157,61,61,25
3775,Stampa,410,205,200,92
3776,Vicosoprano,328,133,128,52
3781,Bever,431,240,238,132
3782,Celerina/Schlarigna,763,353,349,183
3783,Madulain,116,79,79,40
3784,Pontresina,1106,544,540,278
3785,La Punt-Chamues-ch,461,198,197,112
3786,Samedan,1877,927,907,503
3787,St. Moritz,2851,1442,1414,779
3788,S-chanf,467,196,196,89
3789,Sils im Engadin/Segl,463,229,226,130
3790,Silvaplana,600,292,292,171
3791,Zuoz,732,364,363,173
3801,Arvigo,78,46,42,12
3803,Braggio,39,19,17,7
3804,Buseno,84,36,36,7
3805,Castaneda,195,88,88,24
3806,Cauco,31,15,15,5
3808,Rossa,129,71,71,20
3810,Santa Maria in Calanca,93,49,49,14
3811,Selma,29,18,18,11
3821,Lostallo,495,258,253,93
3822,Mesocco,904,441,436,118
3823,Soazza,269,143,142,43
3831,Cama,318,158,158,31
3832,Grono,549,308,300,82
3833,Leggia,92,43,43,5
3834,Roveredo (GR),1557,851,832,205
3835,San Vittore,504,274,268,75
3836,Verdabbio,119,59,59,21
3841,Fuldera,91,61,61,36
3842,Lü,50,29,29,1
3843,Müstair,623,245,245,146
3844,Sta. Maria Val Müstair,271,124,124,75
3845,Tschierv,132,55,54,29
3846,Valchava,156,47,47,27
3851,Davos,6921,3139,3059,1744
3861,Fideris,432,205,205,70
3862,Furna,164,93,89,23
3863,Jenaz,868,368,363,127
3871,Klosters-Serneus,2674,1408,1395,623
3881,Conters im Prättigau,162,74,74,13
3882,Küblis,547,227,218,63
3883,Saas,569,291,290,42
3891,Luzein,867,460,443,119
3892,St. Antönien Ascharina,85,51,44,8
3893,St. Antönien,175,76,76,12
3901,Chur,22830,10785,10426,6218
3911,Churwalden,712,325,318,165
3912,Malix,476,277,276,132
3913,Parpan,196,98,98,65
3914,Praden,89,49,48,22
3915,Tschiertschen,173,68,68,36
3921,Arosa,1483,781,769,453
3922,Calfreisen,28,14,14,3
3923,Castiel,81,38,38,17
3924,Langwies,226,102,102,36
3925,Lüen,57,28,28,13
3926,Maladers,421,207,205,54
3927,Molinis,106,60,58,33
3928,Pagig,57,33,30,15
3929,Peist,153,59,59,24
3930,St. Peter,134,47,47,13
3941,Haldenstein,645,301,299,171
3942,Igis,4798,2102,2048,1005
3943,Mastrils,424,191,191,67
3944,Says,132,65,65,16
3945,Trimmis,2067,966,950,455
3946,Untervaz,1581,608,600,264
3947,Zizers,2114,894,874,469
3951,Fläsch,441,192,191,99
3952,Jenins,545,301,301,140
3953,Maienfeld,1836,883,844,455
3954,Malans,1519,763,752,456
3961,Grüsch,881,421,417,156
3962,Schiers,1646,775,757,285
3971,Fanas,300,144,144,59
3972,Seewis im Prättigau,939,404,404,161
3973,Valzeina,98,40,40,10
3981,Breil/Brigels,958,449,447,236
3982,Disentis/Mustér,1673,881,873,463
3983,Medel (Lucmagn),368,150,149,61
3984,Schlans,71,27,27,16
3985,Sumvitg,1050,416,402,209
3986,Tujetsch,1119,445,441,240
3987,Trun,974,421,412,231
4001,Aarau,11038,6902,6824,4610
4002,Biberstein,972,636,634,393
4003,Buchs (AG),3745,1989,1970,1047
4004,Densbüren,546,290,290,107
4005,Erlinsbach,2402,1356,1344,693
4006,Gränichen,4304,2197,2178,1028
4007,Hirschthal,958,535,532,215
4008,Küttigen,3681,2179,2163,1273
4009,Muhen,2314,1151,1143,508
4010,Oberentfelden,4458,2320,2304,1125
4011,Rohr (AG),1876,1004,999,482
4012,Suhr,5289,2986,2961,1556
4013,Unterentfelden,2325,1378,1365,715
4021,Baden,10630,6250,6173,4403
4022,Bellikon,1036,671,663,341
4023,Bergdietikon,1765,1088,1080,616
4024,Birmenstorf (AG),1592,864,854,465
4026,Ennetbaden,2049,1311,1299,993
4027,Fislisbach,3257,1738,1727,958
4028,Freienwil,593,344,339,203
4029,Gebenstorf,2710,1500,1485,822
4030,Killwangen,1025,600,594,295
4031,Künten,1109,591,590,260
4032,Mägenwil,1077,619,616,288
4033,Mellingen,2487,1228,1224,608
4034,Neuenhof,3800,1748,1737,864
4035,Niederrohrdorf,1877,1019,1017,565
4036,Oberehrendingen,1405,755,752,365
4037,Oberrohrdorf,2486,1451,1447,910
4038,Obersiggenthal,4626,2385,2373,1347
4039,Remetschwil,1324,713,712,390
4040,Spreitenbach,4330,1899,1888,868
4041,Stetten (AG),1010,558,554,278
4042,Turgi,1331,690,686,374
4043,Unterehrendingen,1148,635,635,359
4044,Untersiggenthal,3853,2129,2122,1229
4045,Wettingen,11978,6427,6372,3880
4046,Wohlenschwil,902,511,509,251
4047,Würenlingen,2417,1511,1505,699
4048,Würenlos,3677,2152,2138,1205
4061,Arni (AG),1044,639,635,365
4062,Berikon,3108,1625,1616,881
4063,Bremgarten (AG),3898,2089,2076,1171
4064,Büttikon,567,274,273,109
4065,Dottikon,1712,880,876,397
4066,Eggenwil,533,344,341,156
4067,Fischbach-Göslikon,922,511,510,221
4068,Hägglingen,1462,765,760,363
4069,Hermetschwil-Staffeln,725,412,411,198
4070,Hilfikon,173,110,110,41
4071,Jonen,1098,705,702,371
4072,Niederwil (AG),1498,772,766,365
4073,Oberlunkhofen,1237,695,692,403
4074,Oberwil-Lieli,1492,1003,996,554
4075,Rudolfstetten-Friedlisberg,2521,1350,1338,712
4076,Sarmenstorf,1557,935,931,410
4077,Tägerig,891,463,458,198
4078,Uezwil,268,151,151,53
4079,Unterlunkhofen,857,556,555,287
4080,Villmergen,3296,1738,1734,741
4081,Widen,2639,1501,1498,858
4082,Wohlen (AG),7982,4053,4026,2028
4083,Zufikon,2478,1327,1321,745
4084,Islisberg,343,221,221,103
4091,Auenstein,1082,592,588,316
4092,Birr,1685,831,828,385
4093,Birrhard,471,280,279,125
4094,Bözen,444,247,246,96
4095,Brugg,5812,3506,3466,2096
4096,Effingen,439,263,261,110
4097,Elfingen,192,108,107,57
4098,Gallenkirch,94,64,63,27
4099,Habsburg,305,206,206,89
4100,Hausen (AG),1741,1010,998,503
4101,Hottwil,200,117,117,50
4103,Linn,109,68,67,20
4104,Lupfig,1352,777,770,366
4105,Mandach,228,132,132,46
4106,Mönthal,315,185,184,64
4107,Mülligen,601,356,352,175
4108,Oberbözberg,369,237,236,114
4109,Oberflachs,342,209,208,95
4110,Remigen,764,436,435,203
4111,Riniken,970,645,636,349
4112,Rüfenach,556,333,332,184
4113,Scherz,427,260,256,104
4114,Schinznach-Bad,751,421,420,184
4115,Schinznach-Dorf,1179,654,651,342
4116,Stilli,264,158,155,72
4117,Thalheim (AG),592,310,310,109
4118,Umiken,763,449,441,222
4119,Unterbözberg,555,352,350,155
4120,Veltheim (AG),932,515,512,240
4121,Villigen,954,643,638,292
4122,Villnachern,1011,567,565,272
4123,Windisch,3824,2049,2029,1182
4131,Beinwil am See,2001,1149,1140,526
4132,Birrwil,729,378,376,153
4133,Burg (AG),567,340,337,115
4134,Dürrenäsch,805,476,474,132
4135,Gontenschwil,1509,825,818,257
4136,Holziken,851,428,423,141
4137,Leimbach (AG),307,191,191,68
4138,Leutwil,535,316,315,83
4139,Menziken,2988,1678,1655,670
4140,Oberkulm,1574,870,866,307
4141,Reinach (AG),4319,2085,2073,815
4142,Schlossrued,655,345,345,92
4143,Schmiedrued,883,539,537,138
4144,Schöftland,2258,1170,1155,544
4145,Teufenthal (AG),1018,524,519,219
4146,Unterkulm,1799,989,986,385
4147,Zetzwil,933,562,557,206
4161,Eiken,1320,660,655,296
4162,Etzgen,278,156,156,72
4163,Frick,2665,1426,1414,813
4164,Gansingen,730,421,419,192
4165,Gipf-Oberfrick,2148,1100,1099,652
4166,Herznach,862,568,566,240
4167,Hornussen,595,313,311,121
4168,Ittenthal,163,88,88,30
4169,Kaisten,1495,798,791,421
4170,Laufenburg,1105,580,578,358
4171,Mettau,250,150,150,57
4172,Münchwilen (AG),477,243,241,124
4173,Oberhof,420,222,221,79
4174,Oberhofen (AG),220,119,119,46
4175,Oeschgen,589,347,341,154
4176,Schwaderloch,473,246,243,78
4177,Sisseln,877,374,373,167
4178,Sulz (AG),858,469,467,194
4179,Ueken,546,289,287,126
4180,Wil (AG),484,255,255,110
4181,Wittnau,780,414,413,215
4182,Wölflinswil,626,346,345,133
4183,Zeihen,647,341,338,152
4191,Ammerswil,431,278,276,127
4192,Boniswil,954,612,607,274
4193,Brunegg,337,174,171,79
4194,Dintikon,983,510,510,205
4195,Egliswil,975,556,554,254
4196,Fahrwangen,1112,506,503,225
4197,Hallwil,498,255,254,99
4198,Hendschiken,646,310,309,149
4199,Holderbank (AG),528,267,265,71
4200,Hunzenschwil,1820,874,873,339
4201,Lenzburg,4609,2734,2705,1690
4202,Meisterschwanden,1591,909,907,423
4203,Möriken-Wildegg,2550,1510,1500,761
4204,Niederlenz,2339,1200,1195,587
4205,Othmarsingen,1380,807,799,362
4206,Rupperswil,2630,1325,1323,611
4207,Schafisheim,1786,882,878,390
4208,Seengen,2114,1252,1247,653
4209,Seon,2896,1523,1515,629
4210,Staufen,1629,987,983,483
4221,Abtwil,485,280,280,104
4222,Aristau,866,470,465,202
4223,Auw,1069,522,520,211
4224,Beinwil (Freiamt),674,417,412,149
4225,Benzenschwil,370,216,216,100
4226,Besenbüren,404,282,276,105
4227,Bettwil,389,222,222,86
4228,Boswil,1629,904,897,344
4229,Bünzen,692,427,423,157
4230,Buttwil,830,468,464,211
4231,Dietwil,743,381,380,125
4232,Geltwil,112,81,81,40
4233,Kallern,237,141,139,71
4234,Merenschwand,1542,900,898,478
4235,Mühlau,722,379,379,148
4236,Muri (AG),4072,2158,2140,1091
4237,Oberrüti,779,441,441,195
4238,Rottenschwil,533,302,302,115
4239,Sins,2254,1295,1287,586
4240,Waltenschwil,1564,901,898,433
4251,Hellikon,579,321,320,87
4252,Kaiseraugst,3072,1432,1426,819
4253,Magden,2333,1256,1253,760
4254,Möhlin,5776,3031,3003,1558
4255,Mumpf,747,344,343,151
4256,Obermumpf,720,354,352,169
4257,Olsberg,282,151,150,86
4258,Rheinfelden,6651,3332,3305,2045
4259,Schupfart,553,304,302,112
4260,Stein (AG),1459,721,718,353
4261,Wallbach,1180,588,579,262
4262,Wegenstetten,761,385,382,169
4263,Zeiningen,1513,832,825,461
4264,Zuzgen,593,305,297,112
4271,Aarburg,3392,1629,1615,824
4272,Attelwil,245,132,130,31
4273,Bottenwil,623,301,299,104
4274,Brittnau,2702,1433,1427,597
4275,Kirchleerau,596,329,329,118
4276,Kölliken,2850,1322,1315,595
4277,Moosleerau,565,291,288,71
4279,Murgenthal,1941,925,919,342
4280,Oftringen,6327,3088,3064,1404
4281,Reitnau,835,508,504,169
4282,Rothrist,4882,2200,2181,985
4283,Safenwil,2275,1124,1121,438
4284,Staffelbach,761,389,389,147
4285,Strengelbach,2656,1404,1388,617
4286,Uerkheim,976,530,523,170
4287,Vordemwald,1334,746,745,341
4288,Wiliberg,120,72,71,19
4289,Zofingen,7386,4194,4167,2497
4301,Baldingen,174,104,102,36
4302,Böbikon,133,85,85,24
4303,Böttstein,1981,1145,1139,429
4304,Döttingen,1823,971,968,456
4305,Endingen,1318,827,821,476
4306,Fisibach,258,145,144,58
4307,Full-Reuenthal,573,340,340,135
4308,Kaiserstuhl,276,189,188,116
4309,Klingnau,1901,1044,1038,537
4310,Koblenz,880,488,478,188
4311,Leibstadt,799,422,419,133
4312,Lengnau (AG),1641,900,894,431
4313,Leuggern,1436,830,822,282
4314,Mellikon,174,119,117,58
4315,Rekingen (AG),550,275,275,111
4316,Rietheim,351,188,187,91
4317,Rümikon,149,102,101,33
4318,Schneisingen,933,552,550,282
4319,Siglistorf,351,174,174,69
4320,Tegerfelden,729,420,418,170
4321,Unterendingen,245,146,145,68
4322,Wislikofen,269,167,166,94
4323,Zurzach,2321,1199,1194,640
4401,Arbon,7734,3849,3645,2074
4406,Dozwil,342,248,244,84
4411,Egnach,2862,1862,1817,978
4416,Hefenhofen,792,524,495,209
4421,Horn,1562,838,810,452
4426,Kesswil,622,428,409,241
4431,Roggwil (TG),1871,1082,1053,558
4436,Romanshorn,5611,3312,3231,1729
4441,Salmsach,814,450,436,206
4446,Sommeri,365,279,269,106
4451,Uttwil,1023,661,640,339
4461,Amriswil,6847,4011,3822,1898
4471,Bischofszell,3448,1899,1847,960
4476,Erlen,1886,1177,1120,532
4486,Hauptwil-Gottshaus,1292,728,718,316
4495,Hohentannen,391,235,226,86
4501,Kradolf-Schönenberg,2000,1177,1151,549
4506,Sulgen,2130,1405,1380,695
4511,Zihlschlacht-Sitterdorf,1367,811,792,334
4536,Basadingen-Schlattingen,1103,704,698,306
4545,Diessenhofen,1903,1144,1139,585
4546,Schlatt (TG),1071,632,627,261
4551,Aadorf,5044,2559,2486,1411
4561,Felben-Wellhausen,1488,744,731,376
4566,Frauenfeld,14286,8039,7859,4709
4571,Gachnang,2250,1189,1179,670
4590,Hüttlingen,605,424,421,227
4591,Matzingen,1479,722,704,373
4601,Neunforn,711,422,418,218
4606,Stettfurt,765,448,440,257
4611,Thundorf,900,498,495,232
4616,Uesslingen-Buch,767,438,437,205
4621,Warth-Weiningen,885,549,534,281
4641,Altnau,1204,815,795,442
4643,Bottighofen,1268,974,953,581
4646,Ermatingen,1711,951,945,531
4651,Gottlieben,175,108,107,51
4656,Güttingen,899,628,602,298
4666,Kemmental,1509,923,913,400
4671,Kreuzlingen,8435,5115,4902,2942
4681,Langrickenbach,738,532,527,222
4683,Lengwil,831,583,577,261
4691,Münsterlingen,1410,1052,1026,536
4696,Tägerwilen,2043,1196,1161,664
4701,Wäldi,660,425,420,167
4711,Affeltrangen,1483,826,819,346
4716,Bettwiesen,638,354,351,162
4721,Bichelsee-Balterswil,1734,1001,990,476
4723,Braunau,477,292,287,114
4724,Eschlikon,2456,1390,1357,755
4726,Fischingen,1862,1090,1067,473
4741,Lommis,697,389,386,178
4746,Münchwilen (TG),2870,1474,1434,722
4751,Rickenbach (TG),1406,720,695,327
4756,Schönholzerswilen,543,314,308,139
4761,Sirnach,4105,2030,2017,1000
4776,Tobel-Tägerschen,899,504,500,163
4781,Wängi,2729,1483,1406,747
4786,Wilen (TG),1301,741,727,387
4791,Wuppenau,730,436,435,187
4801,Berlingen,562,351,348,187
4806,Eschenz,1056,554,548,252
4811,Herdern,659,395,387,218
4816,Homburg,1039,633,620,251
4821,Hüttwilen,1007,619,603,320
4826,Mammern,329,201,198,110
4831,Müllheim,1592,873,835,453
4841,Pfyn,1286,708,705,287
4846,Raperswilen,284,174,174,69
4851,Salenstein,800,508,501,260
4864,Steckborn,2123,1153,1116,650
4871,Wagenhausen,1095,649,643,292
4881,Amlikon-Bissegg,858,511,498,214
4891,Berg (TG),1948,1291,1252,635
4901,Birwinken,890,607,596,263
4911,Bürglen (TG),1937,1170,1123,480
4921,Bussnang,1445,912,907,398
4941,Märstetten,1568,988,969,506
4946,Weinfelden,6421,4040,3938,2284
4951,Wigoltingen,1468,815,792,414
5001,Arbedo-Castione,2309,1182,1168,349
5002,Bellinzona,10136,4489,4434,1873
5003,Cadenazzo,1070,523,519,140
5004,Camorino,1687,851,835,311
5005,Giubiasco,4604,2263,2235,815
5006,Gnosca,424,211,208,62
5007,Gorduno,502,251,247,93
5008,Gudo,526,263,261,83
5009,Isone,306,185,183,19
5010,Lumino,830,441,435,160
5011,Medeglia,302,144,141,43
5012,Moleno,77,46,46,7
5013,Monte Carasso,1507,690,679,235
5014,Pianezzo,423,228,226,102
5015,Preonzo,417,226,223,58
5017,Sant'Antonino,1216,581,573,155
5018,Sant'Antonio,160,90,89,21
5019,Sementina,1694,893,888,342
5031,Aquila,422,189,184,47
5032,Campo (Blenio),67,34,34,15
5036,Ghirone,35,19,19,6
5040,Ludiano,250,136,135,44
5041,Malvaglia,1166,562,559,150
5043,Olivone,693,281,277,110
5046,Semione,278,137,136,52
5047,Torre,233,98,97,37
5048,Acquarossa,1394,544,540,186
5061,Airolo,1078,574,565,166
5062,Anzonico,90,47,46,21
5063,Bedretto,77,40,40,17
5064,Bodio,526,248,247,80
5065,Calonico,47,25,25,2
5066,Calpiogna,38,22,22,8
5067,Campello,50,33,32,19
5068,Cavagnago,87,41,41,24
5069,Chiggiogna,252,151,143,42
5070,Chironico,339,189,185,66
5071,Dalpe,140,75,73,13
5072,Faido,793,420,418,138
5073,Giornico,592,285,281,102
5074,Mairengo,170,85,83,26
5075,Osco,116,67,67,24
5076,Personico,240,113,108,40
5077,Pollegio,386,190,188,50
5078,Prato (Leventina),277,155,153,46
5079,Quinto,725,391,387,129
5080,Rossura,59,27,26,14
5081,Sobrio,61,39,38,8
5091,Ascona,3335,1670,1656,722
5094,Borgnone,120,48,48,5
5095,Brione (Verzasca),166,60,60,31
5096,Brione sopra Minusio,387,217,217,105
5097,Brissago,1382,689,683,264
5098,Caviano,107,49,49,18
5099,Cavigliano,501,262,259,116
5101,Contone,462,222,219,70
5102,Corippo,20,13,13,4
5104,Cugnasco,863,443,437,168
5105,Frasco,89,31,31,8
5106,Gerra (Gambarogno),226,105,103,50
5107,Gerra (Verzasca),819,369,367,122
5108,Gordola,2721,1198,1194,402
5109,Gresso,40,26,26,6
5110,Indemini,46,21,21,10
5111,Intragna,719,313,309,124
5112,Lavertezzo,710,292,290,78
5113,Locarno,8461,3505,3464,1388
5115,Losone,4018,1956,1930,699
5116,Magadino,1079,410,406,156
5117,Mergoscia,172,67,66,26
5118,Minusio,4489,2240,2201,1004
5119,Mosogno,53,17,17,4
5120,Muralto,1841,928,915,387
5121,Orselina,569,295,292,165
5122,Palagnedra,94,56,55,15
5123,Piazzogna,305,152,148,57
5125,Ronco sopra Ascona,472,253,250,115
5127,San Nazzaro,516,265,262,116
5128,Sant'Abbondio,110,56,56,24
5129,Sonogno,81,29,27,10
5130,Tegna,540,261,257,104
5131,Tenero-Contra,1430,703,695,259
5132,Vergeletto,77,37,37,8
5133,Verscio,703,365,362,144
5134,Vira (Gambarogno),497,230,230,94
5135,Vogorno,255,86,79,24
5136,Onsernone,292,103,101,56
5137,Isorno,255,103,100,52
5141,Agno,2121,1070,1059,326
5143,Aranno,221,105,101,35
5144,Arogno,652,342,339,126
5146,Astano,246,121,119,46
5147,Barbengo,989,566,556,166
5148,Bedano,837,438,434,117
5149,Bedigliora,463,212,206,77
5150,Bidogno,287,130,127,25
5151,Bioggio,1520,829,824,298
5153,Bironico,372,201,201,42
5154,Bissone,513,253,250,99
5155,Bogno,103,41,40,6
5160,Brusino Arsizio,343,175,168,63
5161,Cademario,468,256,256,90
5162,Cadempino,787,424,422,130
5163,Cadro,1284,724,711,234
5165,Camignolo,511,265,263,55
5167,Canobbio,1231,702,683,196
5168,Carabbia,369,197,195,100
5169,Carabietta,72,50,50,21
5170,Carona,488,260,244,131
5171,Caslano,2234,1135,1122,396
5173,Certara,60,27,27,10
5174,Cimadera,113,57,57,13
5176,Comano,1300,792,776,319
5177,Corticiasca,112,33,33,9
5178,Croglio,620,303,297,127
5180,Cureglia,878,474,466,212
5181,Curio,400,212,210,95
5186,Grancia,198,107,106,32
5187,Gravesano,748,414,411,113
5188,Iseo,81,51,51,18
5189,Lamone,732,386,383,121
5191,Lugaggia,588,311,310,134
5192,Lugano,26881,13536,13413,4973
5193,Magliaso,934,499,499,160
5194,Manno,777,447,441,144
5195,Maroggia,370,201,201,69
5196,Massagno,3097,1542,1521,659
5197,Melano,722,361,359,111
5198,Melide,901,454,446,162
5199,Mezzovico-Vira,682,374,373,84
5200,Miglieglia,185,83,82,24
5202,Monteggio,604,290,288,81
5203,Morcote,440,224,222,101
5205,Muzzano,542,350,347,160
5206,Neggio,246,154,152,72
5207,Novaggio,595,306,302,175
5208,Origlio,841,449,447,208
5210,Paradiso,1514,688,682,247
5212,Ponte Capriasca,1125,598,587,226
5213,Ponte Tresa,517,287,282,90
5214,Porza,918,547,544,217
5216,Pura,831,468,466,184
5217,Rivera,975,540,531,144
5219,Rovio,513,298,296,94
5221,Savosa,1272,712,703,266
5222,Sessa,449,248,245,82
5223,Sigirino,289,148,144,23
5224,Sonvico,1251,649,640,216
5225,Sorengo,981,542,537,240
5226,Capriasca,3411,1749,1723,652
5227,Torricella-Taverne,1616,886,869,279
5229,Valcolla,483,204,204,57
5230,Vernate,297,169,169,75
5231,Vezia,1081,626,616,215
5233,Vico Morcote,178,95,93,30
5235,Villa Luganese,412,229,224,73
5236,Collina d'Oro,2635,1562,1559,661
5237,Alto Malcantone,962,462,450,182
5241,Arzo,787,428,421,167
5242,Balerna,2314,1200,1183,368
5243,Besazio,444,271,269,124
5244,Bruzella,155,98,98,28
5245,Cabbio,164,73,71,22
5246,Caneggio,252,132,130,44
5247,Capolago,484,278,272,95
5249,Castel san Pietro,1509,957,945,316
5250,Chiasso,4482,2374,2365,719
5251,Coldrerio,1791,1037,1025,276
5252,Genestrerio,601,331,328,106
5253,Ligornetto,1106,605,593,212
5254,Mendrisio,4655,2363,2331,872
5255,Meride,288,147,145,77
5257,Morbio Inferiore,2805,1563,1559,471
5258,Morbio Superiore,522,295,293,121
5259,Muggio,207,70,70,18
5260,Novazzano,1698,927,910,246
5262,Rancate,979,548,541,201
5263,Riva San Vitale,1658,919,911,257
5264,Sagno,220,146,144,72
5266,Stabio,2477,1259,1247,372
5267,Tremona,345,203,202,83
5268,Vacallo,1924,1111,1103,370
5281,Biasca,3062,1410,1393,375
5282,Claro,1490,721,707,201
5283,Cresciano,350,144,143,23
5284,Iragna,333,149,144,46
5285,Lodrino,909,465,461,144
5286,Osogna,489,249,244,91
5302,Avegno,393,208,201,77
5303,Bignasco,171,100,98,33
5304,Bosco/Gurin,51,20,19,9
5307,Campo (Vallemaggia),48,28,27,10
5308,Cavergno,369,171,167,61
5309,Cerentino,56,25,25,7
5310,Cevio,312,102,102,41
5314,Gordevio,578,265,263,97
5315,Linescio,43,22,20,6
5317,Maggia,1667,670,662,240
5323,Lavizzara,453,208,207,53
5401,Aigle,4181,2239,2225,1273
5402,Bex,3533,1923,1910,1120
5403,Chessel,224,123,123,87
5404,Corbeyrier,277,157,154,69
5405,Gryon,704,393,386,245
5406,Lavey-Morcles,575,310,308,153
5407,Leysin,1163,574,572,375
5408,Noville,441,265,264,127
5409,Ollon,3450,2030,2011,1226
5410,Ormont-Dessous,715,370,366,192
5411,Ormont-Dessus,962,514,510,311
5412,Rennaz,333,168,166,80
5413,Roche (VD),590,286,286,132
5414,Villeneuve (VD),2237,1214,1195,628
5415,Yvorne,660,385,380,233
5421,Apples,775,494,486,363
5422,Aubonne,1632,1019,1004,717
5423,Ballens,268,178,174,101
5424,Berolle,149,91,89,63
5425,Bière,929,499,494,249
5426,Bougy-Villars,235,150,145,106
5427,Féchy,419,276,273,190
5428,Gimel,884,495,491,294
5429,Longirod,240,133,132,94
5430,Marchissy,241,148,147,104
5431,Mollens (VD),193,106,103,57
5432,Montherod,265,132,132,85
5433,Pizy,50,31,31,23
5434,Saint-George,465,262,260,145
5435,Saint-Livres,373,195,195,125
5436,Saint-Oyens,174,93,93,57
5437,Saubraz,171,106,106,50
5451,Avenches,1450,707,700,445
5452,Bellerive (VD),467,244,244,168
5453,Chabrey,152,90,89,49
5455,Constantine,201,110,109,73
5456,Cudrefin,672,343,340,200
5457,Donatyre,106,70,68,43
5458,Faoug,424,227,224,152
5459,Montmagny,118,60,60,32
5460,Mur (VD),140,89,88,63
5461,Oleyres,157,91,89,42
5462,Vallamand,275,132,132,92
5463,Villars-le-Grand,213,107,106,73
5471,Bettens,187,117,117,69
5472,Bournens,194,132,127,73
5473,Boussens,495,322,321,193
5474,La Chaux (Cossonay),239,139,134,95
5475,Chavannes-le-Veyron,83,62,61,46
5476,Chevilly,146,83,82,59
5477,Cossonay,1719,984,977,625
5478,Cottens (VD),264,149,148,107
5479,Cuarnens,269,170,168,119
5480,Daillens,444,257,255,174
5481,Dizy,121,74,72,52
5482,Eclépens,586,376,372,241
5483,Ferreyres,156,103,103,65
5484,Gollion,407,287,278,167
5485,Grancy,230,139,139,99
5486,L'Isle,647,318,316,194
5487,Lussery-Villars,220,135,133,78
5488,Mauraz,39,26,26,14
5489,Mex (VD),364,229,229,142
5490,Moiry,151,94,94,61
5491,Mont-la-Ville,236,133,132,69
5492,Montricher,520,324,322,208
5493,Orny,223,118,117,76
5494,Pampigny,572,302,299,196
5495,Penthalaz,1495,849,839,494
5496,Penthaz,867,526,523,290
5497,Pompaples,422,214,210,130
5498,La Sarraz,1000,575,568,400
5499,Senarclens,237,158,151,92
5500,Sévery,151,85,84,61
5501,Sullens,579,368,364,196
5503,Vufflens-la-Ville,759,469,461,302
5511,Assens,590,355,352,217
5512,Bercher,622,348,340,224
5513,Bioley-Orjulaz,211,132,131,75
5514,Bottens,685,394,389,232
5515,Bretigny-sur-Morrens,457,254,253,164
5516,Cugy (VD),1369,822,817,540
5517,Dommartin,183,104,104,75
5518,Echallens,2881,1651,1631,1029
5519,Eclagnens,70,37,36,25
5520,Essertines-sur-Yverdon,515,288,283,149
5521,Etagnières,528,324,320,189
5522,Fey,335,205,200,131
5523,Froideville,1053,664,657,397
5524,Goumoens-la-Ville,446,269,265,158
5525,Goumoens-le-Jux,18,15,15,8
5526,Malapalud,44,30,30,23
5527,Morrens (VD),638,432,429,272
5528,Naz,60,44,43,26
5529,Oulens-sous-Echallens,300,194,189,115
5530,Pailly,283,177,176,99
5531,Penthéréaz,249,149,148,102
5532,Poliez-le-Grand,387,220,219,137
5533,Poliez-Pittet,429,240,237,127
5534,Rueyres,146,83,82,54
5535,Saint-Barthélemy (VD),403,223,221,140
5536,Sugnens,177,108,108,67
5537,Villars-le-Terroir,541,301,300,172
5538,Villars-Tiercelin,252,163,162,101
5539,Vuarrens,423,212,209,129
5551,Bonvillars,289,177,175,103
5552,Bullet,440,258,258,126
5553,Champagne,429,248,245,141
5554,Concise,483,302,301,196
5555,Corcelles-près-Concise,191,100,98,72
5556,Fiez,240,151,151,109
5557,Fontaines-sur-Grandson,92,54,54,30
5558,Fontanezier,54,40,40,16
5559,Giez,252,161,159,105
5560,Grandevent,133,87,86,55
5561,Grandson,1855,1033,1021,657
5562,Mauborget,75,50,50,23
5563,Mutrux,94,52,51,20
5564,Novalles,79,54,54,31
5565,Onnens (VD),276,147,147,100
5566,Provence,245,120,120,71
5567,Romairon,26,14,14,6
5568,Sainte-Croix,3050,1621,1611,904
5569,Vaugondry,23,14,13,8
5570,Villars-Burquin,373,214,213,135
5581,Belmont-sur-Lausanne,1711,1101,1089,773
5582,Cheseaux-sur-Lausanne,1928,1129,1117,725
5583,Crissier,2919,1637,1622,1004
5584,Epalinges,4750,3067,3045,2150
5585,Jouxtens-Mezery,792,536,530,424
5586,Lausanne,60903,32756,32447,22259
5587,Le Mont-sur-Lausanne,3403,2162,2145,1490
5588,Paudex,809,516,514,348
5589,Prilly,5796,3165,3146,1898
5590,Pully,10238,6425,6375,4827
5591,Renens (VD),7032,3831,3793,2130
5592,Romanel-sur-Lausanne,1963,1163,1150,718
5601,Chexbres,1339,845,839,565
5602,Cully,1137,729,724,536
5603,Epesses,205,138,134,99
5604,Forel (Lavaux),1196,631,620,364
5605,Grandvaux,1320,871,865,635
5606,Lutry,5495,3488,3466,2569
5607,Puidoux,1370,762,757,508
5608,Riex,191,151,148,89
5609,Rivaz,209,149,148,112
5610,Saint-Saphorin (Lavaux),247,168,165,130
5611,Savigny,2062,1255,1244,834
5612,Villette (Lavaux),378,287,284,209
5621,Aclens,236,158,156,115
5622,Bremblens,287,176,176,128
5623,Buchillon,392,290,285,190
5624,Bussigny-près-Lausanne,4023,2257,2243,1418
5625,Bussy-Chardonney,216,148,145,113
5627,Chavannes-près-Renens,2454,1304,1288,691
5628,Chigny,158,103,102,78
5629,Clarmont,104,61,60,43
5630,Colombier (VD),327,197,194,138
5631,Denens,392,253,250,190
5632,Denges,742,444,443,279
5633,Echandens,1352,882,877,610
5634,Echichens,658,383,376,285
5635,Ecublens (VD),4811,2793,2691,1576
5636,Etoy,1248,753,745,582
5637,Lavigny,410,270,268,203
5638,Lonay,1370,887,876,580
5639,Lully (VD),470,304,302,248
5640,Lussy-sur-Morges,346,205,203,165
5641,Monnaz,218,157,153,123
5642,Morges,8130,4749,4704,3127
5643,Préverenges,2597,1584,1580,1107
5644,Reverolle,222,134,130,93
5645,Romanel-sur-Morges,298,199,198,137
5646,Saint-Prex,2472,1439,1432,979
5647,Saint-Saphorin-sur-Morges,249,154,152,102
5648,Saint-Sulpice (VD),1909,1255,1242,863
5649,Tolochenaz,935,598,578,368
5650,Vaux-sur-Morges,99,73,68,54
5651,Villars-Sainte-Croix,387,227,224,127
5652,Villars-sous-Yens,346,233,231,153
5653,Vufflens-le-Château,424,284,282,211
5654,Vullierens,279,170,166,128
5655,Yens,642,422,418,272
5661,Boulens,159,101,101,65
5662,Brenles,112,68,67,48
5663,Bussy-sur-Moudon,152,75,74,43
5664,Chapelle-sur-Moudon,236,141,139,86
5665,Chavannes-sur-Moudon,149,77,77,37
5666,Chesalles-sur-Moudon,110,56,56,32
5667,Correvon,74,39,39,29
5668,Cremin,41,23,23,11
5669,Curtilles,213,118,117,65
5670,Denezy,108,63,63,28
5671,Dompierre (VD),181,103,102,59
5672,Forel-sur-Lucens,101,76,76,60
5673,Hermenches,216,114,112,72
5674,Lovatens,105,56,54,29
5675,Lucens,1190,637,632,322
5676,Martherenges,53,39,39,23
5677,Montaubion-Chardonney,62,46,43,20
5678,Moudon,2126,1065,1053,616
5679,Neyruz-sur-Moudon,95,65,63,40
5680,Ogens,181,92,90,42
5681,Oulens-sur-Lucens,42,25,25,15
5682,Peyres-Possens,92,43,42,30
5683,Prévonloup,95,48,48,36
5684,Rossenges,33,21,21,13
5685,Saint-Cierges,326,186,184,119
5686,Sarzens,45,26,26,17
5687,Sottens,156,87,87,51
5688,Syens,86,50,50,28
5689,Thierrens,404,219,216,139
5690,Villars-le-Comte,105,66,66,29
5691,Villars-Mendraz,140,99,97,65
5692,Vucherens,347,190,186,102
5701,Arnex-sur-Nyon,66,48,48,31
5702,Arzier,1181,710,706,457
5703,Bassins,573,352,348,227
5704,Begnins,836,517,513,323
5705,Bogis-Bossey,401,247,247,182
5706,Borex,530,352,350,252
5707,Chavannes-de-Bogis,510,300,299,183
5708,Chavannes-des-Bois,219,132,131,92
5709,Chéserex,695,437,435,308
5710,Coinsins,226,119,116,84
5711,Commugny,1270,790,785,569
5712,Coppet,1234,769,760,544
5713,Crans-près-Celigny,1099,705,698,511
5714,Crassier,517,333,329,220
5715,Duillier,583,360,357,265
5716,Eysins,547,331,327,220
5717,Founex,1273,788,781,585
5718,Genolier,933,586,579,424
5719,Gingins,632,381,376,269
5720,Givrins,508,350,348,265
5721,Gland,5428,3043,3009,1944
5722,Grens,186,130,129,105
5723,Mies,808,486,479,322
5724,Nyon,8659,5000,4956,3378
5725,Prangins,1956,1251,1232,897
5726,La Rippe,532,314,309,213
5727,Saint-Cergue,1071,585,584,314
5728,Signy-Avenex,252,171,170,110
5729,Tannay,692,441,440,316
5730,Trélex,685,440,439,321
5731,Le Vaud,646,384,382,278
5732,Vich,421,240,238,160
5741,L'Abergement,165,105,102,45
5742,Agiez,155,89,87,69
5743,Arnex-sur-Orbe,381,235,235,138
5744,Ballaigues,603,370,363,216
5745,Baulmes,621,332,321,197
5746,Bavois,481,228,225,137
5747,Bofflens,124,71,71,45
5748,Bretonnières,164,113,110,63
5749,Chavornay,1828,919,908,528
5750,Les Clées,115,81,80,56
5751,Corcelles-sur-Chavornay,206,114,113,82
5752,Croy,223,142,140,86
5754,Juriens,194,115,113,84
5755,Lignerolle,247,128,126,86
5756,Montcherand,266,154,151,80
5757,Orbe,2893,1483,1459,887
5758,La Praz,115,85,85,41
5759,Premier,157,106,104,70
5760,Rances,325,192,188,120
5761,Romainmôtier-Envy,304,189,188,122
5762,Sergey,81,56,53,24
5763,Valeyres-sous-Rances,326,207,204,116
5764,Vallorbe,1910,1035,1022,499
5765,Vaulion,329,187,184,86
5766,Vuiteboeuf,271,130,122,80
5781,Bussigny-sur-Oron,45,33,32,19
5782,Carrouge (VD),584,323,319,187
5783,Châtillens,281,141,141,88
5784,Chesalles-sur-Oron,108,62,62,32
5785,Corcelles-le-Jorat,322,182,180,104
5786,Les Cullayes,458,276,270,205
5787,Ecoteaux,243,155,154,99
5788,Essertes,188,118,117,82
5789,Ferlens (VD),206,126,123,86
5790,Maracon,301,178,177,122
5791,Mézières (VD),706,399,394,256
5792,Montpreveyres,282,162,160,92
5793,Oron-la-Ville,780,440,436,234
5794,Oron-le-Châtel,172,100,99,62
5795,Palézieux,737,378,377,222
5796,Peney-le-Jorat,226,150,149,96
5798,Ropraz,259,144,141,72
5799,Servion,668,377,375,246
5800,Les Tavernes,78,49,49,32
5801,Les Thioleyres,132,79,79,38
5802,Vuibroye,89,55,55,32
5803,Vulliens,295,180,178,108
5811,Cerniaz (VD),43,25,25,16
5812,Champtauroz,76,53,53,33
5813,Chevroux,287,170,170,81
5814,Combremont-le-Grand,203,116,116,71
5815,Combremont-le-Petit,258,136,130,83
5816,Corcelles-près-Payerne,1231,714,713,420
5817,Grandcour,571,318,314,177
5818,Granges-près-Marnand,695,368,363,213
5819,Henniez,185,106,104,44
5820,Marnand,96,57,56,26
5821,Missy,195,119,118,89
5822,Payerne,4423,2225,2207,1204
5823,Rossens (VD),38,20,20,7
5824,Sassel,114,66,66,33
5825,Sédeilles,110,61,59,34
5826,Seigneux,185,115,108,73
5827,Trey,164,98,98,54
5828,Treytorrens (Payerne),92,50,50,26
5829,Villars-Bramard,78,43,43,22
5830,Villarzel,124,81,78,51
5841,Château-d'Oex,2029,1036,1029,598
5842,Rossinière,331,172,171,94
5843,Rougemont,601,256,252,122
5851,Allaman,241,173,173,123
5852,Bursinel,224,139,137,94
5853,Bursins,401,262,260,190
5854,Burtigny,186,112,109,61
5855,Dully,247,169,167,112
5856,Essertines-sur-Rolle,310,194,192,139
5857,Gilly,522,338,333,222
5858,Luins,258,133,132,94
5859,Mont-sur-Rolle,1103,666,662,445
5860,Perroy,745,445,439,276
5861,Rolle,2161,1244,1234,843
5862,Tartegnin,129,87,86,56
5863,Vinzel,170,129,129,99
5871,L'Abbaye,867,476,474,283
5872,Le Chenit,2563,1321,1298,770
5873,Le Lieu,580,305,304,177
5881,Blonay,3325,2016,1999,1451
5882,Chardonne,1708,1049,1042,764
5883,Corseaux,1411,882,874,643
5884,Corsier-sur-Vevey,1827,1148,1139,649
5885,Jongny,879,586,576,427
5886,Montreux,11133,5807,5765,3684
5888,Saint-Légier-La Chiésaz,2727,1714,1705,1235
5889,La Tour-de-Peilz,6375,3813,3769,2586
5890,Vevey,7829,4132,4096,2705
5891,Veytaux,506,287,282,192
5902,Belmont-sur-Yverdon,184,95,92,65
5903,Bioley-Magnoux,136,94,92,49
5904,Chamblon,397,224,219,156
5905,Champvent,226,141,139,90
5906,Chanéaz,70,46,45,38
5907,Chavannes-le-Chêne,179,86,86,38
5908,Chêne-Pâquier,77,55,54,29
5909,Cheseaux-Noréaz,373,257,255,183
5910,Cronay,236,158,157,91
5911,Cuarny,133,85,85,32
5912,Démoret,99,66,64,43
5913,Donneloye,237,142,140,67
5914,Ependes (VD),220,114,112,61
5915,Essert-Pittet,92,48,47,25
5916,Essert-sous-Champvent,84,38,38,23
5917,Gossens,89,56,55,34
5918,Gressy,110,60,60,34
5919,Mathod,312,192,192,133
5920,Mézery-près-Donneloye,46,35,35,25
5921,Molondin,134,81,81,55
5922,Montagny-près-Yverdon,411,237,237,149
5923,Oppens,118,77,74,50
5924,Orges,150,74,72,50
5925,Orzens,153,109,106,69
5926,Pomy,416,249,241,150
5927,Prahins,95,67,67,49
5928,Rovray,94,70,69,40
5929,Suchy,243,149,145,98
5930,Suscévaz,137,85,85,45
5931,Treycovagnes,307,168,164,90
5932,Ursins,132,84,84,49
5933,Valeyres-sous-Montagny,382,217,217,124
5934,Valeyres-sous-Ursins,146,111,111,58
5935,Villars-Epeney,40,28,28,20
5936,Villars-sous-Champvent,36,28,28,13
5937,Vugelles-la Mothe,66,43,43,26
5938,Yverdon-les-Bains,13218,7203,7126,4234
5939,Yvonand,1565,895,890,539
6001,Birgisch,170,79,79,26
6002,Brig-Glis,8519,3809,3703,1974
6004,Eggerberg,285,162,159,54
6006,Mund,455,222,215,95
6007,Naters,5978,2802,2763,1419
6008,Ried-Brig,1365,727,721,315
6009,Simplon,271,155,154,59
6010,Termen,622,310,307,149
6011,Zwischbergen,94,57,56,10
6021,Ardon,1360,837,804,421
6022,Chamoson,2007,1270,1238,618
6023,Conthey,4766,2837,2748,1449
6024,Nendaz,4214,2617,2509,1259
6025,Vétroz,2531,1578,1500,779
6031,Bagnes,4393,2094,2072,1181
6032,Bourg-Saint-Pierre,161,121,121,58
6033,Liddes,521,332,328,179
6034,Orsières,2057,1389,1337,638
6035,Sembrancher,634,428,412,150
6036,Vollèges,1090,693,683,384
6052,Bellwald,295,162,162,90
6054,Binn,119,57,56,23
6055,Blitzingen,59,28,27,14
6056,Ernen,431,204,201,102
6057,Fiesch,695,351,344,201
6058,Fieschertal,223,164,155,64
6061,Lax,233,96,96,56
6064,Niederwald,51,32,30,22
6065,Obergesteln,179,75,75,47
6066,Oberwald,185,103,103,49
6071,Ulrichen,170,79,77,49
6073,Grafschaft,171,86,86,37
6074,Münster-Geschinen,395,193,188,95
6075,Reckingen-Gluringen,410,209,207,105
6081,Les Agettes,244,149,145,82
6082,Ayent,2588,1542,1505,930
6083,Evolène,1265,834,824,385
6084,Hérémence,1123,785,782,434
6085,Mase,200,152,144,80
6086,Nax,352,227,226,149
6087,Saint-Martin (VS),776,539,536,272
6088,Vernamiège,149,88,88,45
6089,Vex,1015,684,676,393
6101,Agarn,558,312,309,130
6102,Albinen,204,115,113,48
6103,Bratsch,416,231,226,82
6104,Ergisch,148,67,67,24
6105,Erschmatt,242,125,125,70
6107,Gampel,936,566,561,242
6109,Inden,81,54,54,33
6110,Leuk,2406,1321,1265,625
6111,Leukerbad,850,445,434,235
6112,Oberems,97,39,39,19
6113,Salgesch,978,563,545,213
6114,Turtmann,731,358,352,157
6115,Unterems,118,62,62,19
6116,Varen,515,291,291,128
6117,Guttet-Feschel,339,169,169,62
6131,Bovernier,585,451,449,169
6132,Charrat,771,524,504,245
6133,Fully,4033,2546,2430,1230
6134,Isérables,803,530,511,188
6135,Leytron,1692,1115,1076,442
6136,Martigny,8690,5050,4982,2940
6137,Martigny-Combe,1394,836,817,451
6139,Riddes,1523,949,941,413
6140,Saillon,1115,715,703,380
6141,Saxon,2271,1397,1338,571
6142,Trient,104,80,73,35
6151,Champéry,858,577,571,317
6152,Collombey-Muraz,3712,2083,2062,1029
6153,Monthey,8689,4917,4623,2640
6154,Port-Valais,1638,898,843,352
6155,Saint-Gingolph,590,365,361,156
6156,Troistorrents,2814,1637,1597,716
6157,Val-d'Illiez,1128,744,721,261
6158,Vionnaz,1308,804,759,389
6159,Vouvry,1896,1157,1125,543
6171,Betten,362,175,172,109
6172,Bister,25,17,17,9
6173,Bitsch,576,270,252,119
6174,Filet,113,58,57,35
6177,Grengiols,363,160,160,76
6178,Martisberg,24,13,13,4
6179,Mörel,377,191,189,107
6181,Riederalp,427,218,218,132
6191,Ausserberg,514,315,313,119
6192,Blatten,263,134,130,66
6193,Bürchen,593,303,302,152
6194,Eischoll,411,196,196,109
6195,Ferden,249,121,114,47
6196,Hohtenn,170,93,92,33
6197,Kippel,321,145,138,77
6198,Niedergesteln,476,231,230,113
6199,Raron,1304,599,574,318
6200,Steg,1034,533,520,248
6201,Unterbäch,345,170,167,99
6202,Wiler (Lötschen),402,177,174,72
6211,Collonges,403,257,255,155
6212,Dorénaz,443,304,296,124
6213,Evionnaz,730,456,447,235
6214,Finhaut,268,153,150,106
6215,Massongex,947,538,518,277
6216,Mex (VS),101,50,49,25
6217,Saint-Maurice,2350,1522,1457,870
6218,Salvan,901,606,576,356
6219,Vernayaz,1061,674,661,333
6220,Vérossaz,374,253,250,132
6231,Ayer,523,335,331,193
6232,Chalais,1993,1255,1234,684
6233,Chandolin,83,69,69,42
6234,Chermignon,1726,1103,1063,584
6235,Chippis,835,573,551,323
6237,Grimentz,293,223,222,156
6238,Grône,1399,860,828,308
6239,Icogne,376,230,220,113
6240,Lens,2208,1403,1350,691
6241,Miège,728,419,418,268
6242,Mollens (VS),511,315,313,195
6243,Montana,1434,844,837,461
6244,Randogne,1475,821,797,455
6245,Saint-Jean,188,108,108,62
6246,Saint-Leonard,1397,900,853,448
6247,Saint-Luc,256,179,175,116
6248,Sierre,9014,5074,4987,2876
6249,Venthône,783,545,530,345
6250,Veyras,1092,718,706,452
6251,Vissoie,329,237,235,162
6261,Arbaz,704,456,450,270
6263,Grimisuat,1765,1115,1094,704
6264,Salins,710,471,463,220
6265,Savièse,4346,2796,2768,1359
6266,Sion,17347,9747,9461,5965
6267,Veysonnaz,387,241,238,131
6281,Baltschieder,854,365,362,199
6282,Eisten,182,94,92,24
6283,Embd,267,121,121,40
6285,Grächen,1003,339,332,160
6286,Lalden,505,240,234,113
6287,Randa,283,146,142,55
6288,Saas Almagell,274,148,148,85
6289,Saas Balen,317,200,199,64
6290,Saas Fee,1006,534,532,394
6291,Saas Grund,810,394,392,145
6292,St. Niklaus,1780,675,653,234
6293,Stalden (VS),913,540,536,210
6294,Staldenried,440,258,252,110
6295,Täsch,488,206,202,75
6296,Törbel,396,202,199,63
6297,Visp,4459,2058,1998,1118
6298,Visperterminen,1103,503,497,288
6299,Zeneggen,192,82,80,52
6300,Zermatt,2935,1335,1301,615
6401,Auvernier,1157,816,807,614
6402,Bevaix,2388,1490,1475,969
6403,Bôle,1278,831,828,589
6404,Boudry,3045,1767,1757,1124
6405,Brot-Dessous,96,57,55,30
6406,Colombier (NE),3260,2038,2014,1429
6407,Corcelles-Cormondrèche,2737,1673,1660,1212
6408,Cortaillod,2839,1765,1749,1179
6409,Fresens,151,86,83,57
6410,Gorgier,1257,761,756,492
6411,Montalchez,156,83,81,33
6412,Peseux,3202,1880,1850,1194
6413,Rochefort,778,498,490,348
6414,Saint-Aubin-Sauges,1485,851,840,578
6415,Vaumarcus,156,98,96,70
6421,La Chaux-de-Fonds,22111,13531,13335,7968
6422,Les Planchettes,153,80,80,48
6423,La Sagne,797,438,436,251
6431,Les Brenets,846,517,506,308
6432,La Brévine,546,319,314,170
6433,Brot-Plamboz,195,125,123,58
6434,Le Cerneux-Péquignot,252,142,141,76
6435,La Chaux-du-Milieu,328,201,201,146
6436,Le Locle,6434,3907,3873,2263
6437,Les Ponts-de-Martel,927,557,550,291
6451,Cornaux,964,598,595,342
6452,Cressier (NE),1031,612,608,451
6453,Enges,219,138,136,96
6454,Hauterive (NE),1592,992,987,734
6455,Le Landeron,2893,1682,1670,1139
6456,Lignières,633,366,364,241
6457,Marin-Epagnier,2314,1337,1327,940
6458,Neuchâtel,19147,11461,11359,8146
6459,Saint-Blaise,2054,1346,1343,1041
6460,Thielle-Wavre,386,263,261,209
6471,Boudevilliers,482,280,276,193
6472,Cernier,1386,793,790,517
6473,Chézard-Saint-Martin,1128,713,705,442
6474,Coffrane,424,269,265,143
6475,Dombresson,1048,586,581,372
6476,Engollon,69,42,42,30
6477,Fenin-Vilars-Saules,581,377,373,269
6478,Fontainemelon,1048,643,634,392
6479,Fontaines (NE),643,389,386,260
6480,Les Geneveys-sur-Coffrane,842,530,525,328
6481,Les Hauts-Geneveys,620,402,399,248
6482,Montmollin,358,217,213,138
6483,Le Pâquier (NE),167,102,101,65
6484,Savagnier,698,439,436,279
6485,Valangin,265,174,171,123
6486,Villiers,287,207,206,124
6501,Les Bayards,294,143,143,72
6502,Boveresse,284,157,157,80
6503,Buttes,453,274,268,140
6504,La Côte-aux-Fées,390,242,238,140
6505,Couvet,1679,954,946,537
6506,Fleurier,2325,1211,1208,677
6507,Môtiers (NE),607,362,361,235
6508,Noiraigue,348,206,203,102
6509,Saint-Sulpice (NE),427,214,211,112
6510,Travers,887,472,469,278
6511,Les Verrières,584,304,303,154
6601,Aire-la-Ville,473,363,361,198
6602,Anières,1224,844,834,587
6603,Avully,1078,703,693,354
6604,Avusy,796,544,536,342
6605,Bardonnex,1263,894,885,511
6606,Bellevue,1243,781,779,423
6607,Bernex,5724,3734,3708,2213
6608,Carouge (GE),9259,5796,5752,3151
6609,Cartigny,475,359,356,251
6610,Céligny,347,231,230,150
6611,Chancy,551,363,362,187
6612,Chêne-Bougeries,5703,3865,3846,2655
6613,Chêne-Bourg,3867,2382,2355,1244
6614,Choulex,606,413,409,262
6615,Collex-Bossy,803,560,554,343
6616,Collonge-Bellerive,3779,2676,2651,1807
6617,Cologny,2539,1729,1720,1235
6618,Confignon,2175,1525,1511,1007
6619,Corsier (GE),947,636,634,405
6620,Dardagny,691,471,466,266
6621,Genève,83875,50608,50135,29751
6622,Genthod,1264,843,832,508
6623,Le Grand-Saconnex,4030,2474,2448,1323
6624,Gy,227,160,157,120
6625,Hermance,495,355,353,247
6626,Jussy,695,485,480,268
6627,Laconnex,369,271,264,185
6628,Lancy,13686,8688,8620,4266
6629,Meinier,1089,729,724,426
6630,Meyrin,9245,5677,5636,2647
6631,Onex,8883,5553,5506,2644
6632,Perly-Certoux,1583,1021,1007,554
6633,Plan-les-Ouates,4776,3205,3174,1916
6634,Pregny-Chambésy,1414,954,946,604
6635,Presinge,380,243,240,156
6636,Puplinge,1316,879,872,517
6637,Russin,247,173,170,106
6638,Satigny,1644,1117,1106,688
6639,Soral,444,286,279,172
6640,Thônex,6726,4428,4395,2357
6641,Troinex,1270,904,893,636
6642,Vandoeuvres,1385,962,952,680
6643,Vernier,12877,7664,7593,3383
6644,Versoix,5235,3216,3186,1792
6645,Veyrier,5516,3713,3685,2362
6701,Bassecourt,2152,1101,1088,620
6702,Boécourt,576,268,267,160
6703,Bourrignon,237,144,144,93
6704,Châtillon (JU),298,167,167,100
6705,Corban,362,171,170,110
6706,Courchapoix,300,146,145,96
6707,Courfaivre,1069,536,527,287
6708,Courrendlin,1561,791,784,419
6709,Courroux,2033,972,959,535
6710,Courtételle,1505,747,742,452
6711,Delémont,7147,3676,3640,2559
6712,Develier,871,428,423,280
6713,Ederswiler,93,44,44,3
6714,Glovelier,842,452,447,271
6715,Mervelier,442,238,238,145
6716,Mettembert,89,51,51,33
6717,Montsevelier,393,175,172,107
6718,Movelier,318,163,160,62
6719,Pleigne,320,186,185,103
6720,Rebeuvelier,263,138,137,81
6721,Rossemaison,412,223,223,156
6722,Saulcy,196,95,94,66
6723,Soulce,182,96,95,50
6724,Soyhières,307,143,142,82
6725,Undervelier,218,103,102,59
6726,Vermes,251,114,112,58
6727,Vicques,1223,658,649,391
6728,Vellerat,53,36,34,17
6741,Le Bémont (JU),260,109,109,65
6742,Les Bois,793,370,362,249
6743,Les Breuleux,950,512,505,328
6744,La Chaux-des-Breuleux,84,45,45,35
6745,Les Enfers,106,60,59,42
6746,Epauvillers,127,70,69,44
6747,Epiquerez,72,35,35,22
6748,Les Genevez (JU),392,165,164,101
6749,Goumois,77,33,33,19
6750,Lajoux (JU),527,250,243,180
6751,Montfaucon,380,197,196,112
6752,Montfavergier,24,14,14,12
6753,Muriaux,362,188,185,122
6754,Le Noirmont,1119,570,560,326
6755,Le Peuchapatte,44,28,27,11
6756,Les Pommerats,181,73,71,37
6757,Saignelégier,1503,768,755,520
6758,Saint-Brais,175,79,77,36
6759,Soubey,129,70,70,27
6771,Alle,1134,648,640,323
6772,Asuel,157,71,71,29
6773,Beurnevésin,119,74,72,30
6774,Boncourt,1079,562,561,318
6775,Bonfol,581,368,362,164
6776,Bressaucourt,270,126,125,68
6777,Buix,367,166,164,84
6778,Bure,550,338,335,123
6779,Charmoille,252,128,127,56
6780,Chevenez,539,267,263,121
6781,Coeuve,490,235,232,107
6782,Cornol,636,351,345,149
6783,Courchavon,204,138,136,60
6784,Courgenay,1546,809,804,393
6785,Courtedoux,572,322,318,154
6786,Courtemaîche,492,279,273,108
6787,Damphreux,122,71,71,32
6788,Damvant,113,66,65,31
6789,Fahy,287,138,136,50
6790,Fontenais,954,523,516,326
6791,Fregiécourt,110,49,49,29
6792,Grandfontaine,272,126,125,58
6793,Lugnez,157,92,91,37
6794,Miécourt,336,207,205,98
6795,Montenol,59,35,34,25
6796,Montignez,186,105,105,40
6797,Montmelon,83,55,53,15
6798,Ocourt,100,52,51,19
6799,Pleujouse,77,42,42,19
6800,Porrentruy,4565,2344,2322,1484
6801,Réclère,160,88,88,34
6802,Roche-d'Or,41,25,25,17
6803,Rocourt,123,83,81,48
6804,Saint-Ursanne,554,261,257,151
6805,Seleute,53,30,29,14
6806,Vendlincourt,431,225,222,95
9030,LU-Ausland-CH,2963,1599,1556,1176
9120,BS-Ausland-CH,5078,2650,2646,2107
9160,AI-Ausland-CH,210,92,92,67
9220,VD-Ausland-CH,9851,4991,4953,3747
9250,GE-Ausland-CH,12938,7366,7350,5294
