bfs_gmde_nummer_1988,bfs_gmde_name_1988,Stimmberechtigte,Abgegebene Stimmen,Gültige Stimmen,JA
1,Aeugst am Albis,756,452,447,89
2,Affoltern am Albis,5384,2928,2882,973
3,Bonstetten,1721,1164,1150,307
4,Hausen am Albis,1694,1035,1029,287
5,Hedingen,1398,805,798,224
6,Kappel am Albis,450,341,339,84
7,Knonau,646,505,496,127
8,Maschwanden,328,251,247,68
9,Mettmenstetten,1842,1222,1211,316
10,Obfelden,2282,1189,1181,356
11,Ottenbach,1280,691,686,174
12,Rifferswil,412,342,334,69
13,Stallikon,1284,755,741,148
14,Wettswil am Albis,2270,1468,1458,433
21,Adlikon,345,280,277,83
22,Benken (ZH),434,360,352,103
23,Berg am Irchel,304,258,254,76
24,Buch am Irchel,360,275,272,97
25,Dachsen,830,539,533,144
26,Dorf,258,194,191,50
27,Feuerthalen,1836,968,954,293
28,Flaach,661,493,485,115
29,Flurlingen,784,546,541,134
30,Andelfingen,1054,730,719,203
31,Henggart,755,566,559,193
32,Humlikon,232,177,174,31
33,Kleinandelfingen,928,653,647,178
34,Laufen-Uhwiesen,961,620,612,167
35,Marthalen,1014,703,692,189
36,Oberstammheim,651,497,487,177
37,Ossingen,762,513,508,145
38,Rheinau,773,500,493,155
39,Thalheim an der Thur,366,282,278,101
40,Trüllikon,675,469,467,120
41,Truttikon,252,188,186,55
42,Unterstammheim,533,339,336,83
43,Volken,155,124,124,36
44,Waltalingen,360,267,264,72
51,Bachenbülach,1511,801,786,316
52,Bassersdorf,4260,2458,2422,873
53,Bülach,8059,4469,4413,1728
54,Dietlikon,3712,1948,1926,593
55,Eglisau,1725,1090,1078,294
56,Embrach,4083,1908,1895,686
57,Freienstein-Teufen,1039,645,633,236
58,Glattfelden,1908,995,984,358
59,Hochfelden,657,402,402,150
60,Höri,942,464,461,190
61,Hüntwangen,514,343,340,113
62,Kloten,9738,5102,5041,2123
63,Lufingen,590,391,388,114
64,Nürensdorf,2594,1649,1636,470
65,Oberembrach,600,397,395,111
66,Opfikon,7084,3293,3265,1365
67,Rafz,1583,1035,1026,368
68,Rorbas,1152,661,655,210
69,Wallisellen,7499,4085,4048,1275
70,Wasterkingen,323,219,213,71
71,Wil (ZH),724,458,452,136
72,Winkel,1539,995,985,313
81,Bachs,364,249,245,63
82,Boppelsen,529,335,332,74
83,Buchs (ZH),2031,1028,1021,362
84,Dällikon,1465,700,693,257
85,Dänikon,550,307,303,87
86,Dielsdorf,2580,1336,1329,563
87,Hüttikon,270,183,181,61
88,Neerach,1180,708,701,227
89,Niederglatt,2153,1072,1064,388
90,Niederhasli,3523,1839,1826,621
91,Niederweningen,926,584,574,191
92,Oberglatt,2405,1149,1135,508
93,Oberweningen,657,422,415,120
94,Otelfingen,1018,623,619,225
95,Regensberg,373,248,246,57
96,Regensdorf,7479,3650,3602,1529
97,Rümlang,3358,1718,1703,759
98,Schleinikon,368,251,250,70
99,Schöfflisdorf,658,433,430,157
100,Stadel,1018,684,680,245
101,Steinmaur,1611,925,915,283
102,Weiach,473,307,303,100
111,Bäretswil,2407,1607,1576,660
112,Bubikon,2814,1649,1621,575
113,Dürnten,3530,1932,1915,780
114,Fischenthal,1022,557,555,232
115,Gossau (ZH),4565,2591,2572,888
116,Grüningen,1576,983,967,322
117,Hinwil,5496,3153,3114,1182
118,Rüti (ZH),6389,3383,3336,1473
119,Seegräben,622,434,428,154
120,Wald (ZH),4576,2580,2545,1028
121,Wetzikon (ZH),10065,4965,4921,2177
131,Adliswil,10264,5294,5235,1796
132,Hirzel,1135,729,722,194
133,Horgen,10170,5825,5744,1947
134,Hütten,486,282,279,107
135,Kilchberg (ZH),5029,3184,3150,783
136,Langnau am Albis,4291,2320,2292,638
137,Oberrieden,3073,1905,1878,558
138,Richterswil,6183,3401,3365,1100
139,Rüschlikon,3302,2048,2027,501
140,Schönenberg (ZH),1118,708,701,205
141,Thalwil,10396,5813,5747,1695
142,Wädenswil,11985,6678,6598,2168
151,Erlenbach (ZH),2921,1817,1805,458
152,Herrliberg,3206,2030,2007,441
153,Hombrechtikon,4242,2556,2538,770
154,Küsnacht (ZH),8756,5670,5604,1406
155,Männedorf,5086,3164,3130,919
156,Meilen,7340,4706,4647,1227
157,Oetwil am See,1931,981,970,299
158,Stäfa,7036,4210,4158,1174
159,Uetikon am See,2461,1607,1591,443
160,Zumikon,3124,2153,2133,423
161,Zollikon,8464,5015,4961,1217
171,Bauma,2215,1276,1259,573
172,Fehraltorf,2231,1285,1271,456
173,Hittnau,1292,770,763,252
174,Illnau-Effretikon,8981,4961,4905,1820
175,Kyburg,230,191,186,81
176,Lindau,1931,1148,1135,421
177,Pfäffikon,5473,3177,3138,1152
178,Russikon,2113,1324,1306,403
179,Sternenberg,238,141,137,46
180,Weisslingen,1564,977,965,355
181,Wila,957,688,679,285
182,Wildberg,502,400,392,115
191,Dübendorf,13179,6637,6575,2698
192,Egg,3965,2377,2346,708
193,Fällanden,4173,2252,2232,615
194,Greifensee,3269,1800,1778,558
195,Maur,4674,2897,2862,684
196,Mönchaltorf,2110,1282,1274,385
197,Schwerzenbach,2084,1103,1095,381
198,Uster,14837,8514,8408,3200
199,Volketswil,7240,3519,3493,1407
200,Wangen-Brüttisellen,2676,1352,1335,497
211,Altikon,357,252,250,83
212,Bertschikon,616,418,418,148
213,Brütten,944,675,665,168
214,Dägerlen,454,347,336,107
215,Dättlikon,326,228,226,81
216,Dinhard,819,586,583,144
217,Elgg,2139,1481,1464,505
218,Ellikon an der Thur,397,286,284,122
219,Elsau,1763,1104,1085,391
220,Hagenbuch,476,335,330,114
221,Hettlingen,1179,831,819,254
222,Hofstetten bei Elgg,282,211,209,55
223,Neftenbach,2249,1336,1326,427
224,Pfungen,1324,783,773,271
225,Rickenbach (ZH),1261,872,863,346
226,Schlatt,369,301,296,102
227,Seuzach,3464,2181,2162,722
228,Turbenthal,2124,1322,1304,573
229,Wiesendangen,2338,1766,1748,618
230,Winterthur,55343,31572,31192,12938
231,Zell (ZH),2578,1428,1420,572
241,Aesch bei Birmensdorf,668,493,486,113
242,Birmensdorf (ZH),3380,1862,1844,520
243,Dietikon,12173,5771,5720,2555
244,Geroldswil,2937,1539,1529,514
245,Oberengstringen,4172,2070,2059,697
246,Oetwil an der Limmat,1445,788,784,248
247,Schlieren,7727,3727,3687,1579
248,Uitikon,2210,1469,1456,331
249,Unterengstringen,1803,1024,1015,318
250,Urdorf,5377,2713,2689,1028
251,Weiningen (ZH),2183,1049,1039,324
253,Zürich,234944,116646,115288,46150
301,Aarberg,2273,1214,1209,366
302,Bargen (BE),541,282,279,98
303,Grossaffoltern,1795,924,923,324
304,Kallnach,918,452,448,155
305,Kappelen,668,389,387,107
306,Lyss,6207,2982,2959,1006
307,Meikirch,1446,853,845,252
308,Niederried bei Kallnach,188,113,113,37
309,Radelfingen,791,568,560,201
310,Rapperswil (BE),1311,767,761,205
311,Schüpfen,1896,1152,1133,299
312,Seedorf (BE),1706,1026,1016,299
321,Aarwangen,2411,1206,1197,432
322,Auswil,315,139,139,51
323,Bannwil,479,215,214,97
324,Bleienbach,444,208,208,92
325,Busswil bei Melchnau,149,93,93,32
326,Gondiswil,546,269,265,81
328,Kleindietwil,347,168,165,58
329,Langenthal,9521,4650,4598,1656
330,Leimiswil,327,178,177,49
331,Lotzwil/Gutenburg,1571,751,743,303
332,Madiswil,1276,693,682,252
333,Melchnau,983,509,502,202
334,Obersteckholz,323,136,135,58
335,Oeschenbach,211,86,86,37
336,Reisiswil,140,72,71,22
337,Roggwil (BE),2280,1130,1121,447
338,Rohrbach,1055,412,407,140
339,Rohrbachgraben,300,153,148,39
340,Rütschelen,375,196,196,78
341,Schwarzhäusern,333,173,171,67
342,Thunstetten,1928,968,957,336
343,Untersteckholz,117,65,65,32
344,Ursenbach,621,285,283,68
345,Wynau,1093,565,555,236
351,Bern,94001,46334,45820,16856
352,Bolligen,4447,2775,2753,751
353,Bremgarten bei Bern,2667,1675,1661,494
354,Kirchlindach,1899,1189,1178,311
355,Köniz,25419,13277,13115,4703
356,Muri bei Bern,9370,5654,5573,1441
357,Oberbalm,597,326,322,147
358,Stettlen,1871,1032,1023,316
359,Vechigen,2866,1886,1864,616
360,Wohlen bei Bern,6020,3648,3616,980
361,Zollikofen,6085,3248,3204,1160
362,Ittigen,7344,3181,3135,1061
363,Ostermundigen,10939,5442,5381,2286
371,Biel (BE),33899,14120,14017,5615
372,Evilard,1647,941,929,190
381,Arch,914,423,421,173
382,Büetigen,410,264,258,78
383,Büren/Meienried,2196,1040,1030,309
384,Busswil bei Büren,1078,531,529,210
385,Diessbach bei Büren,550,313,310,97
386,Dotzigen,842,405,400,133
387,Lengnau (BE),3179,1422,1413,557
388,Leuzigen,820,371,367,154
390,Meinisberg,784,415,413,165
391,Oberwil bei Büren,525,272,271,78
392,Pieterlen,2134,950,944,369
393,Rüti bei Büren,645,303,302,130
394,Wengi,365,177,176,53
401,Aefligen,691,341,339,147
402,Alchenstorf,385,199,198,74
403,Bäriswil,545,321,318,134
404,Burgdorf,10371,5195,5125,2083
405,Ersigen,1034,568,561,189
406,Hasle bei Burgdorf,1945,787,780,291
407,Heimiswil,1192,544,542,218
409,Hindelbank,1361,782,778,247
410,Höchstetten/Hellsau,286,162,162,38
411,Kernenried,291,157,156,51
412,Kirchberg (BE),3190,1838,1824,718
413,Koppigen,1140,782,776,276
414,Krauchthal,1323,837,827,327
415,Lyssach,892,475,469,192
416,Mötschwil/Rüti,218,110,109,29
417,Niederösch/Oberösch,240,157,155,32
418,Oberburg,1987,1149,1136,475
420,Rüdtligen-Alchenflüh,1432,645,637,282
421,Rumendingen,71,50,50,12
423,Willadingen,137,99,98,34
424,Wynigen,1351,725,720,284
431,Corgémont,1003,767,755,303
432,Cormoret,371,173,171,60
433,Cortébert,427,183,183,99
434,Courtelary,750,308,301,105
435,La Ferrière,287,130,128,38
436,La Heutte,339,145,143,39
438,Orvin,776,301,295,89
439,Péry,980,469,460,176
440,Plagne,246,136,132,76
441,Renan (BE),585,262,258,80
442,Romont (BE),119,71,71,32
443,Saint-Imier,3317,1683,1665,641
444,Sonceboz-Sombeval,921,380,369,111
445,Sonvilier,757,410,402,134
446,Tramelan/Mont-Tramelan,3267,1936,1895,636
447,Vauffelin,303,152,151,57
448,Villeret,678,279,277,91
491,Brüttelen,393,198,198,88
492,Erlach,701,361,361,83
493,Finsterhennen,275,140,138,35
494,Gals,424,225,224,68
495,Gampelen,493,232,230,74
496,Ins,1774,923,907,231
497,Lüscherz,296,143,142,42
498,Müntschemier,667,342,340,78
499,Siselen,402,200,197,59
500,Treiten,270,143,143,46
501,Tschugg,244,129,128,26
502,Vinelz,434,218,218,52
531,Ballmoos,41,34,34,4
532,Bangerten,103,72,71,14
533,Bätterkinden,1663,829,821,304
534,Büren zum Hof,265,179,179,44
536,Diemerswil,110,81,79,23
537,Etzelkofen,211,123,120,24
538,Fraubrunnen,944,520,515,138
539,Grafenried,516,306,303,98
540,Jegenstorf,2624,1351,1335,370
541,Iffwil,221,140,139,36
542,Limpach,223,132,132,56
543,Mattstetten,385,259,253,84
544,Moosseedorf,2153,1000,993,376
545,Mülchi,162,99,96,24
546,Münchenbuchsee,5733,3163,3127,1079
547,Münchringen,334,226,224,76
548,Ruppoldsried,127,68,67,15
549,Schalunen,213,123,122,42
550,Scheunen,47,32,32,9
551,Urtenen,3495,1473,1459,508
552,Utzenstorf,2383,1665,1652,664
553,Wiggiswil/Deisswil,130,87,86,22
554,Wiler bei Utzenstorf,585,370,368,118
555,Zauggenried,212,126,124,34
556,Zielebach,198,124,123,44
557,Zuzwil (BE),349,241,239,48
561,Adelboden,2368,1201,1177,292
562,Aeschi bei Spiez,1117,662,656,129
563,Frutigen,4264,1930,1901,559
564,Kandergrund,534,242,242,63
565,Kandersteg,698,367,362,66
566,Krattigen,576,266,265,97
567,Reichenbach im Kandertal,2221,1280,1255,315
571,Beatenberg,880,409,399,101
572,Bönigen,1408,619,611,223
573,Brienz (BE),1982,1129,1115,293
574,Brienzwiler,386,161,157,50
575,Därligen,244,102,102,33
576,Grindelwald,2600,1044,1037,176
577,Gsteigwiler,258,124,122,30
578,Gündlischwand,214,121,120,43
579,Habkern,416,143,142,39
580,Hofstetten bei Brienz,366,142,140,30
581,Interlaken,3393,1688,1674,555
582,Iseltwald,288,130,130,47
584,Lauterbrunnen,2025,908,898,220
585,Leissigen,569,277,274,64
586,Lütschental,184,54,54,10
587,Matten bei Interlaken,2181,1032,1019,346
588,Niederried bei Interlaken,232,100,100,31
589,Oberried am Brienzersee,322,119,118,41
590,Ringgenberg (BE),1596,917,901,254
591,Saxeten,78,33,31,5
592,Schwanden bei Brienz,397,169,165,38
593,Unterseen,3281,2088,2073,611
594,Wilderswil,1372,728,718,229
601,Aeschlen,203,96,94,31
602,Arni (BE),660,322,322,109
603,Biglen,1108,562,558,163
604,Bleiken bei Oberdiessbach,180,88,88,25
605,Bowil,941,382,377,171
606,Brenzikofen,327,176,174,67
607,Freimettigen,229,127,126,42
608,Grosshöchstetten,1965,945,939,295
609,Häutligen,170,79,79,28
610,Herbligen,336,181,181,69
611,Kiesen,485,277,272,65
612,Konolfingen,3278,1683,1676,563
613,Landiswil,473,197,192,60
614,Linden,881,331,331,118
615,Mirchel,351,163,160,61
616,Münsingen,6414,3242,3211,1043
617,Niederhünigen,340,146,144,42
618,Niederwichtrach,761,401,398,126
619,Oberdiessbach,1599,878,864,299
620,Oberthal,576,279,278,76
621,Oberwichtrach,1377,713,708,253
622,Oppligen,356,190,186,55
623,Rubigen,2170,1101,1088,357
624,Schlosswil,421,212,207,75
625,Tägertschi,222,144,144,43
626,Walkringen,1197,697,690,265
627,Worb,7577,4489,4434,1500
628,Zäziwil,927,423,423,133
629,Oberhünigen,220,113,112,36
641,Blauen,378,215,212,77
642,Brislach,705,412,409,350
643,Burg im Leimental,133,74,73,17
644,Dittingen,436,261,260,73
645,Duggingen,606,374,368,157
646,Grellingen,843,685,673,264
647,Laufen,2794,1878,1855,591
648,Liesberg,758,420,412,194
649,Nenzlingen,212,147,147,53
650,Röschenz,896,643,632,401
651,Wahlen,685,535,533,207
652,Zwingen,999,542,535,189
653,Roggenburg,167,83,79,28
662,Ferenbalm,784,405,401,132
663,Frauenkappelen,777,444,439,143
664,Golaten,211,105,104,23
665,Gurbrü,167,109,108,38
666,Kriechenwil,318,181,177,59
667,Laupen,1705,867,855,277
668,Mühleberg,1951,1068,1056,323
669,Münchenwiler/Clavaleyres,276,180,177,51
670,Neuenegg,2996,1673,1652,584
671,Wileroltigen,192,116,116,27
681,Belprahon,225,131,127,53
682,Bévilard,1092,475,463,175
683,Champoz,89,57,55,25
684,Châtelat,102,59,58,12
687,Corcelles (BE),136,60,57,32
690,Court,1005,467,460,179
691,Crémines,384,184,182,77
692,Eschert,246,117,115,61
694,Grandval,259,132,132,63
696,Loveresse,173,89,89,23
697,Malleray,1155,813,794,289
699,Monible,31,14,13,2
700,Moutier,5098,2897,2859,1079
701,Perrefitte,332,207,204,98
702,Pontenet,133,61,59,30
703,Reconvilier,1531,825,813,351
704,Roches (BE),176,105,104,60
706,Saicourt,403,201,198,82
707,Saules (BE),108,65,65,33
708,Schelten,33,17,17,5
709,Seehof,54,16,16,6
710,Sornetan,83,50,50,13
711,Sorvilier,208,88,86,32
712,Souboz,78,52,49,13
713,Tavannes,2082,1198,1178,419
714,Vellerat,48,22,22,16
715,Rebévelier,32,22,20,6
721,Diesse,254,110,109,37
722,Lamboing,400,188,188,83
723,La Neuveville,2011,1541,1520,461
724,Nods,362,158,155,64
725,Prêles,482,243,243,102
731,Aegerten,1198,560,551,203
732,Bellmund,667,423,418,117
733,Brügg,2947,1247,1241,482
734,Bühl,256,157,155,54
735,Epsach,230,112,112,28
736,Hagneck,212,126,125,39
737,Hermrigen,212,99,99,38
738,Jens,419,243,241,82
739,Ipsach,2156,1021,1012,335
740,Ligerz,345,220,218,46
741,Merzligen,286,129,126,38
742,Mörigen,530,341,336,78
743,Nidau,5353,2367,2352,942
744,Orpund,1754,795,785,287
745,Port,1973,983,970,365
746,Safnern,1068,627,621,237
747,Scheuren,253,151,149,49
748,Schwadernau,361,196,195,55
749,Studen,1412,554,549,236
750,Sutz-Lattrigen,622,359,353,137
751,Täuffelen,1681,1027,1018,332
752,Tüscherz-Alfermée,232,140,140,40
753,Twann,551,426,420,112
754,Walperswil,478,260,257,80
755,Worben,1037,491,486,168
761,Därstetten,642,275,272,73
762,Diemtigen,1462,742,731,165
763,Erlenbach im Simmental,1150,597,592,136
764,Niederstocken,346,157,154,56
766,Oberwil im Simmental,650,315,311,101
767,Reutigen,645,353,349,73
768,Spiez,7803,3983,3943,1287
769,Wimmis,1496,727,723,202
781,Gadmen,270,111,109,26
782,Guttannen,288,111,109,29
783,Hasliberg,815,386,386,84
784,Innertkirchen,728,313,309,106
785,Meiringen,2860,1312,1297,378
786,Schattenhalb,432,186,185,43
791,Boltigen,1039,442,435,105
792,Lenk,1557,686,680,172
793,St. Stephan,879,376,366,128
794,Zweisimmen,2112,982,972,254
841,Gsteig,615,341,337,67
842,Lauenen,538,224,219,44
843,Saanen,3977,1932,1901,360
851,Albligen,326,154,150,56
852,Guggisberg,1203,413,411,154
853,Rüschegg,1061,410,401,134
854,Wahlern,3925,1814,1795,578
861,Belp,5725,3168,3132,1151
862,Belpberg,273,152,151,37
863,Burgistein,712,294,291,130
865,Gelterfingen,214,183,179,68
866,Gerzensee,604,345,343,101
867,Gurzelen,504,326,320,162
869,Kaufdorf,468,292,292,90
870,Kehrsatz,2563,1390,1377,377
872,Kirchdorf (BE)/Jaberg,673,358,353,110
873,Kirchenthurnen,235,131,130,45
874,Lohnstorf,132,72,71,31
875,Mühledorf (BE),127,87,87,29
876,Mühlethurnen,764,406,401,145
878,Noflen,161,73,70,24
879,Riggisberg,1252,841,835,286
880,Rüeggisberg,1362,618,611,190
881,Rümligen,266,164,163,40
882,Rüti bei Riggisberg,316,134,131,39
883,Seftigen,1273,892,885,304
884,Toffen,1257,733,722,267
885,Uttigen/Kienersrüti,985,516,508,191
886,Wattenwil,1634,695,678,255
887,Zimmerwald/Englisberg/Niedermuhlern,1160,630,624,215
901,Eggiwil,1675,598,597,168
902,Langnau im Emmental,5914,2732,2694,872
903,Lauperswil,1828,737,727,257
904,Röthenbach im Emmental,877,348,343,104
905,Rüderswil,1473,598,590,201
906,Schangnau,672,254,251,77
907,Signau,1907,765,760,224
908,Trub,1190,463,456,155
909,Trubschachen,1124,406,403,136
921,Amsoldingen,468,275,274,80
922,Blumenstein,790,347,347,114
923,Buchholterberg,1011,423,417,112
924,Eriz,372,170,165,35
925,Fahrni,507,241,237,69
926,Forst/Längenbühl,389,168,167,69
927,Heiligenschwendi,500,354,347,100
928,Heimberg,3297,1524,1512,645
929,Hilterfingen,2948,1667,1643,556
930,Höfen,276,123,121,43
931,Homberg,326,151,150,54
932,Horrenbach-Buchen,197,87,86,26
934,Oberhofen am Thunersee,1538,885,884,253
935,Oberlangenegg,357,191,190,71
936,Pohlern,151,77,76,17
937,Schwendibach,153,101,98,30
938,Sigriswil,2873,1345,1333,497
939,Steffisburg,9422,4389,4357,1637
940,Teuffenthal (BE),130,73,73,27
941,Thierachern,1347,567,565,227
942,Thun,27497,12542,12402,4967
943,Uebeschi,407,196,191,82
944,Uetendorf,3771,2007,1988,806
945,Unterlangenegg,645,264,263,99
946,Wachseldorn,194,90,90,21
947,Zwieselberg,174,85,81,17
951,Affoltern im Emmental,796,423,419,142
952,Dürrenroth,799,325,318,109
953,Eriswil,1017,371,366,113
954,Huttwil,3375,1399,1389,450
955,Lützelflüh,2767,1201,1186,419
956,Rüegsau,1918,987,982,369
957,Sumiswald,3664,1843,1815,662
958,Trachselwald,750,340,334,128
959,Walterswil (BE),392,185,183,56
960,Wyssachen,866,365,355,116
971,Attiswil,961,646,636,280
972,Berken,44,30,30,7
973,Bettenhausen,327,193,193,77
974,Bollodingen,164,90,90,32
975,Farnern,143,84,83,28
976,Graben,189,118,117,40
977,Heimenhausen,235,143,141,41
978,Hermiswil,69,55,53,19
979,Herzogenbuchsee,3541,1661,1647,483
980,Inkwil,468,238,236,104
981,Niederbipp,2284,1412,1403,536
982,Niederönz,806,425,421,158
983,Oberbipp,800,360,359,147
984,Oberönz,581,286,282,86
985,Ochlenberg,481,306,303,62
986,Röthenbach bei Herzogenbuchsee,229,124,123,40
987,Rumisberg,317,171,169,74
988,Seeberg,951,520,511,157
989,Thörigen,659,324,322,77
990,Walliswil bei Niederbipp,137,80,79,28
991,Walliswil bei Wangen,405,188,188,83
992,Wangen an der Aare,1266,879,874,274
993,Wangenried,276,124,123,48
994,Wanzwil,171,98,96,46
995,Wiedlisbach,1318,626,622,252
996,Wolfisberg,116,64,63,24
1001,Doppleschwand,351,186,184,47
1002,Entlebuch,2215,1001,999,301
1003,Escholzmatt,2157,886,882,290
1004,Flühli,1054,555,547,98
1005,Hasle (LU),1106,592,580,136
1006,Marbach (LU),853,318,317,62
1007,Romoos,524,273,270,60
1008,Schüpfheim,2439,1085,1078,227
1009,Werthenstein,1307,669,663,218
1021,Aesch (LU),553,280,279,53
1022,Altwis,217,203,202,55
1023,Ballwil,1187,675,671,163
1024,Emmen,15446,7754,7685,3452
1025,Ermensee,399,198,196,38
1026,Eschenbach (LU),1613,886,881,227
1027,Gelfingen,321,176,175,30
1028,Hämikon,224,116,115,23
1029,Herlisberg,142,98,98,15
1030,Hitzkirch,1087,677,673,158
1031,Hochdorf,4196,2437,2410,605
1032,Hohenrain,1096,609,604,120
1033,Inwil,939,583,581,162
1034,Lieli,102,82,82,14
1035,Mosen,142,95,95,34
1036,Müswangen,190,112,111,22
1037,Rain,951,599,598,86
1038,Retschwil,106,56,55,5
1039,Römerswil,711,403,400,76
1040,Rothenburg,3440,1941,1927,564
1041,Schongau,497,263,262,41
1042,Sulz (LU),100,69,69,12
1051,Adligenswil,2325,1330,1326,281
1052,Buchrain,2262,1225,1218,372
1053,Dierikon,567,259,257,76
1054,Ebikon,6711,3418,3388,1057
1055,Gisikon,359,213,213,44
1056,Greppen,345,158,156,20
1057,Honau,122,69,68,17
1058,Horw,7980,4280,4239,1316
1059,Kriens,15341,7787,7710,2807
1060,Littau,8392,4071,4037,1640
1061,Luzern,42504,21484,21215,7158
1062,Malters,3578,2105,2078,572
1063,Meggen,3782,2330,2318,575
1064,Meierskappel,606,323,320,88
1065,Root,1839,895,892,282
1066,Schwarzenberg,825,451,449,88
1067,Udligenswil,966,525,521,126
1068,Vitznau,643,328,325,43
1069,Weggis,1906,1229,1215,281
1081,Beromünster,1270,743,734,173
1082,Büron,963,393,392,107
1083,Buttisholz,1411,774,766,157
1084,Eich,618,384,381,57
1085,Geuensee,916,430,427,142
1086,Grosswangen,1501,766,759,148
1087,Gunzwil,1234,657,651,139
1088,Hildisrieden,962,631,628,115
1089,Knutwil,930,483,479,128
1090,Kulmerau,145,70,70,22
1091,Mauensee,432,223,223,44
1092,Neudorf,585,306,304,45
1093,Neuenkirch,2736,1610,1598,387
1094,Nottwil,1211,612,608,159
1095,Oberkirch,1434,766,763,150
1096,Pfeffikon,494,300,299,89
1097,Rickenbach (LU),1014,697,694,137
1098,Ruswil,3493,2006,1986,477
1099,Schenkon,960,520,517,113
1100,Schlierbach,349,216,215,32
1101,Schwarzenbach,149,104,104,23
1102,Sempach,1830,1125,1122,199
1103,Sursee,4888,2653,2627,709
1104,Triengen,1513,719,715,196
1105,Wilihof,160,87,87,21
1106,Winikon,425,229,228,58
1107,Wolhusen,2491,1352,1343,354
1121,Alberswil,268,169,169,32
1122,Altbüron,466,234,233,53
1123,Altishofen,641,292,291,50
1124,Buchs (LU),231,102,102,26
1125,Dagmersellen,1834,954,951,226
1126,Ebersecken,275,131,131,24
1127,Egolzwil,531,255,252,49
1128,Ettiswil,987,486,481,87
1129,Fischbach,413,189,180,36
1130,Gettnau,569,278,277,69
1131,Grossdietwil,512,265,262,56
1132,Hergiswil bei Willisau,1149,520,520,105
1133,Kottwil,219,134,133,21
1134,Langnau bei Reiden,753,361,357,98
1135,Luthern,1007,456,454,84
1136,Menznau,1535,656,649,166
1137,Nebikon,1156,596,595,162
1138,Ohmstal,199,102,102,29
1139,Pfaffnau,1413,703,701,147
1140,Reiden,2252,1141,1137,327
1141,Richenthal,380,195,194,48
1142,Roggliswil,419,205,205,45
1143,Schötz,1655,815,810,197
1144,Uffikon,406,196,196,39
1145,Ufhusen,567,291,290,58
1146,Wauwil,819,407,407,145
1147,Wikon,870,432,429,149
1148,Willisau Land,2474,1409,1398,306
1149,Willisau Stadt,2050,1211,1205,285
1150,Zell (LU),1166,603,599,127
1201,Altdorf (UR),5632,2473,2453,662
1202,Andermatt,1055,624,619,131
1203,Attinghausen,887,437,433,132
1204,Bauen,145,91,88,14
1205,Bürglen (UR),2355,1060,1038,320
1206,Erstfeld,2942,1403,1384,503
1207,Flüelen,1124,568,563,204
1208,Göschenen,463,212,212,74
1209,Gurtnellen,567,303,294,94
1210,Hospental,177,106,104,33
1211,Isenthal,369,171,171,28
1212,Realp,157,74,74,9
1213,Schattdorf,3019,1233,1222,410
1214,Seedorf (UR),941,382,381,99
1215,Seelisberg,413,210,203,55
1216,Silenen,1540,510,507,225
1217,Sisikon,232,165,163,57
1218,Spiringen,667,250,245,80
1219,Unterschächen,444,182,178,50
1220,Wassen,436,222,219,43
1301,Einsiedeln,7142,3888,3863,972
1311,Gersau,1196,656,654,148
1321,Feusisberg,1923,930,921,271
1322,Freienbach,7108,3499,3472,1147
1323,Wollerau,2990,1387,1381,438
1331,Küssnacht am Rigi,5989,3417,3395,814
1341,Altendorf,2262,1185,1178,343
1342,Galgenen,2179,1014,1005,371
1343,Innerthal,114,46,46,13
1344,Lachen,3666,1823,1804,606
1345,Reichenburg,1343,662,655,292
1346,Schübelbach,3227,1333,1324,553
1347,Tuggen,1342,609,608,256
1348,Vorderthal,618,222,220,109
1349,Wangen (SZ),2079,1015,1013,411
1361,Alpthal,252,114,114,20
1362,Arth,5257,2569,2556,774
1363,Illgau,372,240,240,32
1364,Ingenbohl,4465,2227,2212,700
1365,Lauerz,454,269,268,73
1366,Morschach,451,223,223,57
1367,Muotathal,2079,1083,1080,300
1368,Oberiberg,375,196,196,59
1369,Riemenstalden,48,26,25,5
1370,Rothenthurm,895,526,522,192
1371,Sattel,810,451,448,110
1372,Schwyz,8092,4319,4284,1257
1373,Steinen,1544,856,851,184
1374,Steinerberg,406,215,212,64
1375,Unteriberg,1109,497,496,165
1401,Alpnach,2631,1329,1299,362
1402,Engelberg,1962,1027,1021,243
1403,Giswil,2028,887,879,235
1404,Kerns,3039,1436,1421,381
1405,Lungern,1324,665,661,135
1406,Sachseln,2407,1223,1208,302
1407,Sarnen,5348,2819,2786,706
1501,Beckenried,1667,803,794,201
1502,Buochs,2778,1505,1486,431
1503,Dallenwil,950,578,568,163
1504,Emmetten,640,269,267,53
1505,Ennetbürgen,2320,1250,1233,326
1506,Ennetmoos,1058,547,543,127
1507,Hergiswil (NW),3445,1873,1854,607
1508,Oberdorf (NW),1690,1038,1027,294
1509,Stans,4077,2226,2201,569
1510,Stansstad,2631,1347,1332,344
1511,Wolfenschiessen,1144,617,605,166
1601,Betschwanden,116,88,87,23
1602,Bilten,850,371,367,144
1603,Braunwald,273,162,162,22
1604,Diesbach (GL),180,104,101,22
1605,Elm,556,256,254,58
1606,Engi,506,269,268,108
1607,Ennenda,1836,868,862,303
1608,Filzbach,295,173,171,46
1609,Glarus,3734,1764,1757,510
1610,Haslen,362,188,186,75
1611,Hätzingen,228,123,121,41
1612,Leuggelbach,106,84,84,40
1613,Linthal,772,398,394,170
1614,Luchsingen,347,172,165,78
1615,Matt,276,172,172,61
1616,Mitlödi,586,275,275,107
1617,Mollis,1881,944,937,348
1618,Mühlehorn,306,154,154,41
1619,Näfels,2469,1213,1203,370
1620,Netstal,1744,843,834,341
1621,Nidfurn,205,123,120,43
1622,Niederurnen,2021,1000,990,382
1623,Oberurnen,1037,465,461,167
1624,Obstalden,257,115,115,29
1625,Riedern,331,176,175,57
1626,Rüti (GL),237,117,117,32
1627,Schwanden (GL),1646,961,954,332
1628,Schwändi,257,146,145,49
1629,Sool,213,155,154,68
1701,Baar,9858,5762,5704,2050
1702,Cham,6675,4128,4083,1312
1703,Hünenberg,3452,2234,2216,545
1704,Menzingen,2644,1737,1722,424
1705,Neuheim,905,632,628,148
1706,Oberägeri,2575,1699,1689,431
1707,Risch,3269,1987,1963,629
1708,Steinhausen,4320,2675,2656,784
1709,Unterägeri,3839,2523,2504,710
1710,Walchwil,1608,1115,1104,264
1711,Zug,14349,9300,9211,3018
2001,Aumont,278,145,145,46
2002,Autavaux,105,56,56,22
2003,Bollion,55,33,33,19
2004,Bussy (FR),173,90,88,32
2005,Châbles,269,156,155,48
2006,Chandon,64,39,39,10
2007,Chapelle (Broye),49,32,32,11
2008,Châtillon (FR),127,82,82,25
2009,Cheiry,169,80,80,29
2010,Cheyres,368,220,219,76
2011,Cugy (FR),541,309,306,107
2012,Delley,286,136,133,44
2013,Domdidier,1193,671,660,247
2014,Dompierre (FR),374,189,188,93
2015,Estavayer-le-Lac,2147,1106,1088,329
2016,Fétigny,330,164,161,61
2017,Font,163,98,95,20
2018,Forel (FR),184,103,101,24
2019,Franex,35,20,19,5
2020,Frasses,99,69,68,44
2021,Les Friques,42,30,29,5
2022,Gletterens,207,93,91,41
2023,Granges-de-Vesin,70,33,33,12
2024,Léchelles,243,140,140,43
2025,Lully (FR),172,90,89,32
2026,Mannens-Grandsivaz,258,122,122,43
2027,Ménières,188,118,116,56
2028,Montagny-la-Ville,287,183,182,60
2029,Montagny-les-Monts,534,256,253,83
2031,Montbrelloz,136,73,73,36
2032,Montet (Broye),200,110,109,58
2033,Morens (FR),96,53,53,19
2034,Murist,278,132,130,53
2035,Nuvilly,200,92,92,27
2036,Portalban,140,71,71,40
2037,Praratoud,38,30,30,14
2038,Prévondavaux,37,23,22,2
2039,Rueyres-les-Prés,150,67,67,19
2040,Russy,116,82,80,32
2041,Saint-Aubin (FR),634,365,359,118
2042,Seiry,83,48,47,22
2043,Sévaz,97,60,58,21
2044,Surpierre,158,77,76,29
2045,Vallon,170,105,103,27
2046,Vesin,138,68,68,26
2047,Villeneuve (FR),179,85,84,36
2049,Vuissens,112,56,56,19
2061,Auboranges,102,56,55,16
2062,Berlens,107,57,57,24
2063,Billens,224,121,121,50
2064,Bionnens,40,22,22,1
2065,Blessens,64,26,25,7
2066,Chapelle (Glâne),100,57,56,19
2067,Le Châtelard,251,97,95,40
2068,Châtonnaye,267,137,135,44
2069,Chavannes-les-Forts,223,96,96,38
2070,Chavannes-sous-Orsonnens,152,84,82,28
2071,Les Ecasseys,39,14,14,9
2072,Ecublens (FR),144,78,78,26
2074,Esmonts,83,41,40,22
2075,Estévenens,88,31,31,10
2077,Gillarens,104,48,47,10
2079,Grangettes,96,41,41,17
2080,Hennens,76,50,49,16
2081,La Joux (FR),235,95,93,40
2082,Lieffrens,37,25,24,11
2083,Lussy (FR),222,115,113,39
2085,La Magne,21,12,12,3
2086,Massonnens,268,138,137,42
2087,Mézières (FR),379,205,205,85
2088,Middes,227,113,113,29
2089,Montet (Glâne),102,48,48,16
2090,Morlens,25,19,19,4
2091,Mossel,91,34,34,4
2092,La Neirigue,34,18,17,5
2093,Orsonnens,187,90,89,36
2094,Prez-vers-Siviriez,147,71,71,21
2095,Promasens,139,63,61,13
2096,Romont (FR),2330,1215,1201,434
2097,Rue,301,112,112,43
2099,Siviriez,540,234,232,74
2100,Sommentier,122,65,63,22
2101,Torny-le-Grand,199,91,89,39
2102,Ursy,312,134,131,48
2103,Vauderens,202,125,124,37
2105,Villaraboud,171,96,95,24
2107,Villargiroud,148,78,78,38
2108,Villariaz,186,95,92,30
2109,Villarimboud,252,125,124,49
2110,Villarsiviriaux,119,60,59,26
2111,Villaz-Saint-Pierre,561,307,307,98
2112,Vuarmarens,173,52,51,21
2113,Vuisternens-devant-Romont,306,115,113,34
2121,Albeuve,376,252,248,49
2122,Avry-devant-Pont,204,122,121,42
2123,Botterens,164,77,75,32
2124,Broc,1337,750,746,280
2125,Bulle,5703,3188,3162,1133
2126,Cerniat (FR),244,169,163,62
2127,Charmey,982,543,541,162
2128,Châtel-sur-Montsalvens,119,59,57,22
2129,Corbières,223,113,111,36
2130,Crésuz,140,86,86,32
2131,Echarlens,267,124,121,23
2132,Enney,281,146,144,39
2133,Estavannens,207,113,112,31
2134,Grandvillard,379,244,243,60
2135,Gruyères,830,468,462,148
2136,Gumefens,305,164,161,49
2137,Hauteville,245,103,103,34
2138,Jaun,522,268,265,65
2139,Lessoc,142,66,65,10
2140,Marsens,461,262,258,93
2141,Maules,129,72,72,23
2142,Montbovon,201,132,131,40
2143,Morlon,279,158,157,52
2144,Neirivue,256,133,131,49
2145,Le Pâquier (FR),465,316,310,99
2146,Le Bry,165,95,94,36
2147,Pont-la-Ville,264,145,144,44
2148,Riaz,869,432,427,173
2149,La Roche,764,341,338,123
2150,Romanens,146,85,82,26
2151,Rueyres-Treyfayes,83,50,49,15
2152,Sâles (Gruyère),338,178,177,39
2153,Sorens,472,225,223,101
2154,La Tour-de-Trême,1810,890,883,373
2155,Vaulruz,514,271,269,79
2156,Villarbeney,56,35,34,18
2158,Villars-sous-Mont,88,60,60,17
2159,Villarvolard,143,74,74,26
2160,Vuadens,963,459,454,197
2161,Vuippens,133,73,72,23
2171,Arconciel,330,174,174,47
2172,Autafond,47,32,32,12
2173,Autigny,340,177,177,62
2174,Avry-sur-Matran,585,340,336,92
2175,Belfaux,1285,665,660,200
2176,Bonnefontaine,184,109,106,42
2177,Chénens,254,141,138,54
2179,Chésopelloz,63,45,45,15
2180,La Corbaz,115,55,55,12
2181,Corjolens,56,21,21,5
2182,Cormagens,64,58,58,28
2183,Corminboeuf,869,551,546,141
2184,Corpataux,351,178,178,67
2185,Corserey,141,93,92,29
2186,Cottens (FR),493,248,246,90
2188,Ecuvillens,435,226,226,77
2189,Ependes (FR),571,332,324,101
2190,Essert (FR),163,100,100,47
2191,Estavayer-le-Gibloux,87,44,44,13
2192,Farvagny-le-Grand,483,240,238,84
2193,Farvagny-le-Petit,157,82,81,35
2194,Ferpicloz,109,58,58,24
2196,Fribourg,20952,10391,10181,3482
2197,Givisiez,1001,574,573,159
2198,Granges-Paccot,987,503,497,172
2199,Grenilles,59,23,22,3
2200,Grolley,686,385,383,100
2202,Lentigny,365,186,183,80
2203,Lossy-Formangueires,178,97,95,24
2204,Lovens,112,60,60,12
2205,Magnedens,58,27,27,5
2206,Marly,3866,1936,1908,667
2208,Matran,564,327,325,108
2209,Montécu,115,44,43,11
2210,Montévraz,189,90,89,55
2211,Neyruz (FR),736,423,415,115
2213,Noréaz,268,126,125,42
2214,Oberried (FR),78,47,45,22
2215,Onnens (FR),230,126,125,34
2216,Pierrafortscha,104,62,62,22
2217,Ponthaux,281,148,146,53
2218,Posat,45,31,31,5
2219,Posieux,424,249,246,85
2220,Praroman,625,343,336,130
2221,Prez-vers-Noréaz,400,205,204,66
2222,Rossens (FR),537,331,328,105
2223,Rueyres-Saint-Laurent,146,69,68,24
2225,Senèdes,66,42,42,9
2226,Treyvaux,739,451,450,147
2227,Villarlod,119,62,62,22
2228,Villars-sur-Glâne,4399,2306,2280,627
2229,Villarsel-le-Gibloux,118,57,57,20
2230,Villarsel-sur-Marly,41,30,28,8
2231,Vuisternens-en-Ogoz,351,172,172,50
2232,Zénauva,67,30,30,6
2241,Agriswil,78,55,54,8
2242,Altavilla,83,43,43,7
2243,Barberêche,335,180,177,57
2244,Büchslen,71,46,46,9
2247,Cordast,305,163,163,48
2248,Cormérod,107,83,83,54
2249,Corsalettes,48,22,21,9
2250,Courgevaux,470,201,199,68
2251,Courlevon,162,105,105,23
2252,Cournillens,194,106,106,46
2253,Courtaman,464,277,269,107
2254,Courtepin,663,294,288,130
2255,Courtion,159,80,79,36
2257,Cressier (FR),344,217,217,70
2258,Fräschels,200,131,130,54
2259,Galmiz,304,167,167,38
2260,Gempenach,161,97,96,18
2261,Greng,34,22,22,0
2262,Gurmels,707,307,307,104
2263,Guschelmuth,169,90,90,27
2264,Jeuss,159,109,109,34
2265,Kerzers,2066,1014,1012,296
2266,Kleinbösingen,234,120,119,44
2267,Kleingurmels,72,33,33,11
2269,Liebistorf,348,153,153,60
2270,Lurtigen,122,74,74,18
2271,Meyriez,252,148,146,35
2272,Misery,242,132,128,43
2274,Muntelier,504,322,321,79
2275,Murten,2920,1681,1671,537
2276,Ried bei Kerzers,399,277,277,59
2277,Salvenach,241,133,131,34
2278,Ulmiz,189,112,112,25
2279,Villarepos,280,120,120,49
2280,Bas-Vully,745,421,418,117
2281,Haut-Vully,575,369,366,71
2282,Wallenbuch,64,39,39,12
2283,Wallenried,215,112,107,39
2291,Alterswil,1156,521,521,205
2292,Brünisried,323,149,149,70
2293,Düdingen,4322,2085,2074,644
2294,Giffers,838,373,372,139
2295,Bösingen,1646,793,788,214
2296,Heitenried,638,293,290,90
2298,Oberschrot,550,227,226,99
2299,Plaffeien,1165,455,454,198
2300,Plasselb,589,217,217,96
2301,Rechthalten,634,276,275,116
2302,St. Antoni,1193,564,559,193
2303,St. Silvester,543,212,212,105
2304,St. Ursen,738,417,410,141
2305,Schmitten (FR),1910,984,972,290
2306,Tafers,1512,756,751,219
2307,Tentlingen,606,309,301,130
2308,Ueberstorf,1296,638,631,215
2309,Wünnewil-Flamatt,2807,1370,1363,447
2310,Zumholz,230,97,95,40
2321,Attalens,1062,535,532,159
2322,Besencens,76,48,47,17
2323,Bossonnens,433,178,178,58
2324,Bouloz,172,94,94,41
2325,Châtel-Saint-Denis,2360,1189,1176,358
2326,Le Crêt,267,124,120,46
2327,Fiaugères,113,60,58,22
2328,Granges (Veveyse),368,198,198,50
2329,Grattavache,112,43,40,18
2330,Pont (Veveyse),84,52,52,19
2331,Porsel,206,95,95,36
2332,Progens,141,77,77,19
2333,Remaufens,393,192,191,61
2335,Saint-Martin (FR),242,117,114,31
2336,Semsales,673,314,312,106
2401,Egerkingen,1480,832,828,305
2402,Härkingen,635,397,389,105
2403,Kestenholz,950,558,554,143
2404,Neuendorf,929,517,513,165
2405,Niederbuchsiten,492,300,299,121
2406,Oberbuchsiten,1032,684,673,227
2407,Oensingen,2361,1272,1258,487
2408,Wolfwil,1345,789,788,232
2421,Aedermannsdorf,354,236,234,89
2422,Balsthal,3346,1887,1878,663
2423,Gänsbrunnen,63,27,27,7
2424,Herbetswil,416,211,209,88
2425,Holderbank (SO),436,278,273,107
2426,Laupersdorf,1023,572,569,205
2427,Matzendorf,783,484,478,178
2428,Mümliswil-Ramiswil,1701,1008,1005,378
2429,Welschenrohr,918,447,443,154
2441,Aetigkofen,91,60,60,15
2442,Aetingen,201,97,95,21
2443,Balm bei Messen,74,55,55,10
2444,Bibern (SO),126,93,93,49
2445,Biezwil,179,121,118,38
2446,Brügglen,118,84,83,20
2447,Brunnenthal,119,80,79,29
2448,Gächliwil,44,35,35,3
2449,Gossliwil,134,84,83,28
2450,Hessigkofen,144,103,103,16
2452,Küttigkofen,147,88,88,25
2453,Kyburg-Buchegg,194,132,131,28
2454,Lüsslingen,333,232,232,127
2455,Lüterkofen-Ichertswil,437,328,327,101
2456,Lüterswil,176,113,113,25
2457,Messen,530,353,350,107
2458,Mühledorf (SO),185,116,116,24
2459,Nennigkofen,311,212,211,76
2460,Oberramsern,66,48,48,19
2461,Schnottwil,513,385,378,94
2462,Tscheppach,108,69,68,22
2463,Unterramsern,95,60,60,13
2471,Bättwil,381,231,225,68
2472,Büren (SO),484,323,319,120
2473,Dornach,3513,2237,2210,588
2474,Gempen,360,255,250,76
2475,Hochwald,569,414,412,129
2476,Hofstetten-Flüh,1517,985,979,267
2477,Metzerlen,547,368,363,86
2478,Nuglar-St. Pantaleon,744,455,450,165
2479,Rodersdorf,673,481,474,145
2480,Seewen (SO),584,374,369,135
2481,Witterswil,764,507,501,137
2491,Hauenstein-Ifenthal,169,125,122,33
2492,Kienberg,302,212,210,58
2493,Lostorf,1949,1287,1278,411
2494,Niedererlinsbach,1373,781,777,274
2495,Niedergösgen,2131,1275,1268,613
2496,Obererlinsbach,326,207,204,74
2497,Obergösgen,1126,592,585,220
2498,Rohr (SO),78,59,59,17
2499,Stüsslingen,596,430,424,153
2500,Trimbach,4181,2226,2198,917
2501,Winznau,1160,714,710,263
2502,Wisen (SO),256,180,178,46
2511,Aeschi (SO),585,369,367,118
2512,Ammannsegg,274,195,191,66
2513,Biberist,5114,2825,2784,1098
2514,Bolken,228,144,143,57
2515,Burgäschi,53,38,37,13
2516,Deitingen,1284,829,823,329
2517,Derendingen,3173,1698,1688,724
2518,Etziken,500,326,320,110
2519,Gerlafingen,2573,1540,1528,714
2520,Halten,515,315,312,122
2521,Heinrichswil,125,83,83,22
2522,Hersiwil,93,61,61,21
2523,Horriwil,492,359,356,98
2524,Hüniken,56,44,44,6
2525,Kriegstetten,675,387,385,161
2526,Lohn (SO),928,653,649,194
2527,Luterbach,2071,1136,1127,455
2528,Obergerlafingen,719,403,399,200
2529,Oekingen,418,276,273,104
2530,Recherswil,1072,636,632,271
2531,Steinhof,84,60,60,14
2532,Subingen,1455,848,838,324
2533,Winistorf,145,97,95,42
2534,Zuchwil,4881,2685,2659,1260
2541,Balm bei Günsberg,104,67,67,26
2542,Bellach,3150,1845,1830,755
2543,Bettlach,2726,1429,1419,657
2544,Feldbrunnen-St. Niklaus,565,392,387,89
2545,Flumenthal,711,388,383,148
2546,Grenchen,10779,5350,5304,2443
2547,Günsberg,752,448,444,175
2548,Hubersdorf,388,257,254,94
2549,Kammersrohr,32,32,32,6
2550,Langendorf,2228,1359,1350,432
2551,Lommiswil,868,580,576,212
2552,Niederwil (SO),233,169,168,82
2553,Oberdorf (SO),966,651,645,179
2554,Riedholz,1025,677,673,209
2555,Rüttenen,972,654,649,263
2556,Selzach,1952,1132,1124,438
2571,Boningen,335,195,190,55
2572,Däniken (SO),1515,890,884,423
2573,Dulliken,2570,1436,1420,662
2574,Eppenberg-Wöschnau,189,84,82,35
2575,Fulenbach,896,482,479,149
2576,Gretzenbach,1245,700,695,268
2578,Gunzgen,684,380,374,135
2579,Hägendorf,2573,1532,1527,529
2580,Kappel (SO),1466,890,878,283
2581,Olten,12125,6796,6706,2699
2582,Rickenbach (SO),555,333,330,109
2583,Schönenwerd,2665,1542,1520,627
2584,Starrkirch-Wil,775,508,507,153
2585,Walterswil (SO),445,239,236,95
2586,Wangen bei Olten,2719,1625,1612,624
2601,Solothurn,10986,6469,6413,2022
2611,Bärschwil,598,294,289,144
2612,Beinwil (SO),229,148,140,51
2613,Breitenbach,1678,985,977,300
2614,Büsserach,1119,690,685,230
2615,Erschwil,622,418,413,153
2616,Fehren,329,178,177,68
2617,Grindel,334,161,159,79
2618,Himmelried,508,332,325,79
2619,Kleinlützel,877,594,592,207
2620,Meltingen,381,241,240,95
2621,Nunningen,1181,786,775,244
2622,Zullwil,387,237,235,102
2701,Basel,115998,59727,59183,20819
2702,Bettingen,734,503,500,89
2703,Riehen,14914,9356,9274,2534
2801,Aesch (BL),5841,3015,2993,887
2802,Allschwil,13298,7101,6981,2309
2803,Arlesheim,5318,3156,3122,658
2805,Biel-Benken,1556,979,966,172
2806,Binningen,9784,5594,5538,1459
2807,Birsfelden,7886,4222,4176,1823
2808,Bottmingen,3706,2257,2240,476
2809,Ettingen,3119,1834,1827,486
2810,Münchenstein,8085,4586,4552,1492
2811,Muttenz,11505,6368,6299,2193
2812,Oberwil (BL),5874,3384,3360,683
2813,Pfeffingen,1133,751,746,157
2814,Reinach (BL),12292,6982,6929,2288
2815,Schönenbuch,680,415,410,98
2816,Therwil,5129,3231,3183,867
2821,Arisdorf,796,467,466,132
2822,Augst,566,301,300,107
2823,Bubendorf,2003,1052,1041,281
2824,Frenkendorf,3511,1828,1805,648
2825,Füllinsdorf,2687,1511,1494,390
2826,Giebenach,391,244,244,63
2827,Hersberg,181,100,99,29
2828,Lausen,2499,1301,1288,383
2829,Liestal,7382,3927,3898,1062
2830,Lupsingen,675,427,426,95
2831,Pratteln,8797,4604,4543,1741
2832,Ramlinsburg,277,176,175,42
2833,Seltisberg,704,450,446,112
2834,Ziefen,786,477,471,129
2841,Anwil,233,115,115,26
2842,Böckten,426,207,204,48
2843,Buckten,442,257,254,80
2844,Buus,517,295,292,81
2845,Diepflingen,289,158,155,44
2846,Gelterkinden,3295,1810,1800,517
2847,Häfelfingen,170,102,102,27
2848,Hemmiken,192,101,100,39
2849,Itingen,963,523,520,138
2850,Känerkinden,272,160,158,44
2851,Kilchberg (BL),78,61,61,9
2852,Läufelfingen,794,446,442,129
2853,Maisprach,446,286,285,45
2854,Nusshof,113,84,84,17
2855,Oltingen,252,144,144,41
2856,Ormalingen,977,501,497,167
2857,Rickenbach (BL),260,155,154,53
2858,Rothenfluh,441,266,265,75
2859,Rümlingen,193,111,111,35
2860,Rünenberg,396,219,219,62
2861,Sissach,3322,1753,1740,457
2862,Tecknau,395,229,228,78
2863,Tenniken,533,293,290,89
2864,Thürnen,625,321,316,104
2865,Wenslingen,414,266,264,66
2866,Wintersingen,354,188,184,43
2867,Wittinsburg,170,103,102,31
2868,Zeglingen,320,192,192,44
2869,Zunzgen,1417,743,738,243
2881,Arboldswil,277,143,143,54
2882,Bennwil,337,157,157,40
2883,Bretzwil,454,246,243,81
2884,Diegten,720,426,422,101
2885,Eptingen,397,202,201,51
2886,Hölstein,1163,676,671,191
2887,Lampenberg,335,210,209,55
2888,Langenbruck,539,339,335,93
2889,Lauwil,210,112,112,50
2890,Liedertswil,97,64,64,28
2891,Niederdorf,977,526,521,159
2892,Oberdorf (BL),1339,683,678,268
2893,Reigoldswil,948,530,526,127
2894,Titterten,256,185,185,49
2895,Waldenburg,741,314,312,141
2901,Gächlingen,480,367,360,68
2902,Guntmadingen,148,119,119,25
2903,Löhningen,635,491,483,109
2904,Neunkirch,968,705,691,140
2905,Osterfingen,204,165,156,30
2911,Altdorf (SH),99,92,91,17
2912,Barzheim,120,108,106,22
2913,Bibern (SH),170,154,153,20
2914,Büttenhardt,175,140,139,30
2915,Dörflingen,402,315,305,71
2916,Hofen,83,76,67,23
2917,Lohn (SH),336,271,267,56
2918,Opfertshofen (SH),81,65,62,19
2919,Stetten (SH),431,348,342,84
2920,Thayngen,2509,1960,1901,540
2931,Bargen (SH),161,129,128,48
2932,Beringen,1744,1262,1241,294
2933,Buchberg,453,361,355,87
2934,Hemmental,349,281,275,102
2936,Merishausen,432,340,326,93
2937,Neuhausen am Rheinfall,6650,4443,4300,1376
2938,Rüdlingen,373,301,295,60
2939,Schaffhausen,21925,15743,15237,4690
2951,Beggingen,319,227,223,44
2952,Schleitheim,1156,801,777,140
2953,Siblingen,508,379,365,75
2961,Buch (SH),168,129,123,24
2962,Hemishofen,212,164,163,31
2963,Ramsen,796,585,575,123
2964,Stein am Rhein,1750,1279,1260,335
2971,Hallau,1282,841,833,149
2972,Oberhallau,241,164,158,21
2973,Trasadingen,380,287,284,66
2974,Wilchingen,787,584,577,117
3001,Herisau,9559,5154,5113,1939
3002,Hundwil,652,291,291,113
3003,Schönengrund,297,190,190,61
3004,Schwellbrunn,887,435,431,157
3005,Stein (AR),907,546,543,173
3006,Urnäsch,1438,682,676,261
3007,Waldstatt,997,569,564,195
3021,Bühler,928,559,554,216
3022,Gais,1697,876,868,239
3023,Speicher,2615,1697,1685,514
3024,Teufen (AR),3622,2300,2271,687
3025,Trogen,1146,729,719,173
3031,Grub (AR),677,351,347,112
3032,Heiden,2299,1224,1211,435
3033,Lutzenberg,648,329,324,120
3034,Rehetobel,1124,640,631,170
3035,Reute (AR),470,269,269,111
3036,Wald (AR),499,287,284,76
3037,Walzenhausen,1308,665,661,217
3038,Wolfhalden,1150,584,577,200
3101,Appenzell,3188,1729,1717,443
3102,Gonten,947,651,649,174
3103,Rüte,1665,918,912,208
3104,Schlatt-Haslen,804,430,422,141
3105,Schwende,1212,693,690,158
3111,Oberegg,1262,657,655,208
3201,Häggenschwil,569,333,333,78
3202,Muolen,664,432,432,112
3203,St. Gallen,45458,24096,23727,8478
3204,Wittenbach,4865,2381,2359,767
3211,Berg (SG),525,335,332,90
3212,Eggersriet,1234,616,611,160
3213,Goldach,5358,2813,2792,1061
3214,Mörschwil,1637,1103,1098,265
3215,Rorschach,5369,2507,2485,1003
3216,Rorschacherberg,3749,1761,1752,667
3217,Steinach,1695,889,881,339
3218,Tübach,575,362,358,74
3219,Untereggen,444,247,245,73
3231,Au (SG),3387,1625,1622,593
3232,Balgach,2203,1260,1248,411
3233,Berneck,1920,1049,1044,307
3234,Diepoldsau,2434,1177,1167,370
3235,Rheineck,1838,867,859,307
3236,St. Margrethen,3078,1556,1527,568
3237,Thal,3312,1670,1660,623
3238,Widnau,3702,1721,1712,555
3251,Altstätten,6346,2915,2899,968
3252,Eichberg,612,305,300,119
3253,Marbach (SG),962,523,522,175
3254,Oberriet (SG),4390,1949,1933,686
3255,Rebstein,2088,1052,1043,367
3256,Rüthi (Rheintal),1086,435,433,169
3271,Buchs (SG),6136,2863,2848,883
3272,Gams,1585,799,797,233
3273,Grabs,3420,1594,1581,535
3274,Sennwald,2205,1046,1039,326
3275,Sevelen,2087,928,924,258
3276,Wartau,2547,1278,1270,402
3291,Bad Ragaz,2708,1179,1175,278
3292,Flums,2820,1742,1732,678
3293,Mels,4263,1676,1664,507
3294,Pfäfers,1038,521,514,158
3295,Quarten,1570,815,810,220
3296,Sargans,3035,1481,1475,457
3297,Vilters,2226,944,941,245
3298,Walenstadt,2374,1142,1136,268
3311,Amden,908,386,386,99
3312,Benken (SG),1277,644,642,190
3313,Kaltbrunn,1838,938,935,304
3314,Rieden (SG),329,219,218,82
3315,Schänis,1832,827,823,267
3316,Weesen,823,381,376,97
3331,Ernetschwil,610,327,327,74
3332,Eschenbach (SG),2598,1121,1120,355
3333,Goldingen,664,458,457,116
3334,Gommiswald,1426,721,715,243
3335,Jona,9159,4386,4357,1496
3336,Rapperswil (SG),4997,2503,2452,896
3337,St. Gallenkappel,888,401,397,116
3338,Schmerikon,1751,832,826,280
3339,Uznach,2784,1323,1318,440
3351,Alt St. Johann,851,555,549,162
3352,Ebnat-Kappel,3125,1451,1437,467
3354,Krummenau,942,498,494,120
3355,Nesslau,1332,721,717,193
3356,Stein (Toggenburg),288,190,185,51
3357,Wildhaus,774,457,452,124
3371,Brunnadern,445,198,198,58
3372,Hemberg,583,283,282,66
3373,Krinau,188,110,109,27
3374,Lichtensteig,1304,696,694,237
3375,Oberhelfenschwil,762,409,409,128
3376,St. Peterzell,674,339,335,118
3377,Wattwil,4699,2400,2386,782
3391,Bütschwil,2004,983,976,295
3392,Kirchberg (SG),4222,2249,2239,659
3393,Lütisburg,813,456,451,146
3394,Mosnang,1604,862,860,248
3401,Degersheim,2245,1167,1159,365
3402,Flawil,5113,2662,2632,916
3403,Ganterschwil,693,370,369,115
3405,Jonschwil,1576,794,792,225
3406,Mogelsberg,1298,678,668,199
3407,Oberuzwil,3203,1706,1683,565
3408,Uzwil,6552,3107,3077,1112
3421,Bronschhofen,2365,1197,1193,419
3422,Niederbüren,707,461,460,121
3423,Niederhelfenschwil,1286,724,722,205
3424,Oberbüren,1989,1141,1136,410
3425,Wil (SG),10260,5214,5179,1777
3426,Zuzwil (SG),1740,980,962,305
3441,Andwil (SG),837,501,492,112
3442,Gaiserwald,4498,2530,2513,757
3443,Gossau (SG),9987,5179,5140,1844
3444,Waldkirch,1855,1143,1136,279
3501,Alvaschein,115,54,54,4
3502,Mon,60,37,37,8
3503,Mutten,72,35,35,4
3504,Stierva,83,59,58,19
3505,Tiefencastel,200,102,101,34
3506,Vaz/Obervaz,1548,785,777,140
3511,Alvaneu,265,96,95,14
3512,Brienz (GR),98,31,31,3
3513,Lantsch/Lenz,324,178,178,28
3514,Schmitten (GR),185,94,94,18
3515,Surava,146,63,62,19
3521,Bergün/Bravuogn,344,188,187,44
3522,Filisur,294,176,171,32
3523,Wiesen (GR),201,96,96,20
3531,Bivio,179,68,68,4
3532,Cunter,115,59,59,10
3533,Marmorera,36,33,33,9
3534,Mulegns,35,16,16,1
3536,Riom-Parsonz,243,105,104,20
3537,Rona,37,13,13,6
3538,Salouf,138,68,68,8
3539,Savognin,590,248,248,19
3540,Sur,71,24,24,6
3541,Tinizong,255,96,95,21
3551,Brusio,967,378,369,125
3561,Poschiavo,2481,1365,1338,319
3571,Castrisch,220,91,91,18
3572,Falera,301,186,186,20
3573,Flond,103,38,37,4
3574,Ilanz,1361,569,562,90
3575,Laax,612,247,247,45
3576,Ladir,67,38,38,8
3577,Luven,104,32,32,7
3578,Pitasch,72,14,14,5
3579,Riein,69,29,29,0
3580,Ruschein,256,146,143,39
3581,Sagogn,420,148,148,30
3582,Schluein,300,113,113,28
3583,Schnaus,52,16,16,2
3584,Sevgein,121,63,63,14
3586,Valendas,215,88,88,20
3587,Versam,203,123,123,21
3591,Camuns,47,24,24,3
3592,Cumbel,176,92,90,20
3593,Duvin,55,37,37,10
3594,Degen,190,109,106,20
3595,Lumbrein,331,226,225,35
3596,Morissen,165,110,109,12
3598,St. Martin,39,19,19,4
3599,Surcasti,63,49,49,10
3600,Surcuolm,70,46,46,5
3601,Tersnaus,70,35,35,7
3602,Uors-Peiden,65,39,39,3
3603,Vals,760,522,521,61
3604,Vignogn,147,102,100,23
3605,Vella,323,199,194,36
3606,Vrin,225,161,156,18
3611,Andiast,185,107,104,15
3612,Obersaxen,533,317,311,44
3613,Pigniu,39,23,23,8
3614,Rueun,308,159,157,30
3615,Siat,154,66,66,19
3616,Waltensburg/Vuorz,286,140,140,32
3631,Almens,143,78,78,13
3632,Feldis/Veulden,85,41,41,7
3633,Fürstenau,171,84,83,17
3634,Paspels,254,121,121,24
3635,Pratval,103,69,69,10
3636,Rodels,141,73,73,19
3637,Rothenbrunnen,141,87,87,32
3638,Scharans,430,222,219,57
3639,Scheid,82,43,43,11
3640,Sils im Domleschg,508,237,236,77
3641,Trans,43,33,33,11
3642,Tumegl/Tomils,181,73,72,17
3651,Safien,273,133,132,34
3652,Tenna,88,37,37,2
3661,Cazis,777,306,302,63
3662,Flerden,110,77,76,15
3663,Masein,202,108,105,21
3664,Portein,21,12,12,2
3665,Präz,124,39,39,11
3666,Sarn,100,60,60,15
3667,Tartar,106,40,40,9
3668,Thusis,1578,746,740,153
3669,Tschappina,112,56,56,4
3670,Urmein,54,36,35,6
3681,Avers,131,84,84,4
3691,Hinterrhein,55,40,40,2
3692,Medels im Rheinwald,28,18,18,0
3693,Nufenen,97,39,39,6
3694,Splügen,261,135,134,24
3695,Sufers,97,67,67,14
3701,Andeer,478,270,268,52
3702,Ausserferrera,53,31,31,9
3703,Casti-Wergenstein,29,19,19,3
3704,Clugin,25,13,13,1
3705,Donath,83,45,43,2
3706,Innerferrera,46,34,34,11
3707,Lohn (GR),36,18,18,2
3708,Mathon,40,21,20,0
3709,Patzen-Fardün,40,13,13,5
3710,Pignia,66,37,37,8
3711,Rongellen,32,15,15,5
3712,Zillis-Reischen,234,113,113,29
3721,Bonaduz,1222,552,547,131
3722,Domat/Ems,3857,1725,1700,447
3723,Rhäzüns,640,289,289,70
3731,Felsberg,1141,469,465,95
3732,Flims,1471,763,760,190
3733,Tamins,665,365,361,78
3734,Trin,600,287,285,50
3741,Ardez,280,136,134,26
3742,Guarda,115,72,72,3
3743,Lavin,136,88,87,11
3744,Susch,162,63,63,6
3745,Tarasp,181,87,87,13
3746,Zernez,600,293,292,39
3751,Ramosch,346,177,176,45
3752,Samnaun,459,225,224,19
3753,Tschlin,306,146,145,35
3761,Ftan,282,154,153,21
3762,Scuol,1206,855,847,236
3763,Sent,551,269,263,48
3771,Bondo,142,55,54,14
3773,Castasegna,155,79,79,29
3774,Soglio,152,70,70,19
3775,Stampa,344,134,133,25
3776,Vicosoprano,299,128,126,14
3781,Bever,271,116,115,24
3782,Celerina/Schlarigna,576,261,259,40
3783,Madulain,65,38,38,5
3784,Pontresina,964,493,488,70
3785,La Punt-Chamues-ch,359,166,166,39
3786,Samedan,1659,814,805,128
3787,St. Moritz,2802,1383,1374,250
3788,S-chanf,365,195,194,35
3789,Sils im Engadin/Segl,337,163,163,17
3790,Silvaplana,480,194,194,29
3791,Zuoz,643,287,286,40
3801,Arvigo,64,28,25,8
3803,Braggio,55,27,25,2
3804,Buseno,101,13,12,7
3805,Castaneda,160,68,64,28
3806,Cauco,34,20,20,10
3808,Rossa,113,83,79,25
3810,Santa Maria in Calanca,105,37,37,15
3811,Selma,26,9,8,1
3821,Lostallo,375,164,161,51
3822,Mesocco,834,274,268,102
3823,Soazza,268,111,109,41
3831,Cama,255,84,82,39
3832,Grono,469,169,154,50
3833,Leggia,83,31,28,4
3834,Roveredo (GR),1257,800,767,288
3835,San Vittore,424,187,184,57
3836,Verdabbio,91,35,34,11
3841,Fuldera,83,53,52,15
3842,Lü,44,19,19,12
3843,Müstair,527,270,267,27
3844,Santa Maria im Münstertal,230,96,94,15
3845,Tschierv,90,59,59,3
3846,Valchava,136,52,51,6
3851,Davos,6321,3311,3283,789
3861,Fideris,392,159,158,31
3862,Furna,148,69,67,19
3863,Jenaz,792,344,342,77
3871,Klosters-Serneus,2493,1096,1083,248
3881,Conters im Prättigau,153,46,46,16
3882,Küblis,527,174,173,47
3883,Saas,453,105,105,38
3891,Luzein,763,243,239,75
3892,St. Antönien Ascharina,92,20,20,6
3893,St. Antönien,162,43,43,19
3901,Chur,20319,8720,8623,2469
3911,Churwalden,673,307,304,71
3912,Malix,386,133,133,28
3913,Parpan,137,60,60,3
3914,Praden,56,32,31,14
3915,Tschiertschen,153,92,91,7
3921,Arosa,1597,777,767,129
3922,Calfreisen,37,21,21,3
3923,Castiel,78,52,52,19
3924,Langwies,234,95,95,21
3925,Lüen,65,27,27,6
3926,Maladers,355,139,137,58
3927,Molinis,82,49,48,12
3928,Pagig,49,18,18,3
3929,Peist,140,51,51,8
3930,St. Peter,91,27,27,7
3941,Haldenstein,450,210,208,48
3942,Igis,3861,1416,1403,413
3943,Mastrils,378,142,142,42
3944,Says,102,71,71,20
3945,Trimmis,1354,558,557,174
3946,Untervaz,1129,390,387,65
3947,Zizers,1765,718,713,144
3951,Fläsch,303,155,151,27
3952,Jenins,419,166,166,24
3953,Maienfeld,1275,540,537,115
3954,Malans,983,510,506,85
3961,Grüsch,679,281,278,70
3962,Schiers,1409,567,563,140
3971,Fanas,239,96,95,23
3972,Seewis im Prättigau,699,286,284,76
3973,Valzeina,95,40,40,7
3981,Breil/Brigels,921,542,538,114
3982,Disentis/Mustér,1586,760,753,158
3983,Medel (Lucmagn),411,203,196,48
3984,Schlans,79,44,43,1
3985,Sumvitg,1038,672,654,126
3986,Tujetsch,988,533,524,115
3987,Trun,966,403,387,83
4001,Aarau,10701,5190,5118,1959
4002,Biberstein,699,321,316,130
4003,Buchs (AG),3505,1776,1760,821
4004,Densbüren,498,203,202,84
4005,Erlinsbach,2086,1051,1041,367
4006,Gränichen,3726,1529,1515,686
4007,Hirschthal,744,333,330,159
4008,Küttigen,3070,1552,1533,506
4009,Muhen,1800,717,707,283
4010,Oberentfelden,4299,1780,1755,732
4011,Rohr (AG),1552,676,669,301
4012,Suhr,4911,1937,1911,808
4013,Unterentfelden,2282,1185,1171,469
4021,Baden,8876,4305,4264,1156
4022,Bellikon,645,295,292,87
4023,Bergdietikon,1465,726,722,203
4024,Birmenstorf (AG),1264,624,622,183
4026,Ennetbaden,1805,886,880,211
4027,Fislisbach,2913,1071,1067,357
4028,Freienwil,450,258,254,85
4029,Gebenstorf,2416,959,954,286
4030,Killwangen,870,418,415,138
4031,Künten,824,367,363,122
4032,Mägenwil,759,363,361,143
4033,Mellingen,2070,929,916,281
4034,Neuenhof,4020,1805,1786,773
4035,Niederrohrdorf,1613,718,712,225
4036,Oberehrendingen,1084,487,486,136
4037,Oberrohrdorf,2044,1036,1033,254
4038,Obersiggenthal,4496,2201,2179,702
4039,Remetschwil,752,346,344,78
4040,Spreitenbach,3949,1366,1361,515
4041,Stetten (AG),849,341,339,97
4042,Turgi,1449,603,600,277
4043,Unterehrendingen,899,414,412,133
4044,Untersiggenthal,3058,1414,1402,477
4045,Wettingen,11510,5492,5441,1919
4046,Wohlenschwil,635,302,299,96
4047,Würenlingen,1883,785,781,244
4048,Würenlos,2834,1444,1426,428
4061,Arni (AG),607,317,314,82
4062,Berikon,2428,1042,1033,318
4063,Bremgarten (AG),3091,1299,1285,421
4064,Büttikon,386,206,204,69
4065,Dottikon,1545,664,651,268
4066,Eggenwil,383,206,204,44
4067,Fischbach-Göslikon,551,277,273,89
4068,Hägglingen,1215,631,627,208
4069,Hermetschwil-Staffeln,363,214,213,51
4070,Hilfikon,138,92,91,32
4071,Jonen,710,315,312,93
4072,Niederwil (AG),1116,537,533,185
4073,Oberlunkhofen,683,356,351,94
4074,Oberwil-Lieli,1042,545,541,145
4075,Rudolfstetten-Friedlisberg,2320,1008,1007,335
4076,Sarmenstorf,1077,470,465,143
4077,Tägerig,678,281,279,100
4078,Uezwil,214,159,152,68
4079,Unterlunkhofen,452,218,217,66
4080,Villmergen,2799,1204,1196,467
4081,Widen,2566,1265,1257,376
4082,Wohlen (AG),7538,3911,3867,1648
4083,Zufikon,2189,968,961,337
4084,Islisberg,182,121,120,26
4091,Auenstein,847,404,401,146
4092,Birr,1372,540,536,242
4093,Birrhard,337,199,199,61
4094,Bözen,331,134,132,41
4095,Brugg,6061,2872,2839,1051
4096,Effingen,343,147,146,50
4097,Elfingen,143,79,78,20
4098,Gallenkirch,62,27,26,4
4099,Habsburg,214,123,123,44
4100,Hausen bei Brugg,1262,559,556,213
4101,Hottwil,151,92,92,26
4103,Linn,67,45,45,15
4104,Lupfig,779,363,355,125
4105,Mandach,203,125,123,43
4106,Mönthal,268,112,112,58
4107,Mülligen,425,203,200,56
4108,Oberbözberg,230,114,114,48
4109,Oberflachs,290,156,153,41
4110,Remigen,576,287,286,88
4111,Riniken,935,439,435,141
4112,Rüfenach,403,205,204,78
4113,Scherz,331,187,184,61
4114,Schinznach Bad,725,327,321,146
4115,Schinznach Dorf,918,475,467,143
4116,Stilli,289,120,119,54
4117,Thalheim (AG),453,197,196,57
4118,Umiken,629,302,299,89
4119,Unterbözberg,473,236,232,85
4120,Veltheim (AG),674,335,332,115
4121,Villigen,761,426,422,151
4122,Villnachern,831,396,394,158
4123,Windisch,3975,1804,1786,715
4131,Beinwil am See,1779,831,822,320
4132,Birrwil,661,284,281,109
4133,Burg (AG),557,249,249,111
4134,Dürrenäsch,676,353,347,155
4135,Gontenschwil,1352,606,599,241
4136,Holziken,666,330,325,128
4137,Leimbach (AG),263,130,129,61
4138,Leutwil,433,232,232,141
4139,Menziken,2771,1136,1123,489
4140,Oberkulm,1388,575,566,269
4141,Reinach (AG),4142,1603,1581,753
4142,Schlossrued,584,253,251,91
4143,Schmiedrued,671,297,290,116
4144,Schöftland,1748,832,823,353
4145,Teufenthal (AG),943,388,384,178
4146,Unterkulm,1658,676,668,317
4147,Zetzwil,809,317,311,122
4161,Eiken,943,378,376,126
4162,Etzgen,243,125,125,37
4163,Frick,2044,853,849,267
4164,Gansingen,597,289,287,88
4165,Gipf-Oberfrick,1241,571,565,161
4166,Herznach,626,337,335,93
4167,Hornussen,463,230,230,78
4168,Ittenthal,158,76,76,32
4169,Kaisten,1187,473,468,132
4170,Laufenburg,1051,494,487,128
4171,Mettau,193,82,82,30
4172,Münchwilen (AG),464,223,222,74
4173,Oberhof,323,159,157,47
4174,Oberhofen (AG),196,84,84,37
4175,Oeschgen,467,203,201,73
4176,Schwaderloch,340,137,137,54
4177,Sisseln,684,259,259,68
4178,Sulz (AG),696,319,319,88
4179,Ueken,286,129,128,42
4180,Wil (AG),358,165,162,36
4181,Wittnau,595,287,285,80
4182,Wölflinswil,493,238,235,75
4183,Zeihen,490,216,215,69
4191,Ammerswil,291,134,132,26
4192,Boniswil,722,372,363,155
4193,Brunegg,215,131,129,53
4194,Dintikon,685,304,301,114
4195,Egliswil,600,279,276,110
4196,Fahrwangen,863,364,360,147
4197,Hallwil,398,186,184,67
4198,Hendschiken,498,225,221,92
4199,Holderbank (AG),534,201,199,101
4200,Hunzenschwil,1507,575,569,281
4201,Lenzburg,4413,2390,2358,894
4202,Meisterschwanden,1084,433,429,149
4203,Möriken-Wildegg,2027,997,984,364
4204,Niederlenz,2102,880,874,405
4205,Othmarsingen,1200,486,480,228
4206,Rupperswil,2040,985,973,411
4207,Schafisheim,1270,520,518,200
4208,Seengen,1309,697,685,240
4209,Seon,2635,1246,1230,544
4210,Staufen,1449,703,700,297
4221,Abtwil,251,160,159,46
4222,Aristau,560,225,223,46
4223,Auw,666,309,306,63
4224,Beinwil (Freiamt),529,311,305,70
4225,Benzenschwil,260,111,111,20
4226,Besenbüren,233,138,137,41
4227,Bettwil,294,163,162,61
4228,Boswil,1327,543,538,187
4229,Bünzen,541,235,233,96
4230,Buttwil,501,270,267,79
4231,Dietwil,520,257,251,57
4232,Geltwil,104,56,56,16
4233,Kallern,179,112,109,25
4234,Merenschwand,981,469,468,120
4235,Mühlau,536,321,313,99
4236,Muri (AG),3380,1500,1486,406
4237,Oberrüti,461,240,239,74
4238,Rottenschwil,331,163,162,61
4239,Sins,1744,838,831,233
4240,Waltenschwil,1089,511,501,206
4251,Hellikon,451,206,203,56
4252,Kaiseraugst,2152,889,883,298
4253,Magden,1795,813,810,176
4254,Möhlin,4378,1680,1657,501
4255,Mumpf,534,177,175,51
4256,Obermumpf,526,212,210,55
4257,Olsberg,190,85,84,17
4258,Rheinfelden,6050,2349,2330,652
4259,Schupfart,380,175,175,57
4260,Stein (AG),1204,493,487,147
4261,Wallbach,890,338,333,85
4262,Wegenstetten,573,317,312,92
4263,Zeiningen,1092,478,474,119
4264,Zuzgen,453,194,191,59
4271,Aarburg,3312,1585,1563,693
4272,Attelwil,191,102,100,25
4273,Bottenwil,512,249,249,69
4274,Brittnau,2172,895,888,353
4275,Kirchleerau,460,209,207,65
4276,Kölliken,2384,1025,1017,370
4277,Moosleerau,432,199,198,69
4278,Mühlethal,455,223,219,100
4279,Murgenthal,1757,682,677,244
4280,Oftringen,5811,2345,2319,1009
4281,Reitnau,635,290,286,77
4282,Rothrist,4327,1827,1802,729
4283,Safenwil,1979,788,783,350
4284,Staffelbach,586,276,273,100
4285,Strengelbach,2374,928,917,368
4286,Uerkheim,876,441,440,176
4287,Vordemwald,1138,522,516,219
4288,Wiliberg,98,68,67,21
4289,Zofingen,5881,3101,3069,1015
4301,Baldingen,147,73,72,32
4302,Böbikon,98,42,42,4
4303,Böttstein,1759,647,645,240
4304,Döttingen,1795,711,701,265
4305,Endingen,1021,536,531,161
4306,Fisibach,228,113,111,24
4307,Full-Reuenthal,495,246,245,96
4308,Kaiserstuhl,262,135,134,38
4309,Klingnau,1662,771,768,257
4310,Koblenz,897,402,394,152
4311,Leibstadt,727,329,321,93
4312,Lengnau (AG),1248,589,587,169
4313,Leuggern,1193,522,518,188
4314,Mellikon,163,84,83,32
4315,Rekingen (AG),481,203,203,89
4316,Rietheim,253,105,102,39
4317,Rümikon,123,73,73,31
4318,Schneisingen,767,404,400,136
4319,Siglistorf,292,126,126,40
4320,Tegerfelden,535,249,247,74
4321,Unterendingen,188,111,111,30
4322,Wislikofen,216,124,123,34
4323,Zurzach,2084,884,874,259
4405,Arbon,7399,3903,3843,1667
4406,Dozwil,278,175,173,55
4411,Egnach,2381,1308,1279,429
4416,Hefenhofen,616,302,294,113
4421,Horn,1406,762,756,269
4426,Kesswil,451,285,284,66
4431,Roggwil (TG),1214,674,668,233
4436,Romanshorn,5292,2813,2791,1145
4441,Salmsach,673,332,325,135
4446,Sommeri,277,152,150,55
4451,Uttwil,725,403,400,129
4461,Amriswil,5638,2710,2683,1002
4471,Bischofszell,2712,1495,1483,508
4485,Erlen,1250,646,642,185
4490,Hauptwil,993,558,549,161
4495,Hohentannen,336,228,225,68
4505,Neukirch an der Thur,1305,719,703,216
4515,Sulgen,2541,1322,1312,471
4525,Zihlschlacht,1229,714,702,246
4540,Basadingen,1715,1003,990,243
4545,Diessenhofen,1739,953,943,229
4560,Aadorf,4094,2263,2240,804
4561,Felben-Wellhausen,925,461,456,182
4566,Frauenfeld,12085,6922,6817,2868
4580,Gachnang,1862,1062,1049,383
4590,Hüttlingen,422,274,272,102
4591,Matzingen,1020,614,606,202
4605,Neunforn,540,382,373,105
4606,Stettfurt,450,273,271,69
4615,Thundorf,560,350,346,105
4625,Uesslingen,856,578,574,181
4640,Alterswilen,852,416,405,173
4641,Altnau,849,479,479,141
4646,Ermatingen,1399,793,784,208
4651,Gottlieben,182,115,113,27
4656,Güttingen,735,393,388,104
4670,Illighausen,728,411,406,117
4671,Kreuzlingen,8699,4399,4362,1621
4685,Langrickenbach,523,345,337,82
4695,Scherzingen,1837,1063,1058,347
4696,Tägerwilen,1575,849,836,244
4705,Wäldi,506,357,352,117
4720,Affeltrangen,1112,728,724,237
4725,Bichelsee,1322,759,750,265
4726,Fischingen,1465,1030,1005,319
4745,Lommis,1046,565,563,181
4746,Münchwilen (TG),1964,1022,1009,410
4755,Rickenbach bei Wil,2335,1118,1108,408
4756,Schönholzerswilen,486,296,292,114
4770,Sirnach,4858,2613,2581,947
4780,Tobel,1009,669,665,198
4781,Wängi,1838,1080,1070,368
4791,Wuppenau,631,398,396,138
4801,Berlingen,516,300,299,89
4806,Eschenz,866,512,510,174
4815,Herdern,508,305,302,81
4816,Homburg,401,267,261,63
4830,Hüttwilen,813,571,569,148
4831,Müllheim,1107,573,571,188
4845,Pfyn,1138,636,623,208
4846,Raperswilen,200,134,134,57
4851,Salenstein,589,384,382,97
4870,Steckborn,2741,1530,1519,467
4871,Wagenhausen,939,542,535,164
4890,Amlikon,684,448,444,155
4900,Berg (TG),1554,892,882,297
4910,Birwinken,770,523,517,198
4920,Bürglen (TG),1638,879,871,325
4935,Bussnang,1385,945,930,311
4940,Hugelshofen,369,183,181,73
4941,Märstetten,1201,736,730,205
4946,Weinfelden,5665,3128,3091,1147
4960,Wigoltingen,1182,711,697,196
5001,Arbedo-Castione,1971,975,950,407
5002,Bellinzona,10069,4613,4528,1838
5003,Cadenazzo,705,354,344,139
5004,Camorino,1161,606,596,194
5005,Giubiasco,3981,1918,1884,759
5006,Gnosca,314,168,163,47
5007,Gorduno,400,231,226,82
5008,Gudo,338,169,165,66
5009,Isone,287,128,126,79
5010,Lumino,695,360,351,154
5011,Medeglia,240,103,98,49
5012,Moleno,48,22,22,15
5013,Monte Carasso,1096,500,488,202
5014,Pianezzo,304,150,147,58
5015,Preonzo,296,140,138,69
5016,Robasacco,89,42,42,28
5017,Sant'Antonino,876,389,379,190
5018,Sant'Antonio,120,50,49,25
5019,Sementina,1286,602,590,233
5031,Aquila,381,132,126,67
5032,Campo (Blenio),66,30,30,10
5033,Castro,54,25,25,13
5034,Corzoneso,227,100,98,30
5035,Dongio,297,130,124,46
5036,Ghirone,43,15,15,12
5037,Largario,17,10,9,4
5038,Leontica,233,82,82,29
5039,Lottigna,66,24,23,12
5040,Ludiano,197,106,104,45
5041,Malvaglia,857,351,346,189
5042,Marolta,54,16,16,7
5043,Olivone,624,253,252,124
5044,Ponto Valentino,210,79,79,25
5045,Prugiasco,109,30,29,20
5046,Semione,263,69,67,20
5047,Torre,212,92,91,40
5061,Airolo,1164,567,559,285
5062,Anzonico,67,30,30,7
5063,Bedretto,85,27,27,11
5064,Bodio,606,354,343,131
5065,Calonico,37,18,18,7
5066,Calpiogna,41,25,25,10
5067,Campello,48,19,18,3
5068,Cavagnago,78,47,46,11
5069,Chiggiogna,265,146,142,42
5070,Chironico,361,198,196,76
5071,Dalpe,117,63,60,20
5072,Faido,809,411,410,139
5073,Giornico,611,343,337,121
5074,Mairengo,130,58,58,22
5075,Osco,83,54,51,22
5076,Personico,239,83,81,30
5077,Pollegio,336,145,144,54
5078,Prato (Leventina),239,137,130,32
5079,Quinto,768,394,386,147
5080,Rossura,55,25,25,13
5081,Sobrio,68,39,37,11
5091,Ascona,2970,1419,1391,443
5092,Auressio,51,15,15,10
5093,Berzona,55,24,23,1
5094,Borgnone,154,47,46,25
5095,Brione (Verzasca),174,55,55,18
5096,Brione sopra Minusio,321,205,197,77
5097,Brissago,1304,573,564,191
5098,Caviano,132,67,62,31
5099,Cavigliano,381,198,189,63
5100,Comologno,145,41,41,13
5101,Contone,313,149,147,50
5102,Corippo,36,15,15,6
5103,Crana,56,17,17,2
5104,Cugnasco,504,259,251,93
5105,Frasco,67,16,15,5
5106,Gerra (Gambarogno),219,102,102,24
5107,Gerra (Verzasca),633,271,261,103
5108,Gordola,2086,865,851,388
5109,Gresso,57,18,17,7
5110,Indemini,77,23,23,8
5111,Intragna,647,291,284,104
5112,Lavertezzo,461,195,190,93
5113,Locarno,7814,3562,3516,1331
5114,Loco,152,59,59,12
5115,Losone,3224,1602,1574,456
5116,Magadino,822,443,433,168
5117,Mergoscia,132,68,68,18
5118,Minusio,3930,1909,1875,600
5119,Mosogno,59,22,20,5
5120,Muralto,1636,861,849,267
5121,Orselina,532,300,299,60
5122,Palagnedra,75,37,37,8
5123,Piazzogna,178,81,80,42
5125,Ronco sopra Ascona,495,245,241,100
5126,Russo,94,18,18,8
5127,San Nazzaro,394,185,184,51
5128,Sant'Abbondio,111,58,58,20
5129,Sonogno,78,28,28,7
5130,Tegna,416,219,212,62
5131,Tenero-Contra,1014,496,487,138
5132,Vergeletto,94,34,34,13
5133,Verscio,580,307,301,82
5134,Vira (Gambarogno),423,210,206,80
5135,Vogorno,211,50,49,12
5141,Agno,1699,763,753,283
5142,Agra,207,121,117,27
5143,Aranno,178,85,85,22
5144,Arogno,587,228,224,121
5145,Arosio,235,107,107,21
5146,Astano,216,88,88,36
5147,Barbengo,524,264,260,103
5148,Bedano,504,267,263,97
5149,Bedigliora,322,117,110,37
5150,Bidogno,248,93,90,39
5151,Bioggio,822,444,437,165
5153,Bironico,321,148,146,61
5154,Bissone,454,190,190,69
5155,Bogno,91,24,24,9
5156,Bosco Luganese,180,92,92,27
5158,Breganzona,2430,1210,1193,404
5159,Breno,162,86,84,36
5160,Brusino Arsizio,282,138,136,38
5161,Cademario,342,176,175,67
5162,Cadempino,552,292,286,154
5163,Cadro,830,429,421,167
5164,Cagiallo,367,185,181,74
5165,Camignolo,398,170,165,81
5167,Canobbio,1047,568,559,263
5168,Carabbia,233,131,130,42
5169,Carabietta,48,30,30,13
5170,Carona,366,197,193,47
5171,Caslano,1592,776,768,297
5173,Certara,56,10,8,5
5174,Cimadera,107,43,42,14
5175,Cimo,111,57,55,23
5176,Comano,948,579,571,187
5177,Corticiasca,74,22,22,12
5178,Croglio,502,256,253,132
5179,Cureggia,58,33,32,6
5180,Cureglia,613,354,348,89
5181,Curio,255,126,125,54
5182,Davesco-Soragno,670,326,320,142
5183,Fescoggia,70,35,32,18
5184,Gandria,142,83,82,37
5185,Gentilino,852,531,524,161
5186,Grancia,149,79,76,40
5187,Gravesano,537,247,243,103
5188,Iseo,41,24,24,11
5189,Lamone,683,335,330,162
5190,Lopagno,303,104,103,50
5191,Lugaggia,354,192,188,86
5192,Lugano,14026,6618,6533,2524
5193,Magliaso,721,335,330,112
5194,Manno,541,304,302,115
5195,Maroggia,385,207,205,72
5196,Massagno,3084,1523,1497,522
5197,Melano,597,308,301,102
5198,Melide,718,373,367,122
5199,Mezzovico-Vira,510,240,238,104
5200,Miglieglia,155,60,60,28
5201,Montagnola,1130,649,641,215
5202,Monteggio,479,220,215,100
5203,Morcote,380,196,195,43
5204,Mugena,91,23,22,9
5205,Muzzano,462,240,234,65
5206,Neggio,219,125,123,33
5207,Novaggio,461,216,212,81
5208,Origlio,629,350,347,113
5209,Pambio-Noranco,236,104,100,35
5210,Paradiso,1504,608,601,227
5211,Pazzallo,496,235,231,78
5212,Ponte Capriasca,714,368,361,118
5213,Ponte Tresa,485,227,223,110
5214,Porza,734,405,399,106
5215,Pregassona,2983,1445,1430,550
5216,Pura,688,321,317,119
5217,Rivera,831,423,409,130
5218,Roveredo (TI),82,50,50,20
5219,Rovio,371,197,193,56
5220,Sala Capriasca,744,336,333,142
5221,Savosa,1102,598,589,189
5222,Sessa,386,183,180,81
5223,Sigirino,172,75,73,33
5224,Sonvico,940,439,432,219
5225,Sorengo,798,422,417,132
5226,Tesserete,906,526,514,188
5227,Torricella-Taverne,1095,513,505,208
5228,Vaglio,303,149,149,58
5229,Valcolla,389,176,168,96
5230,Vernate,201,110,109,25
5231,Vezia,890,453,451,172
5232,Vezio,135,68,63,26
5233,Vico Morcote,148,72,72,20
5234,Viganello,2975,1488,1463,569
5235,Villa Luganese,246,121,118,49
5241,Arzo,562,299,297,116
5242,Balerna,2294,1278,1259,471
5243,Besazio,308,160,155,47
5244,Bruzella,127,62,59,18
5245,Cabbio,135,48,47,25
5246,Caneggio,233,108,106,37
5247,Capolago,387,205,202,85
5248,Casima,35,21,21,15
5249,Castel San Pietro,1092,591,577,225
5250,Chiasso,4352,2253,2217,875
5251,Coldrerio,1453,838,815,365
5252,Genestrerio,469,255,251,109
5253,Ligornetto,808,416,409,134
5254,Mendrisio,3891,1781,1765,622
5255,Meride,243,95,94,28
5256,Monte,51,28,26,5
5257,Morbio Inferiore,2177,1114,1092,453
5258,Morbio Superiore,394,221,218,70
5259,Muggio,190,81,80,34
5260,Novazzano,1353,728,717,302
5262,Rancate,833,444,429,160
5263,Riva San Vitale,1373,727,722,299
5264,Sagno,180,95,95,23
5265,Salorino,323,180,178,55
5266,Stabio,1704,747,725,310
5267,Tremona,217,126,123,23
5268,Vacallo,1630,953,942,318
5281,Biasca,2946,1235,1212,513
5282,Claro,942,440,426,196
5283,Cresciano,313,142,136,77
5284,Iragna,277,89,87,24
5285,Lodrino,702,334,329,155
5286,Osogna,443,247,243,86
5301,Aurigeno,212,101,97,33
5302,Avegno,329,191,185,49
5303,Bignasco,136,65,65,15
5304,Bosco/Gurin,57,23,22,7
5305,Broglio,50,19,18,4
5306,Brontallo,50,24,24,9
5307,Campo (Vallemaggia),61,16,16,3
5308,Cavergno,384,213,205,53
5309,Cerentino,56,17,16,9
5310,Cevio,288,107,106,26
5311,Coglio,68,39,38,11
5312,Fusio,42,17,17,0
5313,Giumaglio,131,60,56,16
5314,Gordevio,407,177,176,54
5315,Linescio,52,10,10,1
5316,Lodano,101,55,54,16
5317,Maggia,378,165,163,45
5318,Menzonio,75,26,26,12
5319,Moghegno,213,114,109,30
5320,Peccia,149,62,62,23
5321,Prato-Sornico,79,15,15,7
5322,Someo,179,68,68,27
5401,Aigle,3961,1896,1890,552
5402,Bex,3135,1339,1329,402
5403,Chessel,140,68,68,7
5404,Corbeyrier,237,64,63,20
5405,Gryon,593,263,263,65
5406,Lavey-Morcles,563,304,302,82
5407,Leysin,1041,444,441,69
5408,Noville,350,200,198,27
5409,Ollon,2920,1428,1419,316
5410,Ormont-Dessous,667,256,254,56
5411,Ormont-Dessus,733,266,265,40
5412,Rennaz,206,95,93,17
5413,Roche (VD),605,360,353,106
5414,Villeneuve (VD),2306,936,928,261
5415,Yvorne,627,295,293,58
5421,Apples,586,335,334,56
5422,Aubonne,1444,716,712,126
5423,Ballens,250,144,144,28
5424,Berolle,116,59,58,5
5425,Bière,820,372,371,91
5426,Bougy-Villars,208,109,109,15
5427,Féchy,296,171,171,34
5428,Gimel,737,281,279,67
5429,Longirod,171,87,86,15
5430,Marchissy,139,92,89,6
5431,Mollens (VD),173,73,72,29
5432,Montherod,170,102,101,19
5433,Pizy,34,23,23,1
5434,Saint-George,294,143,142,30
5435,Saint-Livres,279,142,141,31
5436,Saint-Oyens,125,66,66,7
5437,Saubraz,141,74,74,17
5451,Avenches,1418,643,638,170
5452,Bellerive (VD),330,170,169,37
5453,Chabrey,103,51,51,19
5454,Champmartin,33,18,18,9
5455,Constantine,164,98,96,15
5456,Cudrefin,497,265,265,77
5457,Donatyre,97,50,50,10
5458,Faoug,330,153,152,43
5459,Montmagny,101,58,57,13
5460,Mur (VD),101,48,46,7
5461,Oleyres,145,64,64,20
5462,Vallamand,177,69,69,7
5463,Villars-le-Grand,208,112,111,16
5471,Bettens,140,69,68,6
5472,Bournens,160,101,101,22
5473,Boussens,195,121,120,29
5474,La Chaux (Cossonay),178,103,101,21
5475,Chavannes-le-Veyron,70,38,38,7
5476,Chevilly,118,71,71,11
5477,Cossonay,1161,545,543,136
5478,Cottens (VD),186,84,83,20
5479,Cuarnens,236,125,123,16
5480,Daillens,360,199,196,38
5481,Dizy,79,44,44,6
5482,Eclépens,481,273,270,68
5483,Ferreyres,99,50,50,6
5484,Gollion,284,137,136,16
5485,Grancy,200,119,117,7
5486,L'Isle,543,269,268,55
5487,Lussery,80,52,51,13
5488,Mauraz,32,24,24,6
5489,Mex (VD),233,149,149,24
5490,Moiry,130,72,72,12
5491,Mont-la-Ville,230,107,107,26
5492,Montricher,460,238,237,58
5493,Orny,128,60,60,19
5494,Pampigny,404,158,157,20
5495,Penthalaz,1359,631,625,190
5496,Penthaz,741,302,297,115
5497,Pompaples,358,166,165,39
5498,La Sarraz,856,443,440,85
5499,Senarclens,167,84,84,10
5500,Sévery,104,58,58,11
5501,Sullens,442,244,243,48
5502,Villars-Lussery,62,44,44,7
5503,Vufflens-la-Ville,565,301,298,70
5511,Assens,398,214,212,38
5512,Bercher,497,260,260,53
5513,Bioley-Orjulaz,129,106,105,18
5514,Bottens,450,212,211,50
5515,Bretigny-sur-Morrens,244,138,137,28
5516,Cugy (VD),1067,587,581,129
5517,Dommartin,120,70,70,8
5518,Echallens,1867,959,945,239
5519,Eclagnens,45,31,31,5
5520,Essertines-sur-Yverdon,375,221,221,56
5521,Etagnières,396,187,184,45
5522,Fey,267,146,146,44
5523,Froideville,820,441,438,103
5524,Goumoens-la-Ville,313,158,158,47
5525,Goumoens-le-Jux,19,16,16,1
5526,Malapalud,44,27,27,3
5527,Morrens (VD),558,324,322,76
5528,Naz,34,26,26,2
5529,Oulens-sous-Echallens,250,123,120,24
5530,Pailly,244,119,116,32
5531,Penthéréaz,176,88,88,17
5532,Poliez-le-Grand,307,140,139,22
5533,Poliez-Pittet,318,158,156,34
5534,Rueyres,108,62,62,14
5535,Saint-Barthélemy (VD),250,129,127,22
5536,Sugnens,129,71,71,19
5537,Villars-le-Terroir,400,188,184,24
5538,Villars-Tiercelin,182,85,85,17
5539,Vuarrens,333,145,142,30
5551,Bonvillars,222,100,98,21
5552,Bullet,355,135,134,35
5553,Champagne,329,177,175,33
5554,Concise,421,199,199,70
5555,Corcelles-près-Concise,155,86,86,17
5556,Fiez,189,91,90,17
5557,Fontaines-sur-Grandson,74,38,38,10
5558,Fontanezier,49,29,29,5
5559,Giez,228,110,109,25
5560,Grandevent,88,33,33,4
5561,Grandson,1455,733,729,169
5562,Mauborget,52,27,27,1
5563,Mutrux,72,33,32,8
5564,Novalles,59,35,35,7
5565,Onnens (VD),227,110,107,31
5566,Provence,233,76,76,13
5567,Romairon,31,17,17,2
5568,Sainte-Croix,3108,1287,1281,395
5569,Vaugondry,25,11,11,0
5570,Villars-Burquin,206,89,88,24
5581,Belmont-sur-Lausanne,1292,641,636,116
5582,Cheseaux-sur-Lausanne,1646,756,748,209
5583,Crissier,2508,1184,1177,396
5584,Epalinges,3981,2185,2170,449
5585,Jouxtens-Mézery,528,335,334,48
5586,Lausanne,70033,32205,31874,10555
5587,Le Mont-sur-Lausanne,2897,1507,1497,287
5588,Paudex,689,339,337,73
5589,Prilly,6638,3132,3103,1060
5590,Pully,9629,5230,5187,998
5591,Renens (VD),8107,3355,3327,1424
5592,Romanel-sur-Lausanne,1470,748,740,240
5601,Chexbres,1251,663,654,101
5602,Cully,1176,669,667,109
5603,Epesses,214,150,149,16
5604,Forel (Lavaux),920,386,382,82
5605,Grandvaux,1119,598,595,76
5606,Lutry,4545,2411,2389,452
5607,Puidoux,1187,620,618,113
5608,Riex,212,125,122,30
5609,Rivaz,232,147,146,16
5610,Saint-Saphorin (Lavaux),221,142,141,21
5611,Savigny,1683,842,838,169
5612,Villette (Lavaux),334,186,185,28
5621,Aclens,202,113,112,21
5622,Bremblens,210,123,123,31
5623,Buchillon,341,211,211,48
5624,Bussigny-près-Lausanne,3387,1617,1605,519
5625,Bussy-Chardonney,162,91,91,11
5627,Chavannes-près-Renens,2678,1151,1136,514
5628,Chigny,115,76,76,5
5629,Clarmont,91,48,47,5
5630,Colombier (VD),245,133,132,24
5631,Denens,256,150,149,8
5632,Denges,547,317,315,96
5633,Echandens,1226,695,692,120
5634,Echichens,470,233,232,37
5635,Ecublens (VD),4463,1939,1923,714
5636,Etoy,682,311,310,64
5637,Lavigny,256,154,154,29
5638,Lonay,837,454,450,135
5639,Lully (VD),308,190,188,33
5640,Lussy-sur-Morges,237,139,139,13
5641,Monnaz,116,84,84,7
5642,Morges,7888,3756,3723,1028
5643,Préverenges,2019,1021,1018,252
5644,Reverolle,168,97,97,15
5645,Romanel-sur-Morges,220,116,115,19
5646,Saint-Prex,1681,780,778,150
5647,Saint-Saphorin-sur-Morges,157,90,88,17
5648,Saint-Sulpice (VD),1678,925,916,203
5649,Tolochenaz,834,337,334,88
5650,Vaux-sur-Morges,61,38,38,3
5651,Villars-Sainte-Croix,269,136,134,35
5652,Villars-sous-Yens,196,116,114,24
5653,Vufflens-le-Château,290,177,175,23
5654,Vullierens,248,159,158,20
5655,Yens,538,303,300,59
5661,Boulens,115,69,69,16
5662,Brenles,102,68,67,2
5663,Bussy-sur-Moudon,132,65,63,15
5664,Chapelle-sur-Moudon,181,108,108,17
5665,Chavannes-sur-Moudon,140,80,79,23
5666,Chesalles-sur-Moudon,73,39,39,8
5667,Correvon,69,37,37,8
5668,Cremin,40,26,25,5
5669,Curtilles,194,107,107,32
5670,Denezy,102,54,53,9
5671,Dompierre (VD),164,90,90,16
5672,Forel-sur-Lucens,86,63,63,12
5673,Hermenches,189,79,78,17
5674,Lovatens,100,50,50,9
5675,Lucens,1123,532,522,203
5676,Martherenges,37,30,30,2
5677,Montaubion-Chardonney,53,33,32,2
5678,Moudon,2129,889,885,258
5679,Neyruz-sur-Moudon,89,49,49,10
5680,Ogens,133,61,60,13
5681,Oulens-sur-Lucens,37,23,23,6
5682,Peyres-Possens,83,43,43,8
5683,Prévonloup,97,45,45,6
5684,Rossenges,41,31,30,6
5685,Saint-Cierges,240,147,145,30
5686,Sarzens,41,27,27,7
5687,Sottens,130,77,75,10
5688,Syens,87,37,37,7
5689,Thierrens,326,159,159,21
5690,Villars-le-Comte,91,51,48,5
5691,Villars-Mendraz,96,65,65,8
5692,Vucherens,259,117,116,30
5701,Arnex-sur-Nyon,49,31,31,3
5702,Arzier,814,407,406,103
5703,Bassins,434,236,235,43
5704,Begnins,682,356,355,96
5705,Bogis-Bossey,254,121,121,19
5706,Borex,384,205,204,38
5707,Chavannes-de-Bogis,420,165,162,46
5708,Chavannes-des-Bois,162,96,96,18
5709,Chéserex,366,217,216,28
5710,Coinsins,185,93,91,16
5711,Commugny,924,507,504,88
5712,Coppet,884,505,500,121
5713,Crans-près-Céligny,852,481,478,85
5714,Crassier,301,170,169,33
5715,Duillier,377,210,209,38
5716,Eysins,417,211,209,43
5717,Founex,819,475,469,63
5718,Genolier,730,363,360,76
5719,Gingins,536,291,289,56
5720,Givrins,414,244,241,46
5721,Gland,3446,1497,1482,395
5722,Grens,139,83,83,5
5723,Mies,602,338,332,49
5724,Nyon,7230,3360,3331,898
5725,Prangins,1300,676,674,164
5726,La Rippe,302,154,154,21
5727,Saint-Cergue,650,267,266,77
5728,Signy-Avenex,199,116,116,19
5729,Tannay,491,287,285,49
5730,Trélex,473,263,262,46
5731,Le Vaud,395,232,229,55
5732,Vich,269,126,126,29
5741,L'Abergement,121,56,56,17
5742,Agiez,158,93,93,13
5743,Arnex-sur-Orbe,335,170,169,37
5744,Ballaigues,578,291,290,53
5745,Baulmes,543,286,282,73
5746,Bavois,330,162,161,46
5747,Bofflens,102,67,67,12
5748,Bretonnières,116,78,78,12
5749,Chavornay,1306,555,548,129
5750,Les Clées,107,55,55,11
5751,Corcelles-sur-Chavornay,184,104,104,7
5752,Croy,183,100,100,35
5754,Juriens,177,87,84,13
5755,Lignerolle,200,120,120,18
5756,Montcherand,208,117,117,25
5757,Orbe,2348,1097,1087,278
5758,La Praz,90,51,51,19
5759,Premier,130,74,74,20
5760,Rances,263,151,150,29
5761,Romainmôtier-Envy,270,127,127,32
5762,Sergey,62,30,30,5
5763,Valeyres-sous-Rances,258,126,124,28
5764,Vallorbe,1947,859,851,222
5765,Vaulion,321,141,141,22
5766,Vuiteboeuf,172,86,86,16
5781,Bussigny-sur-Oron,31,14,14,2
5782,Carrouge (VD),438,235,234,39
5783,Châtillens,206,101,100,27
5784,Chesalles-sur-Oron,90,41,41,10
5785,Corcelles-le-Jorat,269,140,140,30
5786,Les Cullayes,312,124,122,24
5787,Ecoteaux,210,121,120,15
5788,Essertes,151,88,88,18
5789,Ferlens (VD),170,103,103,20
5790,Maracon,166,96,95,11
5791,Mézières (VD),576,274,267,66
5792,Montpreveyres,191,85,85,16
5793,Oron-la-Ville,722,340,336,87
5794,Oron-le-Châtel,101,49,49,13
5795,Palézieux,610,245,245,68
5796,Peney-le-Jorat,152,78,77,14
5797,La Rogivue,45,25,25,2
5798,Ropraz,212,100,99,24
5799,Servion,379,206,202,36
5800,Les Tavernes,69,25,25,5
5801,Les Thioleyres,93,39,39,12
5802,Vuibroye,60,43,43,11
5803,Vulliens,244,165,164,36
5811,Cerniaz (VD),50,15,15,2
5812,Champtauroz,80,42,42,11
5813,Chevroux,212,113,113,35
5814,Combremont-le-Grand,208,108,108,20
5815,Combremont-le-Petit,213,123,121,18
5816,Corcelles-près-Payerne,939,505,501,133
5817,Grandcour,511,220,218,56
5818,Granges-près-Marnand,670,339,339,78
5819,Henniez,180,77,76,22
5820,Marnand,108,54,54,14
5821,Missy,184,99,99,18
5822,Payerne,4327,1982,1969,595
5823,Rossens (VD),31,18,17,4
5824,Sassel,114,51,50,9
5825,Sédeilles,97,48,47,8
5826,Seigneux,162,70,70,18
5827,Trey,145,81,81,15
5828,Treytorrens (Payerne),75,45,45,12
5829,Villars-Bramard,81,41,41,6
5830,Villarzel,114,61,61,9
5841,Château-d'Oex,2079,843,837,144
5842,Rossinière,327,136,134,25
5843,Rougemont,588,186,186,31
5851,Allaman,232,122,122,27
5852,Bursinel,151,81,81,10
5853,Bursins,286,167,167,16
5854,Burtigny,199,86,86,15
5855,Dully,159,95,94,12
5856,Essertines-sur-Rolle,204,130,129,20
5857,Gilly,414,214,212,43
5858,Luins,193,89,89,15
5859,Mont-sur-Rolle,852,449,445,88
5860,Perroy,513,284,282,68
5861,Rolle,1784,850,845,197
5862,Tartegnin,107,75,74,7
5863,Vinzel,128,88,86,18
5871,L'Abbaye,782,289,288,69
5872,Le Chenit,2826,1332,1319,315
5873,Le Lieu,538,246,244,43
5881,Blonay,2501,1253,1246,251
5882,Chardonne,1394,684,678,138
5883,Corseaux,1423,728,723,149
5884,Corsier-sur-Vevey,1893,898,888,286
5885,Jongny,635,331,329,73
5886,Montreux,11168,4935,4883,1269
5888,Saint-Légier-La Chiésaz,2012,1325,1320,270
5889,La Tour-de-Peilz,6445,3303,3281,801
5890,Vevey,8360,3528,3493,1066
5891,Veytaux,505,258,258,41
5901,Arrissoules,29,23,23,7
5902,Belmont-sur-Yverdon,137,70,69,13
5903,Bioley-Magnoux,127,69,69,16
5904,Chamblon,203,97,97,12
5905,Champvent,187,120,119,25
5906,Chanéaz,52,33,32,4
5907,Chavannes-le-Chêne,163,75,74,14
5908,Chêne-Pâquier,72,37,37,12
5909,Cheseaux-Noréaz,328,190,190,26
5910,Cronay,193,100,97,28
5911,Cuarny,115,53,53,25
5912,Démoret,80,50,49,12
5913,Donneloye,205,106,105,16
5914,Ependes (VD),151,78,76,17
5915,Essert-Pittet,89,52,51,15
5916,Essert-sous-Champvent,52,40,40,2
5917,Gossens,64,20,19,3
5918,Gressy,98,47,47,4
5919,Mathod,209,134,134,18
5920,Mézery-près-Donneloye,38,27,27,1
5921,Molondin,129,59,59,6
5922,Montagny-près-Yverdon,338,162,162,53
5923,Oppens,97,57,55,10
5924,Orges,135,69,69,15
5925,Orzens,137,78,77,13
5926,Pomy,296,173,172,26
5927,Prahins,79,52,52,7
5928,Rovray,61,42,42,3
5929,Suchy,179,99,97,9
5930,Suscévaz,117,62,62,18
5931,Treycovagnes,128,56,56,13
5932,Ursins,122,68,67,9
5933,Valeyres-sous-Montagny,308,128,127,35
5934,Valeyres-sous-Ursins,123,75,73,17
5935,Villars-Epeney,27,14,13,3
5936,Villars-sous-Champvent,33,28,28,10
5937,Vugelles-La Mothe,80,40,40,13
5938,Yverdon-les-Bains,12736,5727,5674,2039
5939,Yvonand,1116,543,541,141
6001,Birgisch,142,121,120,35
6002,Brig-Glis,7018,5110,5012,1411
6004,Eggerberg,265,241,237,36
6006,Mund,416,355,349,79
6007,Naters,4794,3640,3532,806
6008,Ried bei Brig,910,834,823,173
6009,Simplon,246,222,220,47
6010,Termen,442,394,386,70
6011,Zwischbergen,124,106,104,37
6021,Ardon,1141,940,922,143
6022,Chamoson,1594,1476,1447,334
6023,Conthey,3676,3115,3041,624
6024,Nendaz,3536,3181,3087,732
6025,Vétroz,1893,1659,1623,377
6031,Bagnes,3447,2742,2680,330
6032,Bourg-Saint-Pierre,143,116,116,12
6033,Liddes,484,419,414,77
6034,Orsières,1696,1569,1537,206
6035,Sembrancher,523,442,437,98
6036,Vollèges,834,698,689,84
6051,Ausserbinn,23,14,14,0
6052,Bellwald,240,190,183,35
6053,Biel (VS),47,34,34,9
6054,Binn,140,96,94,9
6055,Blitzingen,68,46,45,12
6056,Ernen,277,182,179,26
6057,Fiesch,608,534,530,81
6058,Fieschertal,180,125,117,25
6059,Geschinen,52,22,22,8
6060,Gluringen,112,88,88,20
6061,Lax,193,145,143,14
6062,Mühlebach,42,28,28,3
6063,Münster (VS),328,232,230,36
6064,Niederwald,57,44,42,7
6065,Obergesteln,156,114,112,11
6066,Oberwald,201,178,175,31
6067,Reckingen (VS),280,241,237,28
6068,Ritzingen,61,49,48,14
6069,Selkingen,48,36,36,6
6070,Steinhaus,24,20,20,4
6071,Ulrichen,164,149,146,19
6081,Les Agettes,162,149,149,34
6082,Ayent,2067,1876,1817,412
6083,Evolène,1152,1079,1061,146
6084,Hérémence,1002,796,792,147
6085,Mase,178,159,155,21
6086,Nax,308,269,260,43
6087,Saint-Martin (VS),738,639,633,127
6088,Vernamiège,143,103,101,25
6089,Vex,761,675,663,124
6101,Agarn,453,426,410,74
6102,Albinen,216,172,170,34
6103,Bratsch,369,321,304,73
6104,Ergisch,153,132,126,29
6105,Erschmatt,247,228,221,55
6106,Feschel,82,71,70,20
6107,Gampel,793,707,696,109
6108,Guttet,223,201,198,51
6109,Inden,44,35,35,5
6110,Leuk,2091,1889,1783,413
6111,Leukerbad,803,706,681,125
6112,Oberems,114,64,64,9
6113,Salgesch,835,758,738,170
6114,Turtmann,601,568,557,97
6115,Unterems,132,101,99,21
6116,Varen,439,390,382,68
6131,Bovernier,492,459,447,131
6132,Charrat,658,600,580,104
6133,Fully,3010,2813,2702,527
6134,Isérables,803,662,635,199
6135,Leytron,1340,1202,1164,295
6136,Martigny,7418,5561,5432,1458
6137,Martigny-Combe,908,772,762,169
6139,Riddes,1240,1068,1026,335
6140,Saillon,703,575,574,94
6141,Saxon,1885,1741,1665,442
6142,Trient,82,68,66,12
6151,Champéry,697,616,608,126
6152,Collombey-Muraz,2293,1707,1663,575
6153,Monthey,7055,5134,5060,1682
6154,Port-Valais,951,677,658,231
6155,Saint-Gingolph,396,307,301,84
6156,Troistorrents,1953,1529,1494,542
6157,Val-d'Illiez,857,727,718,255
6158,Vionnaz,758,625,615,161
6159,Vouvry,1388,1201,1163,309
6171,Betten,332,250,249,20
6172,Bister,23,11,11,3
6173,Bitsch,401,333,324,94
6174,Filet,88,66,66,15
6175,Goppisberg,66,55,55,4
6176,Greich,101,68,67,8
6177,Grengiols,329,250,249,46
6178,Martisberg,31,20,20,3
6179,Mörel,380,334,325,49
6180,Ried bei Mörel,192,174,172,39
6191,Ausserberg,509,426,423,57
6192,Blatten,227,197,188,29
6193,Bürchen,459,320,315,70
6194,Eischoll,397,343,335,42
6195,Ferden,251,191,189,22
6196,Hohtenn,168,147,143,45
6197,Kippel,293,214,212,32
6198,Niedergesteln,350,325,312,55
6199,Raron,1016,921,907,157
6200,Steg,829,777,757,179
6201,Unterbäch,289,249,240,56
6202,Wiler (Lötschen),332,256,254,29
6211,Collonges,307,273,269,68
6212,Dorénaz,357,325,318,107
6213,Evionnaz,522,466,457,123
6214,Finhaut,228,182,178,38
6215,Massongex,692,574,566,151
6216,Mex (VS),71,61,58,11
6217,Saint-Maurice,2057,1675,1651,411
6218,Salvan,759,670,657,118
6219,Vernayaz,931,867,839,200
6220,Vérossaz,276,250,247,46
6231,Ayer,386,338,335,73
6232,Chalais,1465,1344,1300,360
6233,Chandolin,54,42,42,4
6234,Chermignon,1574,1486,1454,213
6235,Chippis,871,806,760,213
6237,Grimentz,238,225,224,17
6238,Grône,1068,958,930,222
6239,Icogne,253,234,227,86
6240,Lens,1822,1626,1591,313
6241,Miège,567,522,509,133
6242,Mollens (VS),340,277,274,71
6243,Montana,1248,1054,1026,217
6244,Randogne,1153,944,919,180
6245,Saint-Jean,143,129,127,10
6246,Saint-Léonard,1206,1116,1093,202
6247,Saint-Luc,180,163,151,23
6248,Sierre,8169,6254,6027,1613
6249,Venthône,576,509,492,82
6250,Veyras,856,731,712,161
6251,Vissoie,271,240,239,29
6261,Arbaz,442,358,348,108
6263,Grimisuat,1275,1108,1081,202
6264,Salins,564,498,492,101
6265,Savièse,3281,2923,2887,735
6266,Sion,14609,9987,9815,2129
6267,Veysonnaz,333,277,270,18
6281,Baltschieder,523,427,412,96
6282,Eisten,195,157,154,63
6283,Embd,266,202,199,47
6285,Grächen,850,734,704,94
6286,Lalden,435,384,376,98
6287,Randa,279,222,217,36
6288,Saas Almagell,287,264,256,25
6289,Saas Balen,318,265,264,53
6290,Saas Fee,879,789,779,64
6291,Saas Grund,685,607,594,106
6292,St. Niklaus,1566,1313,1280,174
6293,Stalden (VS),831,728,711,183
6294,Staldenried,394,370,362,96
6295,Täsch,442,344,336,77
6296,Törbel,405,277,275,51
6297,Visp,4020,3204,3175,722
6298,Visperterminen,962,758,747,159
6299,Zeneggen,159,146,139,19
6300,Zermatt,2571,1961,1923,214
6401,Auvernier,1005,581,577,148
6402,Bevaix,1947,979,969,298
6403,Bôle,1160,608,605,175
6404,Boudry,2668,1262,1255,477
6405,Brot-Dessous,98,41,41,27
6406,Colombier (NE),2757,1473,1457,464
6407,Corcelles-Cormondrèche,2278,1204,1185,352
6408,Cortaillod,2420,1225,1216,386
6409,Fresens,108,80,80,12
6410,Gorgier,1079,547,545,184
6411,Montalchez,111,53,52,12
6412,Peseux,3352,1566,1554,618
6413,Rochefort,586,327,326,70
6414,Saint-Aubin-Sauges,1340,671,668,210
6415,Vaumarcus,138,79,78,21
6421,La Chaux-de-Fonds,22811,11197,11040,3828
6422,Les Planchettes,143,90,90,27
6423,La Sagne,637,365,362,111
6431,Les Brenets,774,360,353,95
6432,La Brévine,462,233,231,67
6433,Brot-Plamboz,166,78,75,30
6434,Le Cerneux-Péquignot,212,137,136,25
6435,La Chaux-du-Milieu,266,153,152,24
6436,Le Locle,6899,3422,3388,1144
6437,Les Ponts-de-Martel,835,422,420,104
6451,Cornaux,913,497,493,177
6452,Cressier (NE),841,467,465,144
6453,Enges,160,81,81,30
6454,Hauterive,1461,765,759,300
6455,Le Landeron,2460,1144,1135,347
6456,Lignières,453,260,259,72
6457,Marin-Epagnier,1851,893,881,324
6458,Neuchâtel,19481,9003,8889,3186
6459,Saint-Blaise,1811,1018,1013,255
6460,Thielle-Wavre,227,136,136,21
6471,Boudevilliers,347,201,200,57
6472,Cernier,1212,625,617,208
6473,Chézard-Saint-Martin,873,466,461,125
6474,Coffrane,369,215,213,60
6475,Dombresson,725,364,358,130
6476,Engollon,58,44,44,12
6477,Fenin-Vilars-Saules,334,200,200,55
6478,Fontainemelon,885,379,377,130
6479,Fontaines (NE),443,231,230,87
6480,Les Geneveys-sur-Coffrane,734,404,401,154
6481,Les Hauts-Geneveys,529,282,278,90
6482,Montmollin,269,159,159,58
6483,Le Pâquier (NE),143,90,90,21
6484,Savagnier,449,254,251,72
6485,Valangin,253,156,153,45
6486,Villiers,190,109,106,25
6501,Les Bayards,231,147,144,46
6502,Boveresse,239,113,110,32
6503,Buttes,413,190,189,64
6504,La Côte-aux-Fées,400,214,211,52
6505,Couvet,1602,693,683,259
6506,Fleurier,2152,921,912,334
6507,Môtiers (NE),530,254,252,72
6508,Noiraigue,287,122,122,36
6509,Saint-Sulpice (NE),333,94,94,27
6510,Travers,763,359,356,142
6511,Les Verrières,558,255,251,95
6601,Aire-la-Ville,277,188,184,52
6602,Anières,758,478,475,94
6603,Avully,1006,585,575,181
6604,Avusy,533,344,341,50
6605,Bardonnex,917,540,531,141
6606,Bellevue,661,398,392,125
6607,Bernex,5031,2544,2515,666
6608,Carouge (GE),7699,3898,3866,1326
6609,Cartigny,355,258,257,53
6610,Céligny,366,207,204,39
6611,Chancy,376,247,245,85
6612,Chêne-Bougeries,5259,2886,2858,590
6613,Chêne-Bourg,3351,1623,1592,577
6614,Choulex,534,315,313,64
6615,Collex-Bossy,469,287,282,68
6616,Collonge-Bellerive,2751,1626,1616,290
6617,Cologny,1969,1186,1182,225
6618,Confignon,1478,916,906,214
6619,Corsier (GE),810,505,502,110
6620,Dardagny,494,286,285,87
6621,Genève,84851,37740,37338,13174
6622,Genthod,922,543,539,113
6623,Le Grand-Saconnex,3076,1524,1507,529
6624,Gy,164,121,120,26
6625,Hermance,405,258,256,41
6626,Jussy,516,362,355,76
6627,Laconnex,269,189,187,36
6628,Lancy,13063,6498,6427,2511
6629,Meinier,903,506,500,114
6630,Meyrin,8827,4096,4036,1533
6631,Onex,8924,4143,4085,1720
6632,Perly-Certoux,1337,706,703,213
6633,Plan-les-Ouates,2752,1582,1569,436
6634,Pregny-Chambésy,1218,691,683,184
6635,Presinge,292,189,187,37
6636,Puplinge,1188,664,660,168
6637,Russin,235,145,144,29
6638,Satigny,1179,703,695,179
6639,Soral,307,185,180,41
6640,Thônex,5132,2740,2709,896
6641,Troinex,853,493,488,94
6642,Vandoeuvres,1057,650,644,113
6643,Vernier,13139,6058,5991,2533
6644,Versoix,4079,2036,2015,599
6645,Veyrier,4012,2233,2206,552
6701,Bassecourt,2013,930,922,278
6702,Boécourt,514,219,218,60
6703,Bourrignon,148,83,83,11
6704,Châtillon (JU),216,109,108,39
6705,Corban,302,166,164,50
6706,Courchapoix,246,129,125,29
6707,Courfaivre,884,390,389,140
6708,Courrendlin,1487,694,685,261
6709,Courroux,1587,821,811,277
6710,Courtételle,1293,691,676,218
6711,Delémont,7016,3611,3582,982
6712,Develier,732,377,372,93
6713,Ederswiler,96,40,39,9
6714,Glovelier,686,313,305,86
6715,Mervelier,351,219,217,61
6716,Mettembert,60,45,45,15
6717,Montsevelier,376,163,162,62
6718,Movelier,278,105,105,39
6719,Pleigne,253,118,116,33
6720,Rebeuvelier,173,85,85,33
6721,Rossemaison,341,176,175,31
6722,Saulcy,176,81,77,18
6723,Soulce,156,88,82,28
6724,Soyhières,270,120,119,41
6725,Undervelier,224,122,120,26
6726,Vermes,248,106,106,38
6727,Vicques,886,441,432,115
6741,Le Bémont (JU),225,81,80,15
6742,Les Bois,680,340,332,79
6743,Les Breuleux,881,505,500,121
6744,La Chaux-des-Breuleux,56,35,34,7
6745,Les Enfers,71,35,35,6
6746,Epauvillers,125,67,67,12
6747,Epiquerez,56,32,32,2
6748,Les Genevez (JU),366,166,165,25
6749,Goumois,78,37,37,15
6750,Lajoux (JU),364,154,152,46
6751,Montfaucon,329,152,152,43
6752,Montfavergier,25,11,11,2
6753,Muriaux,272,130,130,30
6754,Le Noirmont,1019,527,523,153
6755,Le Peuchapatte,34,27,27,2
6756,Les Pommerats,140,73,73,13
6757,Saignelégier,1215,631,628,111
6758,Saint-Brais,152,76,73,17
6759,Soubey,117,55,55,11
6771,Alle,1017,498,487,145
6772,Asuel,204,121,120,25
6773,Beurnevésin,124,44,43,15
6774,Boncourt,1080,474,467,125
6775,Bonfol,595,258,249,90
6776,Bressaucourt,266,147,145,46
6777,Buix,361,166,161,43
6778,Bure,461,244,244,82
6779,Charmoille,249,123,122,38
6780,Chevenez,463,208,207,81
6781,Coeuve,412,212,206,68
6782,Cornol,551,257,251,101
6783,Courchavon,195,110,109,49
6784,Courgenay,1439,602,599,204
6785,Courtedoux,508,237,236,71
6786,Courtemaîche,454,221,217,77
6787,Damphreux,110,54,54,15
6788,Damvant,114,60,58,23
6789,Fahy,292,128,127,41
6790,Fontenais,799,419,414,95
6791,Fregiécourt,88,43,43,20
6792,Grandfontaine,238,93,90,30
6793,Lugnez,162,77,76,17
6794,Miécourt,301,158,151,39
6795,Montenol,42,25,25,1
6796,Montignez,190,100,98,23
6797,Montmelon,63,18,18,2
6798,Ocourt,88,44,44,17
6799,Pleujouse,65,40,39,10
6800,Porrentruy,4502,2198,2168,599
6801,Réclère,150,68,68,23
6802,Roche-d'Or,30,20,20,8
6803,Rocourt,111,67,64,15
6804,Saint-Ursanne,511,226,223,57
6805,Seleute,61,33,31,8
6806,Vendlincourt,385,219,217,79
9120,BS-Auslandschweizer,281,0,0,0
9161,AI-Korrespondenzweg,0,135,134,22
9252,GE-Korrespondenzweg,0,60,60,18
