bfs_gmde_nummer_2004,bfs_gmde_name_2004,Stimmberechtigte,Abgegebene Stimmen,Gültige Stimmen,JA
1,Aeugst am Albis,1174,711,703,359
2,Affoltern am Albis,6081,3489,3436,1337
3,Bonstetten,2996,1845,1811,858
4,Hausen am Albis,2200,1321,1294,599
5,Hedingen,1997,1225,1220,565
6,Kappel am Albis,627,393,389,137
7,Knonau,1031,641,629,292
8,Maschwanden,416,245,245,102
9,Mettmenstetten,2730,1630,1618,727
10,Obfelden,2883,1603,1576,596
11,Ottenbach,1634,942,936,462
12,Rifferswil,572,402,397,196
13,Stallikon,1998,1133,1128,541
14,Wettswil am Albis,2986,1839,1828,825
21,Adlikon,453,296,293,88
22,Benken (ZH),512,327,325,97
23,Berg am Irchel,451,304,297,90
24,Buch am Irchel,564,403,402,135
25,Dachsen,1163,673,665,264
26,Dorf,429,274,260,63
27,Feuerthalen,2120,1137,1127,407
28,Flaach,816,524,517,116
29,Flurlingen,979,619,612,298
30,Andelfingen,1215,792,783,311
31,Henggart,1239,810,801,247
32,Humlikon,311,221,221,60
33,Kleinandelfingen,1335,840,819,296
34,Laufen-Uhwiesen,1108,687,673,254
35,Marthalen,1328,829,822,240
36,Oberstammheim,798,501,488,178
37,Ossingen,910,588,581,171
38,Rheinau,865,521,519,211
39,Thalheim an der Thur,508,324,318,76
40,Trüllikon,759,444,442,117
41,Truttikon,334,230,228,76
42,Unterstammheim,614,358,357,165
43,Volken,204,138,137,25
44,Waltalingen,477,330,325,94
51,Bachenbülach,2024,1072,1070,387
52,Bassersdorf,5913,3160,3096,1213
53,Bülach,9178,5302,5229,1883
54,Dietlikon,4312,2506,2488,983
55,Eglisau,2251,1370,1342,490
56,Embrach,4982,2583,2553,871
57,Freienstein-Teufen,1555,943,932,349
58,Glattfelden,2381,1296,1291,379
59,Hochfelden,1152,722,713,181
60,Höri,1319,679,669,129
61,Hüntwangen,637,382,377,138
62,Kloten,10657,5571,5483,1820
63,Lufingen,984,604,597,174
64,Nürensdorf,3483,2171,2135,746
65,Oberembrach,738,445,443,129
66,Opfikon,6580,3443,3417,1115
67,Rafz,2322,1403,1387,436
68,Rorbas,1394,713,694,239
69,Wallisellen,7909,4465,4405,1653
70,Wasterkingen,426,272,272,90
71,Wil (ZH),948,587,584,152
72,Winkel,2625,1564,1544,503
81,Bachs,428,255,250,76
82,Boppelsen,841,531,529,190
83,Buchs (ZH),2927,1549,1523,443
84,Dällikon,2090,1138,1125,339
85,Dänikon,1057,639,638,183
86,Dielsdorf,2982,1563,1551,564
87,Hüttikon,380,221,218,42
88,Neerach,1985,1057,1054,338
89,Niederglatt,2569,1419,1382,345
90,Niederhasli,4761,2666,2632,792
91,Niederweningen,1575,921,912,324
92,Oberglatt,2861,1342,1315,387
93,Oberweningen,937,539,538,197
94,Otelfingen,1483,891,879,321
95,Regensberg,328,205,201,98
96,Regensdorf,8759,4749,4599,1549
97,Rümlang,3698,1999,1959,542
98,Schleinikon,486,316,314,101
99,Schöfflisdorf,814,507,492,162
100,Stadel,1325,693,690,178
101,Steinmaur,2068,1085,1064,387
102,Weiach,736,420,417,98
111,Bäretswil,3161,1767,1742,544
112,Bubikon,4009,2385,2353,911
113,Dürnten,4123,2402,2362,826
114,Fischenthal,1368,738,736,192
115,Gossau (ZH),6316,3710,3661,1355
116,Grüningen,1956,1211,1201,430
117,Hinwil,6698,3746,3719,1200
118,Rüti (ZH),7239,4014,3950,1300
119,Seegräben,833,529,519,193
120,Wald (ZH),5427,2803,2769,910
121,Wetzikon (ZH),12063,6330,6264,2174
131,Adliswil,10026,5716,5610,2421
132,Hirzel,1387,828,820,359
133,Horgen,11086,6387,6273,2590
134,Hütten,645,372,372,108
135,Kilchberg (ZH),5034,3026,3009,1541
136,Langnau am Albis,4454,2537,2504,1091
137,Oberrieden,3479,2275,2238,1085
138,Richterswil,7387,4189,4140,1755
139,Rüschlikon,3402,2146,2134,1053
140,Schönenberg (ZH),1425,852,840,272
141,Thalwil,10928,6589,6520,3338
142,Wädenswil,12700,7510,7397,3179
151,Erlenbach (ZH),3421,2069,2036,1081
152,Herrliberg,4069,2586,2553,1188
153,Hombrechtikon,5077,2839,2797,963
154,Küsnacht (ZH),9140,5834,5766,2792
155,Männedorf,6475,4039,4000,1885
156,Meilen,8308,5030,4908,2351
157,Oetwil am See,2454,1274,1264,413
158,Stäfa,8719,5702,5629,2466
159,Uetikon am See,3701,2227,2213,1027
160,Zumikon,3383,2280,2231,1135
161,Zollikon,8709,5336,5243,2851
171,Bauma,2799,1561,1542,442
172,Fehraltorf,3191,1836,1827,712
173,Hittnau,2237,1335,1312,499
174,Illnau-Effretikon,9951,5774,5682,2229
175,Kyburg,276,185,185,56
176,Lindau,2799,1703,1693,635
177,Pfäffikon,6651,3769,3707,1456
178,Russikon,2819,1740,1729,581
179,Sternenberg,274,158,156,70
180,Weisslingen,2162,1387,1374,506
181,Wila,1280,755,750,215
182,Wildberg,666,427,425,124
191,Dübendorf,14125,7458,7324,2795
192,Egg,5158,3036,2977,1284
193,Fällanden,4759,2612,2557,1242
194,Greifensee,3544,2089,2069,1023
195,Maur,6220,3877,3799,1769
196,Mönchaltorf,2380,1457,1444,608
197,Schwerzenbach,2724,1548,1536,629
198,Uster,18940,10982,10869,4717
199,Volketswil,9168,4791,4756,1523
200,Wangen-Brüttisellen,3745,1956,1941,624
211,Altikon,473,304,303,70
212,Bertschikon,699,439,436,108
213,Brütten,1381,919,902,361
214,Dägerlen,643,392,388,115
215,Dättlikon,409,283,282,128
216,Dinhard,1022,676,668,236
217,Elgg,2536,1533,1501,597
218,Ellikon an der Thur,534,320,320,87
219,Elsau,2164,1345,1326,499
220,Hagenbuch,753,450,439,110
221,Hettlingen,1966,1288,1244,473
222,Hofstetten (ZH),299,198,196,50
223,Neftenbach,3194,1908,1852,637
224,Pfungen,1679,927,903,288
225,Rickenbach (ZH),1786,1045,1039,356
226,Schlatt (ZH),462,303,300,102
227,Seuzach,4785,2967,2909,1011
228,Turbenthal,2681,1449,1425,449
229,Wiesendangen,3156,2021,1992,797
230,Winterthur,59754,35954,35197,16958
231,Zell (ZH),3165,1796,1773,617
241,Aesch (ZH),751,483,481,190
242,Birmensdorf (ZH),3751,2157,2133,806
243,Dietikon,11282,5751,5637,1814
244,Geroldswil,3099,1637,1625,521
245,Oberengstringen,3859,2049,2013,818
246,Oetwil an der Limmat,1617,916,912,331
247,Schlieren,6658,3408,3337,1141
248,Uitikon,2771,1776,1737,904
249,Unterengstringen,1933,1117,1105,373
250,Urdorf,6159,3460,3366,1221
251,Weiningen (ZH),2495,1346,1326,472
261,Zürich,217558,120401,117009,67213
301,Aarberg,2778,1534,1525,642
302,Bargen (BE),692,354,348,126
303,Grossaffoltern,2141,1127,1118,498
304,Kallnach,1124,600,598,187
305,Kappelen,831,387,384,118
306,Lyss,7344,3764,3735,1613
307,Meikirch,1876,1130,1122,606
308,Niederried bei Kallnach,218,93,90,31
309,Radelfingen,940,484,481,205
310,Rapperswil (BE),1580,775,772,349
311,Schüpfen,2484,1226,1212,576
312,Seedorf (BE),2292,1154,1141,428
321,Aarwangen,2802,1484,1478,464
322,Auswil,395,169,168,42
323,Bannwil,501,258,257,56
324,Bleienbach,544,272,270,72
325,Busswil bei Melchnau,166,78,78,16
326,Gondiswil,600,270,269,67
328,Kleindietwil,388,188,187,62
329,Langenthal,9417,5602,5566,2100
330,Leimiswil,358,148,148,40
331,Lotzwil/Gutenburg,1734,883,875,269
332,Madiswil,1535,777,772,218
333,Melchnau,1051,538,535,148
334,Obersteckholz,317,158,156,33
335,Oeschenbach,224,53,51,6
336,Reisiswil,169,85,85,20
337,Roggwil (BE),2602,1413,1410,424
338,Rohrbach,1143,502,499,129
339,Rohrbachgraben,319,150,148,43
340,Rütschelen,411,215,212,75
341,Schwarzhäusern,367,212,209,47
342,Thunstetten,2097,1061,1056,307
343,Untersteckholz,131,79,78,10
344,Ursenbach,687,304,304,82
345,Wynau,1071,577,575,133
351,Bern,85171,46278,45893,28933
352,Bolligen,4852,3116,3088,1813
353,Bremgarten bei Bern,2928,1967,1949,1168
354,Kirchlindach,2018,1346,1329,758
355,Köniz,26657,15760,15612,8295
356,Muri bei Bern,9614,5899,5844,3413
357,Oberbalm,705,382,377,131
358,Stettlen,2115,1245,1237,594
359,Vechigen,3518,2089,2066,1010
360,Wohlen bei Bern,6898,4175,4145,2329
361,Zollikofen,6636,3971,3937,1852
362,Ittigen,7564,3981,3944,1949
363,Ostermundigen,10016,4835,4791,2141
371,Biel (BE),30692,14626,14473,7627
372,Evilard,1754,1063,1046,662
381,Arch,1163,584,583,128
382,Büetigen,549,302,301,107
383,Büren/Meienried,2329,1132,1126,428
384,Busswil bei Büren,1354,694,691,278
385,Diessbach bei Büren,646,356,353,122
386,Dotzigen,977,500,496,185
387,Lengnau (BE),3180,1648,1637,514
388,Leuzigen,915,475,473,108
390,Meinisberg,877,471,468,170
391,Oberwil bei Büren,614,283,283,95
392,Pieterlen,2197,1085,1083,336
393,Rüti bei Büren,661,299,297,76
394,Wengi,432,211,204,98
401,Aefligen,786,382,378,129
402,Alchenstorf,425,213,213,58
403,Bäriswil,784,444,442,160
404,Burgdorf,10351,5498,5459,2656
405,Ersigen,1144,611,606,210
406,Hasle bei Burgdorf,2249,956,949,310
407,Heimiswil,1232,527,515,183
409,Hindelbank,1471,701,695,285
410,Höchstetten/Hellsau,359,147,147,41
411,Kernenried,370,191,188,64
412,Kirchberg (BE),3794,2033,2023,748
413,Koppigen,1450,731,728,255
414,Krauchthal,1736,916,908,322
415,Lyssach,1037,507,505,176
416,Mötschwil/Rüti,220,105,102,47
417,Niederösch/Oberösch,254,132,131,44
418,Oberburg,1885,1036,1023,315
420,Rüdtligen-Alchenflüh,1352,618,615,175
421,Rumendingen,77,44,44,7
423,Willadingen,147,76,76,18
424,Wynigen,1564,807,801,252
431,Corgémont,1088,654,644,254
432,Cormoret,382,200,198,119
433,Cortébert,482,208,206,80
434,Courtelary,853,473,471,215
435,La Ferrière,363,142,140,74
436,La Heutte,339,183,182,82
437,Mont-Tramelan,111,58,57,21
438,Orvin,855,425,418,177
439,Péry,953,486,483,208
440,Plagne,298,173,166,54
441,Renan (BE),586,249,247,130
442,Romont (BE),149,83,82,31
443,Saint-Imier,3036,1385,1370,731
444,Sonceboz-Sombeval,1123,542,532,249
445,Sonvilier,794,352,346,154
446,Tramelan,3131,1908,1885,982
447,Vauffelin,295,152,151,65
448,Villeret,666,302,300,173
491,Brüttelen,459,193,193,60
492,Erlach,786,378,376,196
493,Finsterhennen,309,152,151,39
494,Gals,509,249,248,94
495,Gampelen,540,275,274,125
496,Ins,2067,1130,1120,512
497,Lüscherz,403,183,181,52
498,Müntschemier,756,490,488,133
499,Siselen,458,199,197,64
500,Treiten,315,155,155,40
501,Tschugg,299,139,135,68
502,Vinelz,571,294,291,141
531,Ballmoos,36,26,26,17
532,Bangerten,137,78,77,32
533,Bätterkinden,2053,1079,1075,453
534,Büren zum Hof,336,189,187,102
536,Diemerswil,136,74,74,44
537,Etzelkofen,283,139,139,41
538,Fraubrunnen,1253,694,690,313
539,Grafenried,706,404,402,149
540,Jegenstorf,3121,1770,1747,849
541,Iffwil,309,186,185,78
542,Limpach,253,104,103,29
543,Mattstetten,451,261,257,91
544,Moosseedorf,2429,1350,1339,503
545,Mülchi,179,100,97,20
546,Münchenbuchsee,6558,3510,3474,1654
547,Münchringen,428,281,278,114
548,Ruppoldsried,181,68,68,28
549,Schalunen,277,127,127,50
550,Scheunen,57,39,39,4
551,Urtenen-Schönbühl,3735,1926,1917,820
552,Utzenstorf,2806,1394,1385,494
553,Wiggiswil/Deisswil,143,72,72,27
554,Wiler bei Utzenstorf,621,311,309,92
555,Zauggenried,251,118,112,49
556,Zielebach,264,148,146,26
557,Zuzwil (BE),384,254,252,106
561,Adelboden,2708,1392,1373,335
562,Aeschi bei Spiez,1421,700,697,305
563,Frutigen,4935,2312,2281,712
564,Kandergrund,619,249,249,44
565,Kandersteg,835,406,397,157
566,Krattigen,728,372,369,164
567,Reichenbach im Kandertal,2572,1346,1323,346
571,Beatenberg,908,456,453,161
572,Bönigen,1674,789,786,304
573,Brienz (BE),2192,1011,1004,355
574,Brienzwiler,408,198,198,62
575,Därligen,317,135,135,49
576,Grindelwald,2749,1094,1082,307
577,Gsteigwiler,318,142,142,52
578,Gündlischwand,197,94,93,23
579,Habkern,488,182,181,29
580,Hofstetten bei Brienz,425,167,166,64
581,Interlaken,3439,1717,1702,743
582,Iseltwald,313,136,135,37
584,Lauterbrunnen,1827,926,918,410
585,Leissigen,687,344,343,151
586,Lütschental,184,74,74,19
587,Matten bei Interlaken,2486,1140,1134,425
588,Niederried bei Interlaken,254,103,102,34
589,Oberried am Brienzersee,378,154,154,53
590,Ringgenberg (BE),1884,814,801,292
591,Saxeten,101,43,43,8
592,Schwanden bei Brienz,463,204,202,91
593,Unterseen,3834,1950,1929,818
594,Wilderswil,1696,793,789,270
601,Aeschlen,241,87,87,15
602,Arni (BE),772,319,319,101
603,Biglen,1327,629,622,249
604,Bleiken bei Oberdiessbach,281,141,141,37
605,Bowil,1058,547,542,146
606,Brenzikofen,406,219,214,73
607,Freimettigen,281,147,146,73
608,Grosshöchstetten,2253,1197,1188,531
609,Häutligen,192,82,82,27
610,Herbligen,415,203,200,67
611,Kiesen,561,292,289,153
612,Konolfingen,3512,1878,1859,738
613,Landiswil,523,189,189,58
614,Linden,1003,389,387,99
615,Mirchel,408,154,152,40
616,Münsingen,7874,4431,4385,2259
617,Niederhünigen,454,252,249,100
619,Oberdiessbach,2011,1072,1063,381
620,Oberthal,597,232,230,79
622,Oppligen,449,213,212,92
623,Rubigen/Trimstein/Allmendingen,1938,1001,994,494
624,Schlosswil,530,268,267,101
625,Tägertschi,250,135,135,57
626,Walkringen,1471,669,662,261
627,Worb,8110,4544,4495,2153
628,Zäziwil,1200,582,580,208
629,Oberhünigen,246,114,112,44
630,Allmendingen,391,212,212,111
631,Trimstein,371,195,195,95
632,Wichtrach,2888,1439,1429,640
662,Ferenbalm,1025,540,538,206
663,Frauenkappelen,944,531,528,213
664,Golaten,223,97,96,26
665,Gurbrü,196,103,98,37
666,Kriechenwil,346,183,182,67
667,Laupen,2003,1094,1083,533
668,Mühleberg,2157,1170,1162,468
669,Münchenwiler/Clavaleyres,372,164,161,66
670,Neuenegg,3440,1767,1754,685
671,Wileroltigen,269,106,104,37
681,Belprahon,248,124,123,55
682,Bévilard,1133,569,564,227
683,Champoz,108,61,61,13
684,Châtelat,97,50,50,16
687,Corcelles (BE),164,93,93,34
690,Court,997,498,487,165
691,Crémines,408,210,207,110
692,Eschert,231,111,111,37
694,Grandval,270,125,121,47
696,Loveresse,232,120,119,46
697,Malleray,1255,641,635,291
699,Monible,32,26,25,15
700,Moutier,4932,2735,2683,1429
701,Perrefitte,348,185,183,75
702,Pontenet,141,82,82,39
703,Reconvilier,1509,795,782,312
704,Roches (BE),173,94,93,20
706,Saicourt,433,207,205,68
707,Saules (BE),129,77,76,23
708,Schelten,37,22,22,9
709,Seehof,59,26,26,4
710,Sornetan,81,53,53,31
711,Sorvilier,221,125,124,58
712,Souboz,93,43,43,22
713,Tavannes,2125,1006,996,455
715,Rebévelier,32,23,22,7
721,Diesse,323,167,165,100
722,Lamboing,485,238,234,117
723,La Neuveville,2354,1292,1272,897
724,Nods,476,183,181,104
725,Prêles,616,324,323,189
731,Aegerten,1287,674,668,233
732,Bellmund,959,535,526,242
733,Brügg,2793,1379,1362,507
734,Bühl,309,150,149,43
735,Epsach,248,93,93,28
736,Hagneck,309,180,178,71
737,Hermrigen,221,93,92,38
738,Jens,490,308,306,121
739,Ipsach,2630,1552,1539,749
740,Ligerz,420,259,253,147
741,Merzligen,306,173,172,88
742,Mörigen,632,384,379,160
743,Nidau,4781,2277,2250,1046
744,Orpund,1874,941,934,348
745,Port,2196,1244,1235,510
746,Safnern,1340,778,771,274
747,Scheuren,318,143,142,55
748,Schwadernau,484,228,228,86
749,Studen,1810,929,921,330
750,Sutz-Lattrigen,902,523,519,216
751,Täuffelen,1922,1038,1031,427
752,Tüscherz-Alfermée,240,146,146,68
753,Twann,655,405,405,209
754,Walperswil,656,304,299,112
755,Worben,1586,848,842,305
761,Därstetten,647,247,243,45
762,Diemtigen,1627,634,626,152
763,Erlenbach im Simmental,1257,514,509,181
764,Niederstocken,211,79,78,14
765,Oberstocken,201,94,94,26
766,Oberwil im Simmental,685,237,231,67
767,Reutigen,694,351,345,124
768,Spiez,9345,4914,4795,2245
769,Wimmis,1675,747,737,254
781,Gadmen,231,92,91,31
782,Guttannen,259,115,114,45
783,Hasliberg,851,365,357,118
784,Innertkirchen,747,307,306,71
785,Meiringen,3140,1562,1552,525
786,Schattenhalb,434,199,198,48
791,Boltigen,1113,458,449,112
792,Lenk,1755,728,723,243
793,St. Stephan,1012,433,428,105
794,Zweisimmen,2310,1078,1070,362
841,Gsteig,697,251,245,85
842,Lauenen,615,275,267,96
843,Saanen,4292,1890,1848,789
851,Albligen,364,170,169,56
852,Guggisberg,1283,486,482,150
853,Rüschegg,1347,493,491,168
854,Wahlern,4709,2307,2283,932
861,Belp,6928,3641,3622,1445
862,Belpberg,325,180,180,55
863,Burgistein,795,369,367,108
865,Gelterfingen,215,118,117,34
866,Gerzensee,753,386,386,176
867,Gurzelen,575,238,237,75
869,Kaufdorf,651,393,387,218
870,Kehrsatz,2504,1453,1439,750
872,Kirchdorf (BE)/Jaberg,793,449,438,180
873,Kirchenthurnen,242,122,122,34
874,Lohnstorf,148,86,85,40
875,Mühledorf (BE),173,105,104,51
876,Mühlethurnen,991,537,530,284
878,Noflen,185,94,91,24
879,Riggisberg,1435,705,700,267
880,Rüeggisberg,1483,636,634,202
881,Rümligen,338,153,152,58
882,Rüti bei Riggisberg,313,97,96,20
883,Seftigen,1534,824,821,292
884,Toffen,1715,882,873,333
885,Uttigen/Kienersrüti,1346,757,752,279
886,Wattenwil,2039,935,932,329
888,Wald (BE),1287,671,663,247
901,Eggiwil,1976,697,681,158
902,Langnau im Emmental,6604,2947,2918,1333
903,Lauperswil,2029,807,798,224
904,Röthenbach im Emmental,963,357,355,49
905,Rüderswil,1795,731,725,218
906,Schangnau,771,303,295,71
907,Signau,2112,961,951,302
908,Trub,1204,378,372,96
909,Trubschachen,1125,511,508,187
921,Amsoldingen,621,339,335,125
922,Blumenstein,936,439,432,130
923,Buchholterberg,1164,475,471,131
924,Eriz,405,207,203,28
925,Fahrni,566,278,273,88
926,Forst/Längenbühl,528,257,253,76
927,Heiligenschwendi,522,284,279,123
928,Heimberg,4012,1868,1853,678
929,Hilterfingen,3072,1815,1796,830
930,Höfen,309,153,152,57
931,Homberg,355,169,166,37
932,Horrenbach-Buchen,178,65,65,6
934,Oberhofen am Thunersee,1801,1110,1095,510
935,Oberlangenegg,387,193,193,35
936,Pohlern,195,85,84,19
937,Schwendibach,202,113,111,38
938,Sigriswil,3536,1900,1888,579
939,Steffisburg,11257,5621,5581,2226
940,Teuffenthal (BE),144,71,71,13
941,Thierachern,1588,817,811,273
942,Thun,30309,14908,14757,6381
943,Uebeschi,503,268,265,74
944,Uetendorf,4369,2150,2139,759
945,Unterlangenegg,714,319,316,84
946,Wachseldorn,200,98,96,9
947,Zwieselberg,196,95,93,39
951,Affoltern im Emmental,923,398,394,138
952,Dürrenroth,832,318,316,84
953,Eriswil,1131,400,395,129
954,Huttwil,3488,1588,1577,561
955,Lützelflüh,3042,1461,1451,464
956,Rüegsau,2364,1159,1156,388
957,Sumiswald,3860,1490,1470,502
958,Trachselwald,799,286,281,89
959,Walterswil (BE),451,195,194,41
960,Wyssachen,952,401,396,88
971,Attiswil,1043,633,633,139
972,Berken,42,27,27,2
973,Bettenhausen,391,220,218,64
974,Bollodingen,172,109,109,21
975,Farnern,177,108,108,23
976,Graben,230,106,106,19
977,Heimenhausen,319,191,191,40
978,Hermiswil,81,46,46,11
979,Herzogenbuchsee,3729,1932,1915,729
980,Inkwil,489,267,266,76
981,Niederbipp,2547,1348,1345,284
982,Niederönz,1051,610,608,197
983,Oberbipp,1040,554,553,144
984,Oberönz,633,323,319,93
985,Ochlenberg,476,249,247,77
986,Röthenbach bei Herzogenbuchsee,279,164,163,43
987,Rumisberg,379,213,212,46
988,Seeberg,1111,590,585,209
989,Thörigen,771,409,409,106
990,Walliswil bei Niederbipp,184,90,90,19
991,Walliswil bei Wangen,452,210,207,53
992,Wangen an der Aare,1349,757,752,226
993,Wangenried,306,173,171,24
994,Wanzwil,171,90,90,25
995,Wiedlisbach,1565,770,763,198
996,Wolfisberg,150,70,69,18
1001,Doppleschwand,481,287,284,25
1002,Entlebuch,2401,1416,1395,205
1003,Escholzmatt,2268,1239,1224,166
1004,Flühli,1160,714,706,93
1005,Hasle (LU),1250,806,797,128
1006,Marbach (LU),943,500,488,107
1007,Romoos,528,301,298,44
1008,Schüpfheim,2667,1633,1617,344
1009,Werthenstein,1350,800,791,146
1021,Aesch (LU),661,386,381,70
1022,Altwis,223,144,140,29
1023,Ballwil,1669,1053,1047,224
1024,Emmen,15695,8661,8604,2140
1025,Ermensee,548,323,319,80
1026,Eschenbach (LU),2233,1420,1400,376
1027,Gelfingen,507,311,310,105
1028,Hämikon,315,189,187,44
1029,Herlisberg,162,139,138,34
1030,Hitzkirch,1394,883,873,262
1031,Hochdorf,4950,2822,2785,935
1032,Hohenrain,1448,857,838,210
1033,Inwil,1359,836,823,187
1034,Lieli,147,98,97,14
1035,Mosen,175,110,110,22
1036,Müswangen,302,174,171,50
1037,Rain,1386,886,879,202
1038,Retschwil,126,82,82,11
1039,Römerswil,894,627,624,148
1040,Rothenburg,4752,2895,2854,939
1041,Schongau,550,337,328,62
1042,Sulz (LU),138,84,83,11
1051,Adligenswil,3660,2210,2176,984
1052,Buchrain,3217,1921,1845,550
1053,Dierikon,858,497,494,72
1054,Ebikon,7283,4184,4122,1316
1055,Gisikon,606,334,331,99
1056,Greppen,559,324,322,104
1057,Honau,215,132,130,33
1058,Horw,8522,5129,5033,2023
1059,Kriens,17360,9634,9531,3429
1060,Littau,8476,4311,4264,1157
1061,Luzern,40681,23167,22966,11562
1062,Malters,4166,2476,2418,680
1063,Meggen,4579,2954,2918,1227
1064,Meierskappel,722,404,403,107
1065,Root,2291,1213,1197,283
1066,Schwarzenberg,1099,663,657,130
1067,Udligenswil,1437,930,909,304
1068,Vitznau,778,529,514,143
1069,Weggis,2565,1614,1584,486
1081,Beromünster,1663,1082,1064,230
1082,Büron,1163,659,644,134
1083,Buttisholz,1819,1174,1156,233
1084,Eich,1052,664,649,197
1085,Geuensee,1234,676,673,188
1086,Grosswangen,1916,1187,1170,206
1087,Gunzwil,1316,845,826,166
1088,Hildisrieden,1287,836,819,250
1089,Knutwil,1152,652,640,140
1090,Kulmerau,146,81,80,10
1091,Mauensee,727,396,386,131
1092,Neudorf,720,458,449,112
1093,Neuenkirch,3844,2178,2147,545
1094,Nottwil,1868,1085,1066,310
1095,Oberkirch,1995,1162,1153,309
1096,Pfeffikon,480,320,314,48
1097,Rickenbach (LU),1322,879,868,150
1098,Ruswil,4557,2713,2656,658
1099,Schenkon,1750,1107,1083,249
1100,Schlierbach,415,255,254,37
1102,Sempach,2552,1590,1575,606
1103,Sursee,5479,3195,3106,1104
1104,Triengen,1676,1085,1075,226
1105,Wilihof,172,115,105,11
1106,Winikon,482,299,298,45
1107,Wolhusen,2710,1580,1550,336
1121,Alberswil,353,222,214,36
1122,Altbüron,630,360,354,72
1123,Altishofen,860,497,488,122
1124,Buchs (LU),273,177,176,31
1125,Dagmersellen,2186,1339,1317,322
1126,Ebersecken,279,154,152,15
1127,Egolzwil,865,506,496,84
1128,Ettiswil,1264,794,774,173
1129,Fischbach,472,253,253,24
1130,Gettnau,662,381,377,63
1131,Grossdietwil,545,312,303,72
1132,Hergiswil bei Willisau,1282,748,729,103
1133,Kottwil,266,170,168,29
1134,Langnau bei Reiden,849,484,481,110
1135,Luthern,1052,529,521,60
1136,Menznau,1876,1150,1134,186
1137,Nebikon,1351,799,780,93
1138,Ohmstal,231,130,129,31
1139,Pfaffnau,1502,860,848,197
1140,Reiden,2392,1436,1413,298
1141,Richenthal,469,276,272,62
1142,Roggliswil,457,273,268,39
1143,Schötz,2097,1181,1161,238
1144,Uffikon,498,279,275,62
1145,Ufhusen,595,317,313,46
1146,Wauwil,915,570,567,133
1147,Wikon,918,546,541,124
1148,Willisau Land,2956,1847,1816,480
1149,Willisau Stadt,2229,1466,1460,406
1150,Zell (LU),1325,732,718,170
1201,Altdorf (UR),6051,3015,2938,1087
1202,Andermatt,948,450,448,146
1203,Attinghausen,1095,543,539,106
1204,Bauen,146,86,85,32
1205,Bürglen (UR),2889,1324,1305,339
1206,Erstfeld,2796,1478,1438,355
1207,Flüelen,1326,577,571,162
1208,Göschenen,374,210,205,59
1209,Gurtnellen,503,223,213,44
1210,Hospental,190,106,103,35
1211,Isenthal,388,176,176,77
1212,Realp,141,76,75,36
1213,Schattdorf,3594,1804,1758,396
1214,Seedorf (UR),1192,596,591,158
1215,Seelisberg,465,260,257,74
1216,Silenen,1635,640,631,109
1217,Sisikon,271,182,180,25
1218,Spiringen,674,259,253,38
1219,Unterschächen,534,228,219,27
1220,Wassen,363,195,193,27
1301,Einsiedeln,9006,5147,5005,1210
1311,Gersau,1372,773,752,184
1321,Feusisberg,2817,1637,1616,444
1322,Freienbach,9508,5476,5293,1688
1323,Wollerau,4576,2705,2660,918
1331,Küssnacht (SZ),7810,4819,4711,1453
1341,Altendorf,3498,2129,2084,530
1342,Galgenen,2811,1675,1642,326
1343,Innerthal,132,101,100,10
1344,Lachen,4219,2404,2352,640
1345,Reichenburg,1802,1077,1053,174
1346,Schübelbach,4405,2417,2368,429
1347,Tuggen,1824,1038,1010,161
1348,Vorderthal,729,408,400,31
1349,Wangen (SZ),3122,1929,1894,358
1361,Alpthal,359,229,222,17
1362,Arth,6126,3742,3651,833
1363,Illgau,544,336,333,54
1364,Ingenbohl,5298,3153,3079,935
1365,Lauerz,651,420,412,54
1366,Morschach,612,383,365,106
1367,Muotathal,2560,1639,1604,140
1368,Oberiberg,601,386,371,60
1369,Riemenstalden,54,35,35,6
1370,Rothenthurm,1328,812,788,85
1371,Sattel,1083,677,667,83
1372,Schwyz,9633,5977,5788,1556
1373,Steinen,2023,1201,1177,261
1374,Steinerberg,589,374,367,55
1375,Unteriberg,1597,969,943,61
1401,Alpnach,3461,1972,1958,501
1402,Engelberg,2281,1285,1229,400
1403,Giswil,2395,1252,1235,285
1404,Kerns,3817,2057,2020,447
1405,Lungern,1464,916,907,204
1406,Sachseln,3091,1719,1700,460
1407,Sarnen,6581,3969,3882,1229
1501,Beckenried,2190,1232,1213,329
1502,Buochs,3679,2157,2106,559
1503,Dallenwil,1223,710,689,139
1504,Emmetten,859,461,440,104
1505,Ennetbürgen,3049,1779,1755,539
1506,Ennetmoos,1390,736,717,145
1507,Hergiswil (NW),3975,2290,2229,679
1508,Oberdorf (NW),2135,1288,1261,313
1509,Stans,5276,3128,3016,1107
1510,Stansstad,3398,1964,1935,597
1511,Wolfenschiessen,1417,822,814,148
1601,Betschwanden,128,88,88,18
1602,Bilten,1058,500,496,47
1603,Braunwald,253,134,130,58
1605,Elm,545,255,255,54
1606,Engi,554,316,314,85
1607,Ennenda,1886,1009,1004,287
1608,Filzbach,385,196,193,48
1609,Glarus,3756,1908,1897,680
1610,Haslen,433,258,257,58
1612,Leuggelbach,134,76,75,17
1613,Linthal,790,407,407,70
1614,Luchsingen,757,405,404,96
1615,Matt,281,184,183,45
1616,Mitlödi,644,326,324,92
1617,Mollis,2158,1029,1024,271
1618,Mühlehorn,325,172,172,39
1619,Näfels,2568,1388,1386,318
1620,Netstal,1710,877,873,202
1621,Nidfurn,194,104,104,27
1622,Niederurnen,2238,1157,1154,264
1623,Oberurnen,1092,567,567,136
1624,Obstalden,345,187,185,47
1625,Riedern,459,241,240,57
1626,Rüti (GL),246,131,131,36
1627,Schwanden (GL),1563,825,820,234
1628,Schwändi,331,193,192,61
1629,Sool,238,167,164,53
1701,Baar,12647,7610,7571,2579
1702,Cham,8854,5212,5189,1888
1703,Hünenberg,5508,3340,3318,1408
1704,Menzingen,2938,1796,1781,574
1705,Neuheim,1274,808,807,207
1706,Oberägeri,3350,1908,1899,529
1707,Risch,5244,3013,3001,884
1708,Steinhausen,5651,3377,3359,1341
1709,Unterägeri,4966,2866,2848,832
1710,Walchwil,2009,1305,1298,431
1711,Zug,15566,9567,9490,4272
2002,Autavaux,142,87,86,38
2003,Bollion,96,57,57,22
2004,Bussy (FR),217,99,99,48
2005,Châbles,355,200,193,99
2007,Chapelle (Broye),48,25,25,8
2008,Châtillon (FR),204,115,115,57
2009,Cheiry,201,90,89,39
2010,Cheyres,641,322,321,168
2011,Cugy (FR),659,365,363,158
2012,Delley,347,174,169,86
2013,Domdidier,1515,737,727,393
2014,Dompierre (FR),449,208,203,88
2015,Estavayer-le-Lac,2652,1335,1317,694
2016,Fétigny,468,203,200,101
2017,Font,219,131,127,73
2018,Forel (FR),258,170,166,72
2022,Gletterens,451,208,207,97
2024,Léchelles,396,222,220,138
2025,Lully (FR),253,151,146,65
2027,Ménières,209,103,101,42
2029,Montagny (FR),1350,592,585,275
2031,Montbrelloz,212,147,143,61
2033,Morens (FR),100,54,54,16
2034,Murist,335,145,144,68
2035,Nuvilly,231,100,96,44
2036,Portalban,228,159,155,58
2037,Praratoud,35,20,20,7
2038,Prévondavaux,47,32,32,12
2039,Rueyres-les-Prés,195,111,110,53
2040,Russy,172,83,75,31
2041,Saint-Aubin (FR),883,476,473,215
2042,Seiry,132,69,67,35
2043,Sévaz,121,67,65,30
2044,Surpierre,186,88,88,36
2045,Vallon,203,121,121,74
2046,Vesin,179,78,78,42
2047,Villeneuve (FR),187,88,87,43
2049,Vuissens,130,70,67,32
2050,Les Montets,769,321,317,146
2061,Auboranges,159,73,72,38
2063,Billens-Hennens,408,207,206,84
2066,Chapelle (Glâne),152,93,92,55
2067,Le Châtelard,258,106,104,25
2068,Châtonnaye,399,203,202,121
2072,Ecublens (FR),172,96,96,60
2074,Esmonts,115,56,56,12
2079,Grangettes,117,44,43,14
2083,Lussy (FR),283,142,141,71
2086,Massonnens,311,150,149,61
2087,Mézières (FR),628,315,308,119
2089,Montet (Glâne),173,66,64,27
2096,Romont (FR),2351,1097,1084,561
2097,Rue,771,330,325,188
2099,Siviriez,1328,523,519,269
2102,Ursy,992,429,421,235
2109,Villarimboud,350,148,146,84
2111,Villaz-Saint-Pierre,660,312,309,158
2112,Vuarmarens,269,99,95,39
2113,Vuisternens-devant-Romont,1325,549,528,233
2114,Villorsonnens,794,406,402,155
2115,Torny,533,260,255,137
2121,Haut-Intyamon,1035,495,480,246
2122,Avry-devant-Pont,1057,477,468,245
2123,Botterens,229,120,119,52
2124,Broc,1376,665,658,315
2125,Bulle,7158,3564,3483,1868
2126,Cerniat (FR),289,140,136,59
2127,Charmey,1148,575,567,286
2128,Châtel-sur-Montsalvens,173,89,88,43
2129,Corbières,283,156,154,77
2130,Crésuz,212,116,114,46
2131,Echarlens,389,191,187,104
2134,Grandvillard,453,233,228,107
2135,Gruyères,1096,514,512,248
2137,Hauteville,356,169,168,71
2138,Jaun,544,243,240,54
2140,Marsens,887,436,426,256
2143,Morlon,405,199,195,115
2145,Le Pâquier (FR),684,411,405,225
2147,Pont-la-Ville,351,144,140,61
2148,Riaz,1284,645,632,307
2149,La Roche,903,377,369,128
2152,Sâles,912,395,387,209
2153,Sorens,627,294,291,121
2154,La Tour-de-Trême,2075,1448,1417,636
2155,Vaulruz,667,294,292,116
2156,Villarbeney,87,47,46,19
2159,Villarvolard,165,67,66,38
2160,Vuadens,1200,530,523,226
2162,Bas-Intyamon,734,365,362,188
2171,Arconciel,472,236,236,146
2172,Autafond,54,31,30,17
2173,Autigny,466,224,222,125
2174,Avry,978,555,549,309
2175,Belfaux,1436,767,758,472
2177,Chénens,409,181,180,88
2179,Chésopelloz,83,40,40,20
2183,Corminboeuf,1262,709,695,449
2184,Corpataux-Magnedens,620,314,306,185
2185,Corserey,216,115,114,54
2186,Cottens (FR),684,353,345,180
2189,Ependes (FR),719,398,393,221
2192,Farvagny,1230,556,543,292
2194,Ferpicloz,164,88,88,31
2196,Fribourg,19805,10557,10181,6551
2197,Givisiez,1379,731,720,440
2198,Granges-Paccot,1324,593,585,345
2200,Grolley,1022,515,508,265
2206,Marly,4607,2461,2438,1388
2208,Matran,878,475,470,293
2211,Neyruz (FR),1212,621,608,351
2213,Noréaz,352,165,164,89
2216,Pierrafortscha,105,60,59,32
2217,Ponthaux,374,163,162,97
2220,Praroman,1948,953,939,406
2221,Prez-vers-Noréaz,584,271,268,160
2222,Rossens (FR),809,505,498,268
2223,Rueyres-Saint-Laurent,696,335,330,181
2225,Senèdes,90,66,66,41
2226,Treyvaux,962,489,486,232
2228,Villars-sur-Glâne,5537,3054,3021,1955
2230,Villarsel-sur-Marly,43,21,21,12
2231,Vuisternens-en-Ogoz,463,224,223,105
2233,Hauterive (FR),1200,571,564,335
2234,La Brillaz,986,455,447,235
2235,La Sonnaz,588,308,305,191
2241,Agriswil,105,54,54,24
2243,Barberêche,365,197,191,89
2244,Büchslen,124,69,69,21
2247,Cordast,572,295,291,129
2250,Courgevaux,616,290,286,122
2251,Courlevon,199,86,86,37
2254,Courtepin,1456,666,657,336
2257,Cressier (FR),500,260,260,157
2258,Fräschels,342,213,211,86
2259,Galmiz,412,201,198,70
2260,Gempenach,209,106,104,13
2261,Greng,124,78,78,31
2262,Gurmels,1944,848,841,325
2264,Jeuss,277,154,154,77
2265,Kerzers,2708,1433,1417,565
2266,Kleinbösingen,424,224,223,91
2270,Lurtigen,146,93,93,26
2271,Meyriez,416,241,238,102
2272,Misery-Courtion,882,339,333,185
2274,Muntelier,574,345,343,188
2275,Murten,3753,1990,1984,984
2276,Ried bei Kerzers,508,302,301,93
2277,Salvenach,341,172,172,74
2278,Ulmiz,271,142,141,45
2279,Villarepos,366,158,155,75
2280,Bas-Vully,1174,615,606,328
2281,Haut-Vully,885,494,487,286
2283,Wallenried,302,134,132,62
2291,Alterswil,1478,755,747,222
2292,Brünisried,446,209,209,71
2293,Düdingen,5292,2729,2725,1143
2294,Giffers,1067,481,479,182
2295,Bösingen,2269,1192,1172,467
2296,Heitenried,842,421,418,166
2298,Oberschrot,766,302,301,104
2299,Plaffeien,1432,517,513,134
2300,Plasselb,768,347,344,82
2301,Rechthalten,837,390,388,118
2302,St. Antoni,1502,675,671,218
2303,St. Silvester,740,304,304,66
2304,St. Ursen,911,423,419,188
2305,Schmitten (FR),2441,1239,1232,522
2306,Tafers,1832,989,985,431
2307,Tentlingen,869,424,419,145
2308,Ueberstorf,1729,889,876,271
2309,Wünnewil-Flamatt,3359,1647,1638,606
2310,Zumholz,322,154,153,35
2321,Attalens,1601,792,782,471
2323,Bossonnens,740,325,320,200
2325,Châtel-Saint-Denis,3002,1390,1361,701
2328,Granges (Veveyse),489,238,237,131
2333,Remaufens,542,279,277,166
2335,Saint-Martin (FR),619,263,259,144
2336,Semsales,802,373,364,184
2337,Le Flon,636,302,296,157
2338,La Verrerie,678,285,275,139
2401,Egerkingen,1791,993,993,212
2402,Härkingen,848,540,535,123
2403,Kestenholz,1213,809,790,248
2404,Neuendorf,1341,740,736,136
2405,Niederbuchsiten,700,415,414,86
2406,Oberbuchsiten,1225,706,702,173
2407,Oensingen,2821,1598,1596,379
2408,Wolfwil,1529,868,860,209
2421,Aedermannsdorf,395,258,257,49
2422,Balsthal,3430,1981,1972,532
2423,Gänsbrunnen,66,41,41,8
2424,Herbetswil,434,272,267,62
2425,Holderbank (SO),468,263,263,67
2426,Laupersdorf,1210,755,752,146
2427,Matzendorf,948,607,606,113
2428,Mümliswil-Ramiswil,1787,1155,1150,163
2429,Welschenrohr,851,575,573,112
2441,Aetigkofen,153,88,88,28
2442,Aetingen,214,106,106,51
2443,Balm bei Messen,88,66,66,21
2444,Bibern (SO),156,97,97,17
2445,Biezwil,251,152,148,17
2446,Brügglen,147,83,83,43
2447,Brunnenthal,164,106,106,28
2449,Gossliwil,145,69,68,11
2450,Hessigkofen,186,127,126,63
2452,Küttigkofen,199,112,110,52
2453,Kyburg-Buchegg,251,150,148,62
2454,Lüsslingen,363,207,204,76
2455,Lüterkofen-Ichertswil,566,341,336,116
2456,Lüterswil-Gächliwil,267,171,171,43
2457,Messen,762,389,388,127
2458,Mühledorf (SO),244,152,148,55
2459,Nennigkofen,355,219,218,92
2460,Oberramsern,82,38,38,15
2461,Schnottwil,755,439,435,148
2462,Tscheppach,138,95,94,27
2463,Unterramsern,142,79,79,27
2471,Bättwil,755,341,335,84
2472,Büren (SO),648,438,438,154
2473,Dornach,3812,2282,2256,1197
2474,Gempen,513,291,289,136
2475,Hochwald,817,506,505,215
2476,Hofstetten-Flüh,2037,1117,1108,482
2477,Metzerlen-Mariastein,670,437,431,161
2478,Nuglar-St. Pantaleon,993,577,571,196
2479,Rodersdorf,950,625,618,302
2480,Seewen,733,413,411,109
2481,Witterswil,971,607,605,284
2491,Hauenstein-Ifenthal,208,117,116,45
2492,Kienberg,379,208,207,51
2493,Lostorf,2618,1687,1677,451
2494,Niedererlinsbach,1538,888,878,268
2495,Niedergösgen,2296,1390,1384,331
2496,Obererlinsbach,483,290,287,94
2497,Obergösgen,1340,782,776,187
2498,Rohr (SO),68,42,42,17
2499,Stüsslingen,746,496,496,129
2500,Trimbach,3558,1989,1983,645
2501,Winznau,1239,776,772,212
2502,Wisen (SO),312,182,180,78
2511,Aeschi (SO),799,461,459,171
2513,Biberist,5213,2848,2836,956
2514,Bolken,363,204,198,80
2516,Deitingen,1476,935,932,263
2517,Derendingen,3648,1971,1966,664
2518,Etziken,606,376,375,135
2519,Gerlafingen,2492,1480,1472,442
2520,Halten,640,385,384,144
2521,Heinrichswil-Winistorf,412,249,248,85
2522,Hersiwil,125,82,81,28
2523,Horriwil,621,378,377,110
2524,Hüniken,72,50,50,15
2525,Kriegstetten,822,457,454,140
2526,Lohn-Ammannsegg,1867,1176,1171,482
2527,Luterbach,2322,1328,1324,406
2528,Obergerlafingen,854,507,507,138
2529,Oekingen,516,354,350,115
2530,Recherswil,1209,684,682,188
2531,Steinhof,100,62,62,27
2532,Subingen,1812,1026,1022,296
2534,Zuchwil,4690,2438,2425,828
2541,Balm bei Günsberg,146,99,99,43
2542,Bellach,3179,1851,1846,455
2543,Bettlach,3255,1816,1810,508
2544,Feldbrunnen-St. Niklaus,678,456,453,206
2545,Flumenthal,761,422,418,114
2546,Grenchen,10081,4842,4812,1403
2547,Günsberg,876,498,496,146
2548,Hubersdorf,506,282,280,103
2549,Kammersrohr,39,20,20,12
2550,Langendorf,2567,1489,1486,570
2551,Lommiswil,1102,710,701,263
2552,Niederwil (SO),254,149,149,44
2553,Oberdorf (SO),1238,781,779,340
2554,Riedholz,1187,681,675,249
2555,Rüttenen,1129,724,714,312
2556,Selzach,2088,1170,1166,292
2571,Boningen,454,236,233,56
2572,Däniken,1844,1130,1127,234
2573,Dulliken,2512,1558,1548,302
2574,Eppenberg-Wöschnau,204,118,117,25
2575,Fulenbach,1125,638,635,165
2576,Gretzenbach,1611,993,989,299
2578,Gunzgen,1114,607,607,125
2579,Hägendorf,2969,1735,1727,460
2580,Kappel (SO),1919,1163,1160,316
2581,Olten,10637,6285,6241,2492
2582,Rickenbach (SO),637,381,378,99
2583,Schönenwerd,2574,1432,1422,424
2584,Starrkirch-Wil,991,647,643,239
2585,Walterswil (SO),536,285,284,67
2586,Wangen bei Olten,3056,1790,1781,543
2601,Solothurn,10533,5724,5683,3029
2611,Bärschwil,694,425,423,94
2612,Beinwil (SO),220,131,131,30
2613,Breitenbach,2012,1109,1100,369
2614,Büsserach,1356,737,735,155
2615,Erschwil,690,429,423,101
2616,Fehren,423,220,219,61
2617,Grindel,372,188,186,52
2618,Himmelried,732,364,361,151
2619,Kleinlützel,948,536,535,169
2620,Meltingen,456,283,283,62
2621,Nunningen,1389,777,775,202
2622,Zullwil,442,260,259,59
2701,Basel,95862,57416,56953,29101
2702,Bettingen,742,471,466,241
2703,Riehen,14299,9129,9039,4335
2761,Aesch (BL),6393,3262,3240,1294
2762,Allschwil,12944,7094,7023,2956
2763,Arlesheim,5942,3474,3388,1738
2764,Biel-Benken,2056,1209,1200,601
2765,Binningen,9948,5859,5817,2833
2766,Birsfelden,6889,3812,3732,1410
2767,Bottmingen,3985,2441,2395,1216
2768,Ettingen,3450,2035,2024,832
2769,Münchenstein,7886,4216,4182,1817
2770,Muttenz,11738,6563,6468,2561
2771,Oberwil (BL),6884,3850,3811,1823
2772,Pfeffingen,1600,600,595,273
2773,Reinach (BL),13194,7542,7423,2944
2774,Schönenbuch,989,579,574,220
2775,Therwil,6441,3787,3746,1681
2781,Blauen,509,306,302,83
2782,Brislach,1035,551,549,109
2783,Burg im Leimental,182,98,96,31
2784,Dittingen,532,274,272,101
2785,Duggingen,867,433,433,154
2786,Grellingen,989,552,545,173
2787,Laufen,3225,1814,1801,689
2788,Liesberg,868,481,477,119
2789,Nenzlingen,283,222,219,62
2790,Roggenburg,214,113,112,35
2791,Röschenz,1253,706,703,209
2792,Wahlen,973,520,519,113
2793,Zwingen,1353,767,748,245
2821,Arisdorf,1060,545,543,162
2822,Augst,653,363,360,110
2823,Bubendorf,2870,1548,1526,636
2824,Frenkendorf,3677,1869,1849,690
2825,Füllinsdorf,2823,1534,1515,574
2826,Giebenach,604,319,316,90
2827,Hersberg,224,119,119,42
2828,Lausen,3008,1614,1597,524
2829,Liestal,8159,4285,4238,1891
2830,Lupsingen,950,565,562,248
2831,Pratteln,8115,4316,4287,1377
2832,Ramlinsburg,461,259,259,123
2833,Seltisberg,954,598,591,266
2834,Ziefen,972,578,575,219
2841,Anwil,369,180,180,54
2842,Böckten,536,285,278,93
2843,Buckten,493,293,293,112
2844,Buus,705,406,401,124
2845,Diepflingen,354,190,190,55
2846,Gelterkinden,3729,2010,1989,817
2847,Häfelfingen,188,118,117,39
2848,Hemmiken,222,126,124,32
2849,Itingen,1201,636,630,251
2850,Känerkinden,380,221,220,84
2851,Kilchberg (BL),93,53,53,19
2852,Läufelfingen,926,510,503,130
2853,Maisprach,632,400,395,148
2854,Nusshof,161,75,74,29
2855,Oltingen,304,157,157,63
2856,Ormalingen,1339,696,691,229
2857,Rickenbach (BL),407,216,208,59
2858,Rothenfluh,532,292,286,99
2859,Rümlingen,217,111,109,31
2860,Rünenberg,570,324,322,105
2861,Sissach,3799,2066,2045,891
2862,Tecknau,490,248,247,74
2863,Tenniken,672,374,371,119
2864,Thürnen,825,442,435,107
2865,Wenslingen,513,311,310,90
2866,Wintersingen,473,240,240,76
2867,Wittinsburg,292,176,175,65
2868,Zeglingen,362,182,175,73
2869,Zunzgen,1696,978,973,294
2881,Arboldswil,380,220,220,63
2882,Bennwil,460,259,258,69
2883,Bretzwil,538,278,274,64
2884,Diegten,1057,532,518,142
2885,Eptingen,425,203,201,48
2886,Hölstein,1535,838,829,305
2887,Lampenberg,375,229,227,70
2888,Langenbruck,658,346,342,118
2889,Lauwil,248,127,125,43
2890,Liedertswil,137,73,73,19
2891,Niederdorf,1150,581,577,147
2892,Oberdorf (BL),1477,774,769,261
2893,Reigoldswil,1092,526,522,154
2894,Titterten,330,189,186,83
2895,Waldenburg,756,338,338,83
2901,Gächlingen,564,440,427,120
2902,Guntmadingen,189,152,149,21
2903,Löhningen,814,536,523,171
2904,Neunkirch,1214,858,833,313
2905,Osterfingen,227,177,172,63
2911,Altdorf (SH),148,115,114,22
2913,Bibern (SH),179,146,146,33
2914,Büttenhardt,250,193,186,47
2915,Dörflingen,550,430,413,104
2916,Hofen,92,79,77,17
2917,Lohn (SH),453,355,342,76
2918,Opfertshofen (SH),96,76,75,8
2919,Stetten (SH),646,463,453,172
2920,Thayngen,2731,2044,1996,597
2931,Bargen (SH),174,127,122,23
2932,Beringen,2237,1607,1549,504
2933,Buchberg,617,473,452,150
2934,Hemmental,395,310,300,61
2936,Merishausen,470,377,373,94
2937,Neuhausen am Rheinfall,5518,3489,3377,1114
2938,Rüdlingen,473,352,343,116
2939,Schaffhausen,21636,14134,13617,5623
2951,Beggingen,365,249,245,43
2952,Schleitheim,1198,782,763,210
2953,Siblingen,562,361,351,124
2961,Buch (SH),194,126,125,30
2962,Hemishofen,284,195,192,65
2963,Ramsen,836,588,577,160
2964,Stein am Rhein,2035,1303,1266,504
2971,Hallau,1415,927,911,264
2972,Oberhallau,299,222,218,48
2973,Trasadingen,402,250,239,70
2974,Wilchingen,889,628,617,173
3001,Herisau,10222,5521,5499,1734
3002,Hundwil,687,397,397,75
3003,Schönengrund,338,202,198,27
3004,Schwellbrunn,1073,622,616,216
3005,Stein (AR),1016,621,618,194
3006,Urnäsch,1572,918,913,210
3007,Waldstatt,1133,701,699,186
3021,Bühler,967,604,603,157
3022,Gais,1961,1215,1204,428
3023,Speicher,2846,1875,1864,782
3024,Teufen (AR),4160,2581,2569,1038
3025,Trogen,1265,795,774,408
3031,Grub (AR),687,409,405,116
3032,Heiden,2618,1477,1475,486
3033,Lutzenberg,827,448,447,124
3034,Rehetobel,1221,766,761,364
3035,Reute (AR),492,312,311,87
3036,Wald (AR),593,370,370,164
3037,Walzenhausen,1378,775,770,207
3038,Wolfhalden,1222,682,679,209
3101,Appenzell,3601,1816,1804,481
3102,Gonten,1032,559,552,101
3103,Rüte,2085,1152,1141,244
3104,Schlatt-Haslen,784,404,393,68
3105,Schwende,1366,732,728,172
3111,Oberegg,1298,745,725,174
3201,Häggenschwil,778,492,491,126
3202,Muolen,790,467,465,114
3203,St. Gallen,44367,23591,23492,11245
3204,Wittenbach,5492,2761,2752,906
3211,Berg (SG),605,354,354,110
3212,Eggersriet,1554,840,832,307
3213,Goldach,5665,3007,2997,968
3214,Mörschwil,2387,1533,1528,569
3215,Rorschach,4478,2102,2095,850
3216,Rorschacherberg,4074,2042,2026,672
3217,Steinach,2139,1133,1126,338
3218,Tübach,802,499,498,166
3219,Untereggen,692,450,447,163
3231,Au (SG),3719,1763,1762,518
3232,Balgach,2490,1364,1359,403
3233,Berneck,2230,1256,1251,427
3234,Diepoldsau,3288,1829,1828,442
3235,Rheineck,1778,932,929,258
3236,St. Margrethen,2679,1393,1388,303
3237,Thal,3852,2116,2115,590
3238,Widnau,4643,2379,2376,586
3251,Altstätten,6800,3544,3537,860
3252,Eichberg,848,496,492,90
3253,Marbach (SG),1160,805,802,214
3254,Oberriet (SG),5366,2918,2916,411
3255,Rebstein,2394,1282,1279,337
3256,Rüthi (SG),1279,669,667,79
3271,Buchs (SG),6465,3464,3456,942
3272,Gams,1977,1217,1213,278
3273,Grabs,4355,2252,2242,636
3274,Sennwald,2957,1727,1725,337
3275,Sevelen,2523,1399,1394,319
3276,Wartau,3017,1929,1923,463
3291,Bad Ragaz,3094,1798,1793,477
3292,Flums,3007,1676,1673,238
3293,Mels,5330,3013,3007,459
3294,Pfäfers,1075,599,597,144
3295,Quarten,1781,1090,1089,206
3296,Sargans,3302,1904,1901,523
3297,Vilters-Wangs,2785,1595,1590,329
3298,Walenstadt,3029,1791,1786,412
3311,Amden,1176,726,722,216
3312,Benken (SG),1550,966,966,155
3313,Kaltbrunn,2296,1217,1211,247
3314,Rieden,510,304,302,59
3315,Schänis,2369,1290,1288,272
3316,Weesen,1009,594,594,182
3331,Ernetschwil,919,501,498,100
3332,Eschenbach (SG),3236,1746,1734,440
3333,Goldingen,790,400,400,74
3334,Gommiswald,1832,1024,1021,273
3335,Jona,11745,6292,6263,2454
3336,Rapperswil (SG),5136,2520,2511,1166
3337,St. Gallenkappel,1190,607,603,140
3338,Schmerikon,1958,1047,1045,284
3339,Uznach,3147,1773,1770,561
3351,Alt St. Johann,1043,556,556,129
3352,Ebnat-Kappel,3343,1947,1937,559
3354,Krummenau,1010,584,581,168
3355,Nesslau,1408,852,850,216
3356,Stein (SG),304,189,188,49
3357,Wildhaus,897,641,641,139
3371,Brunnadern,570,317,316,81
3372,Hemberg,662,366,365,106
3373,Krinau,194,124,124,33
3374,Lichtensteig,1279,663,662,223
3375,Oberhelfenschwil,865,513,511,144
3376,St. Peterzell,797,389,389,105
3377,Wattwil,5031,2642,2630,815
3391,Bütschwil,2214,1181,1176,266
3392,Kirchberg (SG),4802,2621,2610,718
3393,Lütisburg,919,558,557,131
3394,Mosnang,2060,1209,1202,257
3401,Degersheim,2433,1319,1315,451
3402,Flawil,5774,2849,2836,973
3403,Ganterschwil,794,462,459,102
3405,Jonschwil,2199,1248,1241,314
3406,Mogelsberg,1559,849,847,241
3407,Oberuzwil,3675,1891,1884,596
3408,Uzwil,7213,3658,3641,963
3421,Bronschhofen,2830,1523,1518,457
3422,Niederbüren,947,554,551,120
3423,Niederhelfenschwil,1787,1060,1053,264
3424,Oberbüren,2690,1525,1521,305
3425,Wil (SG),10573,5816,5787,2209
3426,Zuzwil (SG),2773,1544,1539,462
3441,Andwil (SG),1187,731,724,238
3442,Gaiserwald,5465,3124,3108,1157
3443,Gossau (SG),11252,6039,6027,1741
3444,Waldkirch,2204,1169,1168,309
3501,Alvaschein,111,51,49,16
3502,Mon,65,31,31,19
3503,Mutten,70,27,27,6
3504,Stierva,114,48,48,18
3505,Tiefencastel,174,79,78,19
3506,Vaz/Obervaz,1845,896,871,258
3511,Alvaneu,328,126,125,42
3512,Brienz/Brinzauls,97,37,37,11
3513,Lantsch/Lenz,382,158,154,72
3514,Schmitten (GR),218,66,66,13
3515,Surava,163,66,66,16
3521,Bergün/Bravuogn,375,149,147,63
3522,Filisur,328,177,175,71
3523,Wiesen (GR),228,111,111,50
3531,Bivio,161,63,63,21
3532,Cunter,152,73,73,16
3533,Marmorera,47,27,27,9
3534,Mulegns,29,11,10,5
3536,Riom-Parsonz,250,79,79,29
3538,Salouf,146,49,48,22
3539,Savognin,693,243,241,105
3540,Sur,67,26,26,13
3541,Tinizong-Rona,273,117,117,49
3551,Brusio,967,341,335,98
3561,Poschiavo,2724,1262,1234,438
3571,Castrisch,306,101,101,41
3572,Falera,408,208,207,68
3573,Flond,152,60,60,13
3574,Ilanz,1556,784,776,295
3575,Laax,890,397,382,161
3576,Ladir,83,28,28,8
3577,Luven,140,66,66,15
3578,Pitasch,95,44,43,15
3579,Riein,60,17,17,1
3580,Ruschein,278,146,142,38
3581,Sagogn,487,199,198,73
3582,Schluein,365,128,123,50
3583,Schnaus,71,27,27,12
3584,Sevgein,169,73,73,28
3586,Valendas,229,101,99,36
3587,Versam,218,113,111,43
3592,Cumbel,189,83,83,22
3593,Duvin,66,34,34,8
3594,Degen,215,110,109,29
3595,Lumbrein,339,159,159,41
3596,Morissen,199,74,72,23
3598,St. Martin,29,10,10,4
3599,Suraua,235,103,101,36
3600,Surcuolm,100,55,49,11
3603,Vals,777,350,344,152
3604,Vignogn,167,77,77,12
3605,Vella,343,160,160,46
3606,Vrin,223,99,98,20
3611,Andiast,179,52,52,20
3612,Obersaxen,606,238,236,84
3613,Pigniu,36,14,14,0
3614,Rueun,308,157,155,41
3615,Siat,147,67,67,19
3616,Waltensburg/Vuorz,286,123,122,64
3631,Almens,173,77,77,41
3632,Feldis/Veulden,110,56,55,35
3633,Fürstenau,245,112,112,46
3634,Paspels,318,153,151,84
3635,Pratval,190,95,94,38
3636,Rodels,191,107,107,49
3637,Rothenbrunnen,197,102,101,30
3638,Scharans,589,315,315,137
3639,Scheid,94,59,59,18
3640,Sils im Domleschg,595,281,277,68
3641,Trans,44,20,20,8
3642,Tumegl/Tomils,230,112,112,53
3651,Safien,248,110,110,43
3652,Tenna,75,50,50,28
3661,Cazis,1007,400,394,144
3662,Flerden,137,70,69,33
3663,Masein,300,161,159,97
3664,Portein,18,10,10,2
3665,Präz,134,47,46,20
3666,Sarn,111,52,52,22
3667,Tartar,141,68,67,22
3668,Thusis,1637,732,725,267
3669,Tschappina,124,68,68,26
3670,Urmein,90,50,48,17
3681,Avers,152,89,89,17
3691,Hinterrhein,60,40,40,11
3692,Medels im Rheinwald,28,16,14,4
3693,Nufenen,115,31,31,12
3694,Splügen,317,140,140,64
3695,Sufers,99,64,63,16
3701,Andeer,511,267,261,93
3702,Ausserferrera,43,15,15,4
3703,Casti-Wergenstein,40,19,19,6
3704,Clugin,28,10,10,3
3705,Donath,159,78,78,46
3706,Innerferrera,27,12,12,2
3707,Lohn (GR),32,20,19,8
3708,Mathon,44,22,22,7
3710,Pignia,93,47,47,17
3711,Rongellen,38,17,17,2
3712,Zillis-Reischen,271,135,135,29
3721,Bonaduz,1716,820,817,308
3722,Domat/Ems,4388,2217,2174,703
3723,Rhäzüns,799,363,360,117
3731,Felsberg,1460,714,699,263
3732,Flims,1739,841,835,317
3733,Tamins,847,418,411,164
3734,Trin,814,394,391,181
3741,Ardez,344,124,124,65
3742,Guarda,128,64,64,27
3743,Lavin,157,80,80,44
3744,Susch,179,89,89,38
3745,Tarasp,186,83,81,38
3746,Zernez,735,334,328,146
3751,Ramosch,361,140,140,49
3752,Samnaun,512,257,255,95
3753,Tschlin,332,128,127,50
3761,Ftan,365,133,131,80
3762,Scuol,1405,577,568,268
3763,Sent,678,251,243,101
3771,Bondo,165,70,69,37
3773,Castasegna,147,58,58,23
3774,Soglio,160,60,56,23
3775,Stampa,412,206,196,81
3776,Vicosoprano,327,139,138,59
3781,Bever,442,209,207,118
3782,Celerina/Schlarigna,754,367,364,172
3783,Madulain,118,75,75,44
3784,Pontresina,1126,506,496,239
3785,La Punt-Chamues-ch,443,176,176,91
3786,Samedan,1858,851,819,412
3787,St. Moritz,2860,1332,1313,670
3788,S-chanf,463,163,163,76
3789,Sils im Engadin/Segl,444,181,180,106
3790,Silvaplana,600,237,235,108
3791,Zuoz,755,352,350,169
3801,Arvigo,78,37,37,13
3803,Braggio,39,21,21,7
3804,Buseno,86,50,48,5
3805,Castaneda,195,90,88,41
3806,Cauco,34,18,18,12
3808,Rossa,130,68,67,25
3810,Santa Maria in Calanca,99,45,39,17
3811,Selma,32,17,16,8
3821,Lostallo,495,220,216,89
3822,Mesocco,911,361,353,157
3823,Soazza,270,117,115,35
3831,Cama,307,124,123,29
3832,Grono,540,288,279,104
3833,Leggia,96,45,45,6
3834,Roveredo (GR),1534,717,700,262
3835,San Vittore,504,236,229,81
3836,Verdabbio,122,49,49,19
3841,Fuldera,88,67,66,34
3842,Lü,49,27,27,4
3843,Müstair,628,221,220,104
3844,Santa Maria Val Müstair,266,97,96,45
3845,Tschierv,139,75,75,19
3846,Valchava,156,51,51,23
3851,Davos,6954,3127,3047,1336
3861,Fideris,430,171,171,49
3862,Furna,162,80,80,15
3863,Jenaz,857,342,340,74
3871,Klosters-Serneus,2706,1190,1163,387
3881,Conters im Prättigau,158,60,59,15
3882,Küblis,545,197,194,46
3883,Saas,575,208,207,31
3891,Luzein,867,369,358,96
3892,St. Antönien Ascharina,83,34,33,7
3893,St. Antönien,174,46,46,4
3901,Chur,22809,11225,10825,4677
3911,Churwalden,701,318,314,105
3912,Malix,487,230,228,92
3913,Parpan,193,94,92,47
3914,Praden,84,42,41,19
3915,Tschiertschen,160,62,62,22
3921,Arosa,1520,768,749,277
3922,Calfreisen,31,13,13,2
3923,Castiel,77,30,30,4
3924,Langwies,223,113,113,34
3925,Lüen,61,29,29,6
3926,Maladers,420,151,151,46
3927,Molinis,112,63,63,24
3928,Pagig,58,33,33,13
3929,Peist,150,62,61,24
3930,St. Peter,129,49,49,18
3941,Haldenstein,621,320,320,120
3942,Igis,4679,2116,2069,579
3943,Mastrils,417,172,170,39
3944,Says,120,54,54,17
3945,Trimmis,2044,963,939,334
3946,Untervaz,1567,628,619,191
3947,Zizers,2103,972,951,344
3951,Fläsch,437,198,198,63
3952,Jenins,542,260,259,79
3953,Maienfeld,1845,908,886,302
3954,Malans,1456,746,736,336
3961,Grüsch,868,366,364,120
3962,Schiers,1660,709,692,232
3971,Fanas,299,138,138,48
3972,Seewis im Prättigau,944,378,374,133
3973,Valzeina,101,29,29,14
3981,Breil/Brigels,950,508,507,181
3982,Disentis/Mustér,1666,772,766,265
3983,Medel (Lucmagn),375,156,155,50
3984,Schlans,74,33,29,11
3985,Sumvitg,1069,479,466,169
3986,Tujetsch,1121,434,428,166
3987,Trun,966,382,375,156
4001,Aarau,10960,6197,6145,2893
4002,Biberstein,937,555,554,221
4003,Buchs (AG),3754,2062,2053,613
4004,Densbüren,546,266,266,66
4005,Erlinsbach,2390,1332,1325,439
4006,Gränichen,4300,2227,2223,529
4007,Hirschthal,923,489,488,108
4008,Küttigen,3637,2436,2417,906
4009,Muhen,2315,1153,1146,259
4010,Oberentfelden,4399,2146,2132,525
4011,Rohr (AG),1828,969,968,240
4012,Suhr,5284,2833,2823,910
4013,Unterentfelden,2255,1267,1257,377
4021,Baden,10441,5788,5721,3033
4022,Bellikon,1048,560,557,191
4023,Bergdietikon,1788,983,981,354
4024,Birmenstorf (AG),1591,856,848,258
4026,Ennetbaden,2055,1197,1186,706
4027,Fislisbach,3228,1575,1568,495
4028,Freienwil,594,344,341,160
4029,Gebenstorf,2663,1322,1310,461
4030,Killwangen,999,511,508,161
4031,Künten,1091,540,536,125
4032,Mägenwil,1069,552,551,153
4033,Mellingen,2493,1173,1171,346
4034,Neuenhof,3873,1722,1713,490
4035,Niederrohrdorf,1812,971,964,302
4036,Oberehrendingen,1374,691,688,215
4037,Oberrohrdorf,2405,1321,1315,513
4038,Obersiggenthal,4584,2590,2578,1058
4039,Remetschwil,1319,700,695,240
4040,Spreitenbach,4286,1801,1793,443
4041,Stetten (AG),1016,506,504,159
4042,Turgi,1309,648,644,222
4043,Unterehrendingen,1117,612,609,214
4044,Untersiggenthal,3834,2020,2014,732
4045,Wettingen,11941,6413,6375,2554
4046,Wohlenschwil,893,417,416,142
4047,Würenlingen,2375,1298,1289,392
4048,Würenlos,3618,2091,2074,741
4061,Arni (AG),1042,573,572,240
4062,Berikon,3111,1519,1514,568
4063,Bremgarten (AG),3845,1851,1841,677
4064,Büttikon,539,253,253,59
4065,Dottikon,1721,861,859,225
4066,Eggenwil,520,313,313,81
4067,Fischbach-Göslikon,904,436,436,107
4068,Hägglingen,1447,733,730,183
4069,Hermetschwil-Staffeln,745,389,385,102
4070,Hilfikon,174,112,112,31
4071,Jonen,1110,621,617,246
4072,Niederwil (AG),1475,710,708,223
4073,Oberlunkhofen,1166,650,646,248
4074,Oberwil-Lieli,1497,849,843,320
4075,Rudolfstetten-Friedlisberg,2527,1211,1206,435
4076,Sarmenstorf,1502,733,733,175
4077,Tägerig,865,510,509,156
4078,Uezwil,272,161,160,37
4079,Unterlunkhofen,843,457,455,140
4080,Villmergen,3218,1548,1542,332
4081,Widen,2703,1444,1436,533
4082,Wohlen (AG),7836,4068,4049,1173
4083,Zufikon,2424,1286,1282,429
4084,Islisberg,349,193,193,63
4091,Auenstein,1079,555,552,187
4092,Birr,1674,791,789,197
4093,Birrhard,479,213,213,59
4094,Bözen,431,216,214,35
4095,Brugg,5834,3123,3104,1176
4096,Effingen,426,253,252,64
4097,Elfingen,185,76,75,32
4098,Gallenkirch,92,42,42,14
4099,Habsburg,296,191,189,54
4100,Hausen (AG),1679,1006,1000,299
4101,Hottwil,192,128,128,42
4103,Linn,109,55,55,15
4104,Lupfig,1318,711,710,174
4105,Mandach,223,118,118,29
4106,Mönthal,312,150,150,34
4107,Mülligen,593,296,294,114
4108,Oberbözberg,371,192,192,54
4109,Oberflachs,334,188,187,61
4110,Remigen,755,410,408,125
4111,Riniken,960,602,597,190
4112,Rüfenach,530,297,296,126
4113,Scherz,430,245,243,64
4114,Schinznach-Bad,750,389,388,101
4115,Schinznach-Dorf,1184,615,611,209
4116,Stilli,253,129,128,40
4117,Thalheim (AG),596,324,322,72
4118,Umiken,763,391,391,133
4119,Unterbözberg,556,319,319,86
4120,Veltheim (AG),935,432,429,122
4121,Villigen,939,524,523,154
4122,Villnachern,981,518,517,156
4123,Windisch,3782,2153,2130,764
4131,Beinwil am See,1988,1028,1016,274
4132,Birrwil,747,382,381,108
4133,Burg (AG),562,297,296,50
4134,Dürrenäsch,781,431,431,52
4135,Gontenschwil,1508,810,806,147
4136,Holziken,837,413,412,65
4137,Leimbach (AG),297,170,170,25
4138,Leutwil,530,322,320,50
4139,Menziken,3046,1538,1534,274
4140,Oberkulm,1563,899,890,152
4141,Reinach (AG),4306,2082,2072,359
4142,Schlossrued,665,360,358,46
4143,Schmiedrued,858,442,441,56
4144,Schöftland,2249,1080,1076,277
4145,Teufenthal (AG),1019,482,481,117
4146,Unterkulm,1746,957,955,191
4147,Zetzwil,909,490,489,69
4161,Eiken,1306,638,633,158
4162,Etzgen,255,123,123,46
4163,Frick,2588,1247,1242,419
4164,Gansingen,723,408,407,118
4165,Gipf-Oberfrick,2072,980,973,381
4166,Herznach,830,478,473,127
4167,Hornussen,581,299,299,61
4168,Ittenthal,164,79,79,14
4169,Kaisten,1506,701,694,224
4170,Laufenburg,1109,536,532,193
4171,Mettau,248,130,129,24
4172,Münchwilen (AG),479,253,247,77
4173,Oberhof,411,199,198,57
4174,Oberhofen (AG),216,130,129,23
4175,Oeschgen,564,292,289,80
4176,Schwaderloch,474,208,208,32
4177,Sisseln,862,302,301,90
4178,Sulz (AG),861,413,411,92
4179,Ueken,522,274,273,77
4180,Wil (AG),478,226,226,53
4181,Wittnau,787,421,420,118
4182,Wölflinswil,628,344,343,82
4183,Zeihen,625,421,418,125
4191,Ammerswil,456,242,242,87
4192,Boniswil,947,526,520,136
4193,Brunegg,346,169,167,43
4194,Dintikon,957,548,548,140
4195,Egliswil,951,483,482,141
4196,Fahrwangen,1072,477,473,135
4197,Hallwil,494,243,242,56
4198,Hendschiken,635,326,323,82
4199,Holderbank (AG),484,254,252,53
4200,Hunzenschwil,1779,851,851,141
4201,Lenzburg,4540,2527,2509,1010
4202,Meisterschwanden,1490,794,793,225
4203,Möriken-Wildegg,2526,1360,1358,416
4204,Niederlenz,2291,1192,1191,377
4205,Othmarsingen,1361,689,688,160
4206,Rupperswil,2623,1332,1325,314
4207,Schafisheim,1779,890,886,236
4208,Seengen,2040,1088,1085,316
4209,Seon,2892,1514,1508,354
4210,Staufen,1631,956,952,282
4221,Abtwil,467,239,239,65
4222,Aristau,838,394,394,135
4223,Auw,1012,452,452,102
4224,Beinwil (Freiamt),701,375,375,84
4225,Benzenschwil,378,210,209,56
4226,Besenbüren,399,232,232,44
4227,Bettwil,391,206,205,53
4228,Boswil,1630,737,737,175
4229,Bünzen,667,347,345,96
4230,Buttwil,806,431,431,132
4231,Dietwil,726,392,391,62
4232,Geltwil,118,65,65,23
4233,Kallern,234,114,114,37
4234,Merenschwand,1507,838,837,240
4235,Mühlau,709,362,361,77
4236,Muri (AG),4073,1883,1874,596
4237,Oberrüti,776,408,406,105
4238,Rottenschwil,533,258,258,82
4239,Sins,2214,1105,1098,263
4240,Waltenschwil,1520,753,748,230
4251,Hellikon,569,313,311,49
4252,Kaiseraugst,2944,1411,1404,537
4253,Magden,2298,1240,1232,532
4254,Möhlin,5665,2442,2435,812
4255,Mumpf,760,324,321,84
4256,Obermumpf,733,338,338,109
4257,Olsberg,284,143,142,71
4258,Rheinfelden,6666,3011,2982,1352
4259,Schupfart,549,277,275,59
4260,Stein (AG),1441,650,647,165
4261,Wallbach,1153,515,514,157
4262,Wegenstetten,743,409,408,87
4263,Zeiningen,1419,669,669,250
4264,Zuzgen,595,273,271,81
4271,Aarburg,3416,1651,1641,457
4272,Attelwil,238,121,121,12
4273,Bottenwil,630,286,285,59
4274,Brittnau,2701,1307,1303,343
4275,Kirchleerau,578,324,323,64
4276,Kölliken,2749,1475,1465,385
4277,Moosleerau,553,292,292,55
4279,Murgenthal,1942,845,838,153
4280,Oftringen,6255,2768,2742,687
4281,Reitnau,825,442,439,80
4282,Rothrist,4847,2139,2134,525
4283,Safenwil,2273,1102,1098,212
4284,Staffelbach,752,357,357,71
4285,Strengelbach,2612,1241,1232,325
4286,Uerkheim,982,496,493,90
4287,Vordemwald,1328,695,692,189
4288,Wiliberg,116,70,70,9
4289,Zofingen,7219,3801,3783,1475
4301,Baldingen,173,88,88,24
4302,Böbikon,133,66,65,11
4303,Böttstein,1971,1003,997,172
4304,Döttingen,1797,911,904,196
4305,Endingen,1332,721,717,276
4306,Fisibach,272,150,150,36
4307,Full-Reuenthal,570,312,310,78
4308,Kaiserstuhl,281,162,162,73
4309,Klingnau,1851,970,968,249
4310,Koblenz,904,467,465,116
4311,Leibstadt,807,418,417,64
4312,Lengnau (AG),1598,897,893,270
4313,Leuggern,1468,758,752,131
4314,Mellikon,164,105,105,36
4315,Rekingen (AG),563,242,240,63
4316,Rietheim,346,138,138,41
4317,Rümikon,149,88,88,20
4318,Schneisingen,921,503,499,166
4319,Siglistorf,353,160,159,33
4320,Tegerfelden,707,338,338,77
4321,Unterendingen,253,129,129,49
4322,Wislikofen,273,152,152,57
4323,Zurzach,2332,1097,1094,355
4401,Arbon,7642,3382,3241,1099
4406,Dozwil,341,236,235,46
4411,Egnach,2830,1479,1446,426
4416,Hefenhofen,778,360,339,83
4421,Horn,1558,794,768,258
4426,Kesswil,611,357,346,113
4431,Roggwil (TG),1842,934,924,247
4436,Romanshorn,5576,2839,2781,772
4441,Salmsach,800,391,385,115
4446,Sommeri,354,221,209,44
4451,Uttwil,1017,537,528,129
4461,Amriswil,6771,2974,2910,885
4471,Bischofszell,3505,1693,1653,389
4476,Erlen,1887,824,797,210
4486,Hauptwil-Gottshaus,1273,639,629,152
4495,Hohentannen,400,208,205,46
4501,Kradolf-Schönenberg,1936,842,836,224
4506,Sulgen,2104,1039,1023,272
4511,Zihlschlacht-Sitterdorf,1334,646,631,140
4536,Basadingen-Schlattingen,1101,585,580,117
4545,Diessenhofen,1876,1016,1007,286
4546,Schlatt (TG),1062,592,588,147
4551,Aadorf,5050,2459,2377,696
4561,Felben-Wellhausen,1438,676,657,181
4566,Frauenfeld,14175,8421,8305,3238
4571,Gachnang,2238,1163,1159,379
4590,Hüttlingen,607,370,368,115
4591,Matzingen,1453,675,668,223
4601,Neunforn,707,382,377,119
4606,Stettfurt,741,387,376,134
4611,Thundorf,904,447,443,137
4616,Uesslingen-Buch,758,430,430,133
4621,Warth-Weiningen,876,488,481,135
4641,Altnau,1234,596,587,187
4643,Bottighofen,1258,705,695,241
4646,Ermatingen,1702,832,821,250
4651,Gottlieben,180,109,107,47
4656,Güttingen,893,493,483,114
4666,Kemmental,1487,713,703,146
4671,Kreuzlingen,8413,3898,3745,1456
4681,Langrickenbach,729,371,370,81
4683,Lengwil,816,455,450,126
4691,Münsterlingen,1410,754,733,225
4696,Tägerwilen,2015,1050,1022,336
4701,Wäldi,645,354,352,82
4711,Affeltrangen,1469,763,761,146
4716,Bettwiesen,628,339,332,95
4721,Bichelsee-Balterswil,1726,963,953,250
4723,Braunau,475,265,261,48
4724,Eschlikon,2381,1251,1232,375
4726,Fischingen,1870,1035,1014,234
4741,Lommis,679,362,361,88
4746,Münchwilen (TG),2873,1382,1338,375
4751,Rickenbach (TG),1377,653,630,138
4756,Schönholzerswilen,531,282,278,61
4761,Sirnach,4051,2010,1999,512
4776,Tobel-Tägerschen,885,478,465,60
4781,Wängi,2710,1381,1296,346
4786,Wilen (TG),1256,716,703,222
4791,Wuppenau,716,399,394,106
4801,Berlingen,546,288,283,91
4806,Eschenz,1051,546,544,128
4811,Herdern,646,331,328,95
4816,Homburg,1029,562,552,108
4821,Hüttwilen,986,581,569,179
4826,Mammern,324,186,185,63
4831,Müllheim,1571,755,724,173
4841,Pfyn,1234,592,589,144
4846,Raperswilen,280,152,151,25
4851,Salenstein,785,431,424,121
4864,Steckborn,2082,1074,1053,325
4871,Wagenhausen,1096,591,588,156
4881,Amlikon-Bissegg,822,467,463,92
4891,Berg (TG),1986,1001,977,255
4901,Birwinken,877,463,459,108
4911,Bürglen (TG),1896,877,861,133
4921,Bussnang,1429,732,725,197
4941,Märstetten,1550,770,755,204
4946,Weinfelden,6402,3320,3233,1021
4951,Wigoltingen,1411,700,689,170
5001,Arbedo-Castione,2304,1087,1064,386
5002,Bellinzona,9958,4228,4168,1904
5003,Cadenazzo,976,453,450,143
5004,Camorino,1639,789,774,313
5005,Giubiasco,4637,2074,2046,817
5006,Gnosca,421,202,201,63
5007,Gorduno,497,232,226,92
5008,Gudo,524,244,239,73
5009,Isone,307,178,177,64
5010,Lumino,817,421,416,152
5011,Medeglia,296,143,143,66
5012,Moleno,77,36,35,14
5013,Monte Carasso,1483,647,633,223
5014,Pianezzo,428,220,218,92
5015,Preonzo,400,208,206,60
5016,Robasacco,88,44,44,9
5017,Sant'Antonino,1188,518,512,166
5018,Sant'Antonio,161,95,94,30
5019,Sementina,1648,779,766,296
5031,Aquila,408,173,169,48
5032,Campo (Blenio),67,26,25,6
5036,Ghirone,37,17,17,5
5040,Ludiano,252,141,137,43
5041,Malvaglia,1180,489,479,143
5043,Olivone,687,308,300,87
5046,Semione,290,119,118,49
5047,Torre,235,106,103,40
5048,Acquarossa,1383,511,501,195
5061,Airolo,1097,596,589,137
5062,Anzonico,88,52,52,23
5063,Bedretto,76,35,35,13
5064,Bodio,532,249,243,92
5065,Calonico,51,29,28,5
5066,Calpiogna,36,19,19,5
5067,Campello,51,30,30,17
5068,Cavagnago,87,42,42,25
5069,Chiggiogna,250,140,140,53
5070,Chironico,344,190,180,56
5071,Dalpe,142,75,72,19
5072,Faido,796,429,423,148
5073,Giornico,596,281,277,112
5074,Mairengo,166,98,98,37
5075,Osco,114,68,68,22
5076,Personico,237,94,91,39
5077,Pollegio,383,166,161,45
5078,Prato (Leventina),273,141,135,55
5079,Quinto,731,358,351,115
5080,Rossura,59,33,32,12
5081,Sobrio,60,27,27,11
5091,Ascona,3292,1488,1473,598
5094,Borgnone,126,43,42,16
5095,Brione (Verzasca),168,68,67,22
5096,Brione sopra Minusio,395,224,223,98
5097,Brissago,1367,577,568,257
5098,Caviano,109,57,55,25
5099,Cavigliano,496,257,252,128
5101,Contone,481,217,214,80
5102,Corippo,18,9,9,4
5104,Cugnasco,859,437,426,167
5105,Frasco,89,25,25,9
5106,Gerra (Gambarogno),235,110,104,49
5107,Gerra (Verzasca),804,339,330,127
5108,Gordola,2696,1070,1055,376
5109,Gresso,42,20,20,4
5110,Indemini,42,11,11,6
5111,Intragna,723,301,298,126
5112,Lavertezzo,698,271,263,93
5113,Locarno,8384,3246,3203,1393
5115,Losone,4000,1816,1779,666
5116,Magadino,1060,389,383,160
5117,Mergoscia,164,55,55,29
5118,Minusio,4411,1950,1925,851
5119,Mosogno,56,18,18,9
5120,Muralto,1840,882,866,361
5121,Orselina,556,286,281,152
5122,Palagnedra,95,49,49,23
5123,Piazzogna,292,144,141,58
5125,Ronco sopra Ascona,471,215,212,98
5127,San Nazzaro,469,224,224,96
5128,Sant'Abbondio,118,57,57,31
5129,Sonogno,92,40,36,18
5130,Tegna,539,296,287,134
5131,Tenero-Contra,1405,667,659,262
5132,Vergeletto,76,43,43,13
5133,Verscio,690,323,321,145
5134,Vira (Gambarogno),485,221,220,88
5135,Vogorno,247,77,74,38
5136,Onsernone,335,111,109,71
5137,Isorno,280,99,97,52
5141,Agno,2088,896,886,362
5143,Aranno,204,86,86,39
5144,Arogno,657,277,268,120
5145,Arosio,352,147,146,57
5146,Astano,244,110,109,47
5147,Barbengo,947,447,436,150
5148,Bedano,815,410,405,140
5149,Bedigliora,446,198,192,99
5150,Bidogno,293,117,117,50
5151,Bioggio,1714,679,665,296
5153,Bironico,361,174,167,45
5154,Bissone,516,221,221,84
5155,Bogno,101,37,37,15
5159,Breno,225,134,131,71
5160,Brusino Arsizio,344,167,161,82
5161,Cademario,464,223,222,61
5162,Cadempino,799,392,386,130
5163,Cadro,1258,652,645,247
5165,Camignolo,500,254,251,80
5167,Canobbio,1217,592,586,231
5168,Carabbia,366,174,174,83
5169,Carabietta,66,43,43,21
5170,Carona,470,237,235,130
5171,Caslano,2220,1017,999,393
5173,Certara,58,25,25,10
5174,Cimadera,114,46,46,27
5176,Comano,1281,728,712,305
5177,Corticiasca,115,30,30,13
5178,Croglio,618,289,284,129
5180,Cureglia,888,453,441,221
5181,Curio,392,219,215,109
5183,Fescoggia,86,50,49,27
5186,Grancia,200,108,108,34
5187,Gravesano,711,349,345,128
5188,Iseo,78,54,53,23
5189,Lamone,752,346,342,120
5191,Lugaggia,575,267,260,138
5192,Lugano,26711,11223,11100,4752
5193,Magliaso,955,446,441,162
5194,Manno,779,377,372,152
5195,Maroggia,366,188,179,86
5196,Massagno,3161,1510,1485,715
5197,Melano,719,297,291,125
5198,Melide,912,463,451,201
5199,Mezzovico-Vira,664,309,307,80
5200,Miglieglia,181,64,63,29
5202,Monteggio,598,230,228,35
5203,Morcote,440,201,200,70
5204,Mugena,113,40,39,14
5205,Muzzano,530,278,278,144
5206,Neggio,245,130,128,60
5207,Novaggio,585,264,260,116
5208,Origlio,837,445,439,223
5210,Paradiso,1513,646,639,266
5212,Ponte Capriasca,1122,545,539,262
5213,Ponte Tresa,518,241,238,92
5214,Porza,909,497,495,202
5216,Pura,800,441,432,185
5217,Rivera,979,487,478,140
5219,Rovio,495,252,251,120
5221,Savosa,1255,597,589,255
5222,Sessa,442,234,230,117
5223,Sigirino,285,111,111,30
5224,Sonvico,1243,576,566,186
5225,Sorengo,962,474,466,240
5226,Capriasca,3341,1576,1547,719
5227,Torricella-Taverne,1584,752,738,307
5229,Valcolla,468,185,180,71
5230,Vernate,300,155,153,63
5231,Vezia,1068,568,555,227
5232,Vezio,161,87,85,35
5233,Vico Morcote,171,74,72,27
5235,Villa Luganese,392,172,171,66
5236,Collina d'Oro,2604,1325,1313,556
5241,Arzo,773,382,372,171
5242,Balerna,2311,1019,1000,401
5243,Besazio,435,222,219,114
5244,Bruzella,156,80,78,40
5245,Cabbio,156,64,64,28
5246,Caneggio,256,114,114,43
5247,Capolago,471,217,213,81
5249,Castel San Pietro,1478,745,729,296
5250,Chiasso,4490,1905,1877,709
5251,Coldrerio,1852,906,881,345
5252,Genestrerio,602,285,280,123
5253,Ligornetto,1069,533,528,237
5254,Mendrisio,4551,2006,1973,862
5255,Meride,304,147,142,95
5257,Morbio Inferiore,2771,1210,1197,481
5258,Morbio Superiore,522,252,251,107
5259,Muggio,209,72,70,17
5260,Novazzano,1693,784,771,258
5262,Rancate,973,470,460,211
5263,Riva San Vitale,1657,748,738,270
5264,Sagno,222,130,129,75
5266,Stabio,2448,1031,1021,414
5267,Tremona,336,169,166,76
5268,Vacallo,1901,869,863,363
5281,Biasca,3070,1269,1254,374
5282,Claro,1459,636,626,228
5283,Cresciano,348,112,108,24
5284,Iragna,333,119,115,44
5285,Lodrino,897,446,441,139
5286,Osogna,489,236,232,92
5302,Avegno,394,199,191,75
5303,Bignasco,182,83,81,31
5304,Bosco/Gurin,59,25,24,8
5307,Campo (Vallemaggia),51,30,30,17
5308,Cavergno,363,162,159,58
5309,Cerentino,56,23,23,12
5310,Cevio,309,107,106,44
5314,Gordevio,566,252,250,101
5315,Linescio,39,20,20,6
5317,Maggia,1651,681,664,271
5323,Lavizzara,450,192,185,45
5401,Aigle,4139,1998,1979,1111
5402,Bex,3531,1763,1753,938
5403,Chessel,217,143,141,82
5404,Corbeyrier,277,133,133,62
5405,Gryon,690,364,362,250
5406,Lavey-Morcles,574,287,286,153
5407,Leysin,1131,515,513,367
5408,Noville,427,223,223,116
5409,Ollon,3476,1854,1818,1127
5410,Ormont-Dessous,711,301,296,146
5411,Ormont-Dessus,948,413,412,251
5412,Rennaz,333,156,154,74
5413,Roche (VD),592,295,293,171
5414,Villeneuve (VD),2193,1081,1075,548
5415,Yvorne,668,341,336,182
5421,Apples,767,435,433,335
5422,Aubonne,1654,905,896,689
5423,Ballens,265,172,171,100
5424,Berolle,142,80,80,52
5425,Bière,924,443,440,227
5426,Bougy-Villars,242,130,128,83
5427,Féchy,395,257,257,175
5428,Gimel,882,437,433,264
5429,Longirod,240,121,120,83
5430,Marchissy,228,103,102,78
5431,Mollens (VD),188,75,73,42
5432,Montherod,254,128,128,95
5433,Pizy,53,37,37,28
5434,Saint-George,445,225,222,158
5435,Saint-Livres,382,183,183,119
5436,Saint-Oyens,160,75,75,60
5437,Saubraz,165,99,99,49
5451,Avenches,1438,608,604,385
5452,Bellerive (VD),438,181,181,123
5453,Chabrey,151,75,72,38
5455,Constantine,198,107,107,68
5456,Cudrefin,664,322,320,203
5457,Donatyre,104,64,62,42
5458,Faoug,416,182,182,117
5459,Montmagny,119,39,39,17
5460,Mur (VD),136,72,72,48
5461,Oleyres,160,69,69,39
5462,Vallamand,272,130,130,78
5463,Villars-le-Grand,221,96,95,49
5471,Bettens,188,98,97,69
5472,Bournens,191,118,117,72
5473,Boussens,488,264,262,174
5474,La Chaux (Cossonay),244,125,125,94
5475,Chavannes-le-Veyron,82,51,51,34
5476,Chevilly,135,72,70,59
5477,Cossonay,1704,878,874,593
5478,Cottens (VD),256,139,137,98
5479,Cuarnens,270,150,147,109
5480,Daillens,435,209,208,125
5481,Dizy,125,81,80,59
5482,Eclépens,569,338,335,236
5483,Ferreyres,154,83,83,49
5484,Gollion,407,227,226,161
5485,Grancy,229,126,126,86
5486,L'Isle,632,295,290,200
5487,Lussery-Villars,216,129,129,78
5488,Mauraz,33,20,19,18
5489,Mex (VD),373,206,206,129
5490,Moiry,146,84,83,58
5491,Mont-la-Ville,231,111,111,71
5492,Montricher,520,271,271,182
5493,Orny,211,90,90,66
5494,Pampigny,571,271,266,180
5495,Penthalaz,1472,759,754,501
5496,Penthaz,883,433,431,286
5497,Pompaples,430,201,200,139
5498,La Sarraz,1006,510,507,341
5499,Senarclens,233,134,132,83
5500,Sévery,147,85,85,60
5501,Sullens,569,317,317,190
5503,Vufflens-la-Ville,742,445,444,307
5511,Assens,576,319,319,201
5512,Bercher,608,325,322,215
5513,Bioley-Orjulaz,209,117,117,67
5514,Bottens,666,331,330,193
5515,Bretigny-sur-Morrens,457,233,233,166
5516,Cugy (VD),1352,715,707,496
5517,Dommartin,183,104,104,78
5518,Echallens,2764,1424,1412,927
5519,Eclagnens,64,37,37,15
5520,Essertines-sur-Yverdon,501,237,235,126
5521,Etagnières,515,269,268,179
5522,Fey,327,167,165,107
5523,Froideville,1041,596,593,370
5524,Goumoens-la-Ville,430,240,236,149
5525,Goumoens-le-Jux,19,16,16,11
5526,Malapalud,46,22,22,19
5527,Morrens (VD),640,363,361,243
5528,Naz,54,37,37,25
5529,Oulens-sous-Echallens,296,180,179,115
5530,Pailly,280,147,147,75
5531,Penthéréaz,239,135,133,99
5532,Poliez-le-Grand,383,184,180,108
5533,Poliez-Pittet,424,221,221,140
5534,Rueyres,140,80,78,43
5535,Saint-Barthélemy (VD),408,211,209,120
5536,Sugnens,164,100,99,61
5537,Villars-le-Terroir,530,260,260,154
5538,Villars-Tiercelin,261,160,159,95
5539,Vuarrens,428,184,184,116
5551,Bonvillars,277,154,153,89
5552,Bullet,449,226,226,143
5553,Champagne,426,214,213,119
5554,Concise,482,264,264,160
5555,Corcelles-près-Concise,177,83,82,58
5556,Fiez,250,134,133,85
5557,Fontaines-sur-Grandson,95,46,45,25
5558,Fontanezier,53,32,32,15
5559,Giez,258,151,150,93
5560,Grandevent,126,75,75,41
5561,Grandson,1795,920,912,574
5562,Mauborget,71,38,38,21
5563,Mutrux,92,54,54,28
5564,Novalles,77,42,41,26
5565,Onnens (VD),275,140,140,97
5566,Provence,242,105,104,68
5567,Romairon,27,14,14,7
5568,Sainte-Croix,2975,1429,1418,878
5569,Vaugondry,22,12,11,7
5570,Villars-Burquin,361,189,188,129
5581,Belmont-sur-Lausanne,1662,943,935,678
5582,Cheseaux-sur-Lausanne,1888,1046,1037,684
5583,Crissier,2889,1522,1511,928
5584,Epalinges,4741,2845,2820,2018
5585,Jouxtens-Mézery,788,504,500,388
5586,Lausanne,61314,31250,30974,22353
5587,Le Mont-sur-Lausanne,3391,1989,1976,1337
5588,Paudex,801,457,456,302
5589,Prilly,5817,2994,2975,1951
5590,Pully,10258,5876,5835,4274
5591,Renens (VD),6922,3435,3405,2201
5592,Romanel-sur-Lausanne,1978,1126,1116,703
5601,Chexbres,1332,789,782,499
5602,Cully,1171,657,653,487
5603,Epesses,203,127,126,100
5604,Forel (Lavaux),1183,566,561,370
5605,Grandvaux,1307,810,806,599
5606,Lutry,5513,3204,3140,2251
5607,Puidoux,1374,709,705,442
5608,Riex,190,126,125,79
5609,Rivaz,211,149,149,103
5610,Saint-Saphorin (Lavaux),246,150,148,118
5611,Savigny,2076,1124,1116,765
5612,Villette (Lavaux),397,268,266,182
5621,Aclens,242,147,143,107
5622,Bremblens,279,167,166,109
5623,Buchillon,401,240,240,163
5624,Bussigny-près-Lausanne,3951,2060,2047,1406
5625,Bussy-Chardonney,212,132,131,109
5627,Chavannes-près-Renens,2416,1141,1125,693
5628,Chigny,153,100,99,74
5629,Clarmont,108,59,58,44
5630,Colombier (VD),325,185,184,122
5631,Denens,385,236,236,169
5632,Denges,671,367,366,252
5633,Echandens,1361,778,772,534
5634,Echichens,659,351,349,243
5635,Ecublens (VD),4789,2439,2425,1535
5636,Etoy,1275,702,700,538
5637,Lavigny,411,246,246,197
5638,Lonay,1340,788,781,521
5639,Lully (VD),455,257,254,195
5640,Lussy-sur-Morges,348,198,196,158
5641,Monnaz,207,140,139,107
5642,Morges,8128,4394,4360,3051
5643,Préverenges,2432,1333,1323,942
5644,Reverolle,222,118,112,86
5645,Romanel-sur-Morges,305,182,181,122
5646,Saint-Prex,2390,1240,1234,857
5647,Saint-Saphorin-sur-Morges,257,147,145,97
5648,Saint-Sulpice (VD),1932,1161,1151,775
5649,Tolochenaz,952,529,527,359
5650,Vaux-sur-Morges,102,67,65,47
5651,Villars-Sainte-Croix,389,218,216,140
5652,Villars-sous-Yens,358,198,196,141
5653,Vufflens-le-Château,424,260,259,177
5654,Vullierens,281,157,156,124
5655,Yens,650,378,372,263
5661,Boulens,161,86,86,57
5662,Brenles,112,64,64,47
5663,Bussy-sur-Moudon,147,60,58,38
5664,Chapelle-sur-Moudon,237,116,116,91
5665,Chavannes-sur-Moudon,151,66,66,28
5666,Chesalles-sur-Moudon,105,42,42,28
5667,Correvon,72,33,32,23
5668,Cremin,38,17,16,10
5669,Curtilles,209,92,91,48
5670,Denezy,108,62,61,32
5671,Dompierre (VD),180,100,98,50
5672,Forel-sur-Lucens,99,76,75,53
5673,Hermenches,223,110,109,69
5674,Lovatens,103,48,48,31
5675,Lucens,1175,543,537,292
5676,Martherenges,50,33,32,19
5677,Montaubion-Chardonney,61,39,39,32
5678,Moudon,2149,945,933,525
5679,Neyruz-sur-Moudon,99,60,59,38
5680,Ogens,186,106,106,62
5681,Oulens-sur-Lucens,41,23,23,17
5682,Peyres-Possens,86,44,44,25
5683,Prévonloup,86,38,38,29
5684,Rossenges,36,25,25,8
5685,Saint-Cierges,301,165,163,100
5686,Sarzens,42,25,25,11
5687,Sottens,154,79,79,48
5688,Syens,87,48,48,27
5689,Thierrens,407,200,200,123
5690,Villars-le-Comte,97,39,38,19
5691,Villars-Mendraz,142,93,93,62
5692,Vucherens,335,168,166,110
5701,Arnex-sur-Nyon,67,41,40,25
5702,Arzier,1145,662,659,412
5703,Bassins,552,315,315,215
5704,Begnins,812,479,470,330
5705,Bogis-Bossey,414,235,235,170
5706,Borex,516,285,284,208
5707,Chavannes-de-Bogis,501,261,258,173
5708,Chavannes-des-Bois,224,136,135,95
5709,Chéserex,680,392,387,266
5710,Coinsins,216,112,112,75
5711,Commugny,1298,713,699,475
5712,Coppet,1160,634,630,432
5713,Crans-près-Céligny,1145,661,658,464
5714,Crassier,457,249,246,169
5715,Duillier,575,320,316,210
5716,Eysins,525,287,284,186
5717,Founex,1259,669,664,495
5718,Genolier,926,557,552,383
5719,Gingins,639,348,346,228
5720,Givrins,516,312,306,203
5721,Gland,5379,2699,2679,1939
5722,Grens,184,115,115,91
5723,Mies,814,456,448,323
5724,Nyon,8510,4464,4424,3269
5725,Prangins,1902,1067,1056,763
5726,La Rippe,535,281,279,195
5727,Saint-Cergue,1032,436,433,286
5728,Signy-Avenex,255,144,143,101
5729,Tannay,677,359,359,256
5730,Trélex,676,386,380,265
5731,Le Vaud,627,379,376,281
5732,Vich,414,210,208,151
5741,L'Abergement,163,103,103,54
5742,Agiez,157,76,75,49
5743,Arnex-sur-Orbe,388,219,216,130
5744,Ballaigues,605,308,307,230
5745,Baulmes,617,329,326,216
5746,Bavois,476,205,204,124
5747,Bofflens,122,64,64,47
5748,Bretonnières,166,101,99,62
5749,Chavornay,1809,791,780,500
5750,Les Clées,110,60,60,45
5751,Corcelles-sur-Chavornay,210,110,110,71
5752,Croy,221,137,136,76
5754,Juriens,189,102,100,67
5755,Lignerolle,250,109,109,71
5756,Montcherand,260,126,126,83
5757,Orbe,2826,1335,1320,905
5758,La Praz,111,65,65,29
5759,Premier,167,98,97,64
5760,Rances,322,168,166,99
5761,Romainmôtier-Envy,285,152,150,107
5762,Sergey,75,49,48,31
5763,Valeyres-sous-Rances,318,167,164,103
5764,Vallorbe,1891,874,867,506
5765,Vaulion,329,179,179,115
5766,Vuiteboeuf,266,111,111,66
5781,Bussigny-sur-Oron,45,28,28,21
5782,Carrouge (VD),555,296,287,196
5783,Châtillens,258,120,119,86
5784,Chesalles-sur-Oron,107,57,57,23
5785,Corcelles-le-Jorat,324,157,154,96
5786,Les Cullayes,451,263,260,182
5787,Ecoteaux,249,120,119,74
5788,Essertes,192,109,107,70
5789,Ferlens (VD),197,106,105,75
5790,Maracon,304,163,162,133
5791,Mézières (VD),692,418,414,284
5792,Montpreveyres,262,133,133,98
5793,Oron-la-Ville,762,353,352,218
5794,Oron-le-Châtel,171,86,86,56
5795,Palézieux,729,369,368,235
5796,Peney-le-Jorat,206,131,130,89
5798,Ropraz,248,119,118,68
5799,Servion,671,342,338,214
5800,Les Tavernes,80,40,40,23
5801,Les Thioleyres,121,61,59,30
5802,Vuibroye,86,47,47,27
5803,Vulliens,304,176,176,110
5811,Cerniaz (VD),43,18,18,13
5812,Champtauroz,81,51,51,30
5813,Chevroux,282,137,136,76
5814,Combremont-le-Grand,205,103,100,43
5815,Combremont-le-Petit,255,134,131,84
5816,Corcelles-près-Payerne,1210,621,617,332
5817,Grandcour,563,364,362,179
5818,Granges-près-Marnand,703,354,352,213
5819,Henniez,186,77,77,36
5820,Marnand,97,51,51,18
5821,Missy,211,104,104,76
5822,Payerne,4419,1938,1917,1065
5823,Rossens (VD),39,20,20,8
5824,Sassel,107,50,49,27
5825,Sédeilles,111,56,55,38
5826,Seigneux,190,95,95,60
5827,Trey,165,88,87,45
5828,Treytorrens (Payerne),92,50,48,19
5829,Villars-Bramard,77,38,38,15
5830,Villarzel,125,67,67,42
5841,Château-d'Oex,2005,885,875,505
5842,Rossinière,327,137,135,73
5843,Rougemont,601,194,193,114
5851,Allaman,240,138,136,98
5852,Bursinel,222,130,130,96
5853,Bursins,405,230,226,170
5854,Burtigny,174,85,82,54
5855,Dully,241,147,146,97
5856,Essertines-sur-Rolle,306,158,157,127
5857,Gilly,526,305,301,194
5858,Luins,247,121,121,76
5859,Mont-sur-Rolle,1057,589,587,395
5860,Perroy,733,380,370,262
5861,Rolle,2120,1086,1080,772
5862,Tartegnin,126,81,79,59
5863,Vinzel,177,96,95,74
5871,L'Abbaye,872,389,385,270
5872,Le Chenit,2571,1259,1242,918
5873,Le Lieu,578,311,308,226
5881,Blonay,3258,1801,1791,1219
5882,Chardonne,1653,1130,1116,824
5883,Corseaux,1423,832,824,550
5884,Corsier-sur-Vevey,1806,981,971,570
5885,Jongny,872,536,532,382
5886,Montreux,11138,5102,5057,3237
5888,Saint-Légier-La Chiésaz,2698,1579,1561,1060
5889,La Tour-de-Peilz,6357,3491,3467,2355
5890,Vevey,7719,3722,3699,2513
5891,Veytaux,512,268,266,181
5901,Arrissoules,29,25,22,13
5902,Belmont-sur-Yverdon,186,81,81,44
5903,Bioley-Magnoux,130,90,89,42
5904,Chamblon,387,208,205,142
5905,Champvent,224,116,116,61
5906,Chanéaz,70,38,38,26
5907,Chavannes-le-Chêne,167,67,67,35
5908,Chêne-Pâquier,76,47,47,24
5909,Cheseaux-Noréaz,379,237,233,145
5910,Cronay,239,158,155,79
5911,Cuarny,137,74,71,30
5912,Démoret,96,52,51,27
5913,Donneloye,242,132,132,72
5914,Ependes (VD),219,97,95,54
5915,Essert-Pittet,91,36,36,17
5916,Essert-sous-Champvent,76,29,29,16
5917,Gossens,93,50,48,26
5918,Gressy,119,48,48,35
5919,Mathod,299,165,165,118
5920,Mézery-près-Donneloye,47,31,31,21
5921,Molondin,141,76,76,49
5922,Montagny-près-Yverdon,399,201,199,127
5923,Oppens,109,63,63,38
5924,Orges,154,80,79,50
5925,Orzens,152,97,97,59
5926,Pomy,408,277,273,163
5927,Prahins,93,65,64,41
5928,Rovray,68,48,46,19
5929,Suchy,225,127,127,83
5930,Suscévaz,134,81,81,29
5931,Treycovagnes,303,155,150,82
5932,Ursins,136,65,65,32
5933,Valeyres-sous-Montagny,379,169,169,111
5934,Valeyres-sous-Ursins,154,102,101,49
5935,Villars-Epeney,38,21,20,10
5936,Villars-sous-Champvent,36,31,28,9
5937,Vugelles-La Mothe,66,42,42,29
5938,Yverdon-les-Bains,13156,6799,6732,4123
5939,Yvonand,1561,808,801,517
6001,Birgisch,169,78,78,18
6002,Brig-Glis,8405,3399,3346,1135
6004,Eggerberg,288,131,130,19
6006,Mund,467,164,160,38
6007,Naters,5943,2855,2834,841
6008,Ried-Brig,1381,673,665,222
6009,Simplon,274,117,117,38
6010,Termen,602,280,273,72
6011,Zwischbergen,94,46,46,4
6021,Ardon,1358,701,678,323
6022,Chamoson,1990,990,975,398
6023,Conthey,4668,2107,2053,849
6024,Nendaz,4166,1689,1664,785
6025,Vétroz,2482,1285,1257,486
6031,Bagnes,4403,1563,1532,766
6032,Bourg-Saint-Pierre,156,95,93,39
6033,Liddes,531,232,222,102
6034,Orsières,2031,993,981,349
6035,Sembrancher,621,309,305,117
6036,Vollèges,1073,517,504,287
6052,Bellwald,298,160,157,71
6054,Binn,122,54,54,21
6055,Blitzingen,58,22,21,5
6056,Ernen,428,177,174,70
6057,Fiesch,700,293,285,93
6058,Fieschertal,223,77,76,24
6061,Lax,240,124,124,52
6064,Niederwald,51,28,28,15
6065,Obergesteln,184,72,71,25
6066,Oberwald,188,90,89,33
6071,Ulrichen,171,68,66,33
6073,Grafschaft,166,81,80,19
6074,Münster-Geschinen,408,192,183,62
6075,Reckingen-Gluringen,397,200,195,48
6081,Les Agettes,244,139,137,61
6082,Ayent,2548,1178,1139,611
6083,Evolène,1250,612,604,219
6084,Hérémence,1132,604,601,215
6085,Mase,210,126,125,51
6086,Nax,341,173,173,102
6087,Saint-Martin (VS),786,385,382,141
6088,Vernamiège,148,78,77,44
6089,Vex,1000,526,519,205
6101,Agarn,543,248,245,65
6102,Albinen,203,85,85,27
6103,Bratsch,412,166,162,29
6104,Ergisch,143,79,78,8
6105,Erschmatt,244,113,110,41
6107,Gampel,941,505,499,118
6109,Inden,73,50,50,13
6110,Leuk,2407,1267,1242,363
6111,Leukerbad,848,430,403,154
6112,Oberems,96,38,38,16
6113,Salgesch,975,486,476,106
6114,Turtmann,728,301,295,79
6115,Unterems,118,52,51,12
6116,Varen,512,247,243,73
6117,Guttet-Feschel,334,139,138,37
6131,Bovernier,578,320,320,119
6132,Charrat,770,447,437,209
6133,Fully,3967,2101,2044,902
6134,Isérables,804,332,320,101
6135,Leytron,1660,863,853,262
6136,Martigny,8583,4241,4162,2116
6137,Martigny-Combe,1375,648,634,287
6139,Riddes,1503,730,718,267
6140,Saillon,1041,484,477,221
6141,Saxon,2259,1030,1008,334
6142,Trient,107,72,69,35
6151,Champéry,855,468,459,189
6152,Collombey-Muraz,3659,1834,1813,739
6153,Monthey,8618,3816,3764,1806
6154,Port-Valais,1534,660,638,251
6155,Saint-Gingolph,559,283,277,114
6156,Troistorrents,2765,1213,1190,441
6157,Val-d'Illiez,1097,583,576,214
6158,Vionnaz,1286,655,644,263
6159,Vouvry,1867,915,906,355
6171,Betten,370,193,193,55
6172,Bister,23,11,11,4
6173,Bitsch,563,247,242,64
6174,Filet,116,64,64,21
6177,Grengiols,364,111,106,32
6178,Martisberg,24,11,11,4
6179,Mörel,383,168,167,65
6181,Riederalp,414,241,239,66
6191,Ausserberg,512,309,304,71
6192,Blatten,267,140,138,52
6193,Bürchen,581,223,218,58
6194,Eischoll,405,159,157,44
6195,Ferden,247,113,111,32
6196,Hohtenn,174,85,83,18
6197,Kippel,326,164,163,47
6198,Niedergesteln,468,203,201,57
6199,Raron,1284,539,536,165
6200,Steg,1020,525,522,111
6201,Unterbäch,340,164,161,44
6202,Wiler (Lötschen),407,189,185,42
6211,Collonges,397,231,224,88
6212,Dorénaz,453,246,240,91
6213,Evionnaz,718,398,393,214
6214,Finhaut,269,158,154,97
6215,Massongex,932,446,440,189
6216,Mex (VS),94,52,52,27
6217,Saint-Maurice,2320,1351,1318,617
6218,Salvan,884,462,451,263
6219,Vernayaz,1058,569,555,264
6220,Vérossaz,364,192,189,82
6231,Ayer,515,288,283,142
6232,Chalais,1971,917,902,407
6233,Chandolin,75,57,57,30
6234,Chermignon,1735,925,912,388
6235,Chippis,839,456,448,209
6237,Grimentz,292,173,171,78
6238,Grône,1386,636,623,248
6239,Icogne,366,157,154,69
6240,Lens,2197,986,969,391
6241,Miège,706,354,349,168
6242,Mollens (VS),509,257,252,130
6243,Montana,1394,759,747,293
6244,Randogne,1419,626,618,293
6245,Saint-Jean,187,98,96,62
6246,Saint-Léonard,1402,763,754,270
6247,Saint-Luc,258,140,140,75
6248,Sierre,9009,4093,4036,1759
6249,Venthône,755,406,396,187
6250,Veyras,1078,590,581,279
6251,Vissoie,320,204,204,102
6261,Arbaz,663,335,326,165
6263,Grimisuat,1725,899,883,455
6264,Salins,696,395,387,156
6265,Savièse,4264,1926,1911,759
6266,Sion,17212,7399,7290,3507
6267,Veysonnaz,380,191,189,100
6281,Baltschieder,832,375,369,98
6282,Eisten,187,82,82,9
6283,Embd,271,99,98,15
6285,Grächen,1010,237,232,49
6286,Lalden,511,241,238,54
6287,Randa,288,153,150,42
6288,Saas Almagell,271,166,164,33
6289,Saas Balen,315,176,171,20
6290,Saas Fee,986,337,330,137
6291,Saas Grund,822,409,406,79
6292,St. Niklaus,1790,577,564,98
6293,Stalden (VS),903,402,397,85
6294,Staldenried,430,180,179,66
6295,Täsch,501,186,180,33
6296,Törbel,395,95,93,14
6297,Visp,4479,1793,1768,553
6298,Visperterminen,1107,467,457,166
6299,Zeneggen,190,108,104,46
6300,Zermatt,2921,973,965,180
6401,Auvernier,1147,773,766,535
6402,Bevaix,2369,1405,1395,875
6403,Bôle,1288,811,805,523
6404,Boudry,3086,1723,1708,1126
6405,Brot-Dessous,94,64,63,36
6406,Colombier (NE),3194,1920,1899,1302
6407,Corcelles-Cormondrèche,2737,1680,1672,1149
6408,Cortaillod,2781,1676,1662,1078
6409,Fresens,149,91,88,59
6410,Gorgier,1253,720,717,453
6411,Montalchez,153,75,75,37
6412,Peseux,3244,1802,1786,1097
6413,Rochefort,770,504,501,347
6414,Saint-Aubin-Sauges,1453,788,781,545
6415,Vaumarcus,153,89,89,54
6421,La Chaux-de-Fonds,22211,12307,12191,7855
6422,Les Planchettes,140,82,82,56
6423,La Sagne,768,422,417,250
6431,Les Brenets,839,487,485,277
6432,La Brévine,532,274,274,126
6433,Brot-Plamboz,187,108,108,50
6434,Le Cerneux-Péquignot,255,142,140,85
6435,La Chaux-du-Milieu,332,188,187,135
6436,Le Locle,6405,3677,3636,2276
6437,Les Ponts-de-Martel,916,529,524,266
6451,Cornaux,957,641,633,349
6452,Cressier (NE),1039,610,604,407
6453,Enges,223,134,134,93
6454,Hauterive (NE),1603,996,990,664
6455,Le Landeron,2911,1571,1550,989
6456,Lignières,624,341,337,218
6457,Marin-Epagnier,2312,1306,1295,862
6458,Neuchâtel,18929,11063,10959,7623
6459,Saint-Blaise,2047,1337,1321,963
6460,Thielle-Wavre,377,261,260,198
6471,Boudevilliers,469,269,267,172
6472,Cernier,1357,784,776,488
6473,Chézard-Saint-Martin,1127,726,720,448
6474,Coffrane,428,260,254,142
6475,Dombresson,1032,576,569,345
6476,Engollon,69,42,42,30
6477,Fenin-Vilars-Saules,559,335,333,202
6478,Fontainemelon,1067,615,611,403
6479,Fontaines (NE),642,400,395,234
6480,Les Geneveys-sur-Coffrane,828,513,509,327
6481,Les Hauts-Geneveys,608,384,382,221
6482,Montmollin,365,216,213,146
6483,Le Pâquier (NE),163,89,89,59
6484,Savagnier,697,433,430,271
6485,Valangin,262,169,169,112
6486,Villiers,287,181,178,109
6501,Les Bayards,283,143,143,75
6502,Boveresse,277,168,165,80
6503,Buttes,453,209,208,106
6504,La Côte-aux-Fées,407,249,247,119
6505,Couvet,1672,889,881,536
6506,Fleurier,2320,1136,1127,668
6507,Môtiers (NE),588,337,333,212
6508,Noiraigue,331,199,199,121
6509,Saint-Sulpice (NE),415,194,193,98
6510,Travers,875,451,447,254
6511,Les Verrières,581,306,302,147
6601,Aire-la-Ville,450,302,299,189
6602,Anières,1214,739,725,478
6603,Avully,1046,627,618,430
6604,Avusy,784,485,481,346
6605,Bardonnex,1264,826,819,571
6606,Bellevue,1226,716,711,474
6607,Bernex,5680,3413,3381,2338
6608,Carouge (GE),9167,5180,5108,3475
6609,Cartigny,485,327,323,242
6610,Céligny,348,207,204,146
6611,Chancy,544,342,338,226
6612,Chêne-Bougeries,5694,3707,3663,2554
6613,Chêne-Bourg,3799,2152,2111,1420
6614,Choulex,587,372,368,262
6615,Collex-Bossy,743,468,467,325
6616,Collonge-Bellerive,3763,2401,2376,1634
6617,Cologny,2553,1578,1565,1049
6618,Confignon,2150,1400,1376,984
6619,Corsier (GE),955,588,583,391
6620,Dardagny,707,430,423,303
6621,Genève,84003,46862,46255,31876
6622,Genthod,1186,713,708,494
6623,Le Grand-Saconnex,3895,2234,2205,1473
6624,Gy,228,147,141,101
6625,Hermance,476,315,311,217
6626,Jussy,706,442,437,273
6627,Laconnex,351,258,253,174
6628,Lancy,13784,7856,7760,4985
6629,Meinier,1073,663,651,431
6630,Meyrin,9203,4991,4823,2916
6631,Onex,8932,5062,5002,3164
6632,Perly-Certoux,1593,899,883,579
6633,Plan-les-Ouates,4642,2850,2827,1913
6634,Pregny-Chambésy,1406,846,841,570
6635,Presinge,387,227,221,144
6636,Puplinge,1310,811,801,538
6637,Russin,245,163,159,89
6638,Satigny,1623,1030,1016,699
6639,Soral,422,262,256,157
6640,Thônex,6679,3912,3861,2576
6641,Troinex,1257,816,807,594
6642,Vandoeuvres,1387,906,896,583
6643,Vernier,12789,6865,6764,4100
6644,Versoix,5180,2760,2721,1795
6645,Veyrier,5426,3328,3300,2312
6701,Bassecourt,2143,943,933,494
6702,Boécourt,586,256,252,128
6703,Bourrignon,231,132,128,72
6704,Châtillon (JU),287,149,147,74
6705,Corban,368,181,181,79
6706,Courchapoix,307,155,151,72
6707,Courfaivre,1047,481,472,238
6708,Courrendlin,1569,762,753,319
6709,Courroux,1991,937,918,428
6710,Courtételle,1451,658,649,367
6711,Delémont,7135,3249,3212,1952
6712,Develier,892,389,378,209
6713,Ederswiler,94,43,43,5
6714,Glovelier,827,408,405,218
6715,Mervelier,417,238,234,121
6716,Mettembert,84,40,40,24
6717,Montsevelier,402,169,162,79
6718,Movelier,323,140,138,48
6719,Pleigne,321,175,174,77
6720,Rebeuvelier,264,133,132,67
6721,Rossemaison,410,222,221,111
6722,Saulcy,192,72,72,51
6723,Soulce,179,93,88,44
6724,Soyhières,303,121,118,48
6725,Undervelier,226,92,92,55
6726,Vermes,261,110,109,55
6727,Vicques,1206,635,627,303
6728,Vellerat,51,30,30,19
6741,Le Bémont (JU),268,110,109,62
6742,Les Bois,763,391,390,237
6743,Les Breuleux,944,510,502,342
6744,La Chaux-des-Breuleux,87,41,40,32
6745,Les Enfers,104,56,55,29
6746,Epauvillers,130,69,69,47
6747,Epiquerez,70,37,37,24
6748,Les Genevez (JU),392,154,150,108
6749,Goumois,78,31,31,14
6750,Lajoux (JU),515,253,249,188
6751,Montfaucon,370,162,159,82
6752,Montfavergier,23,12,12,11
6753,Muriaux,355,151,149,89
6754,Le Noirmont,1111,563,549,330
6755,Le Peuchapatte,42,26,26,16
6756,Les Pommerats,177,74,74,37
6757,Saignelégier,1504,737,719,476
6758,Saint-Brais,170,63,59,30
6759,Soubey,125,64,63,28
6771,Alle,1108,552,550,282
6772,Asuel,162,77,77,31
6773,Beurnevésin,119,59,59,29
6774,Boncourt,1070,449,443,261
6775,Bonfol,569,276,271,106
6776,Bressaucourt,276,134,133,82
6777,Buix,368,130,128,67
6778,Bure,545,272,256,90
6779,Charmoille,257,150,150,73
6780,Chevenez,534,227,220,126
6781,Coeuve,472,211,207,107
6782,Cornol,643,279,275,122
6783,Courchavon,210,102,100,40
6784,Courgenay,1546,662,649,335
6785,Courtedoux,578,263,259,130
6786,Courtemaîche,480,230,224,98
6787,Damphreux,122,61,60,25
6788,Damvant,112,56,51,25
6789,Fahy,290,102,99,45
6790,Fontenais,942,494,488,344
6791,Fregiécourt,111,51,48,19
6792,Grandfontaine,275,115,115,66
6793,Lugnez,149,52,52,22
6794,Miécourt,341,204,200,89
6795,Montenol,59,27,26,20
6796,Montignez,183,96,95,30
6797,Montmelon,84,47,47,18
6798,Ocourt,98,32,32,11
6799,Pleujouse,80,41,41,20
6800,Porrentruy,4592,2146,2115,1299
6801,Réclère,159,83,83,33
6802,Roche-d'Or,39,23,21,13
6803,Rocourt,126,69,67,38
6804,Saint-Ursanne,549,235,232,122
6805,Seleute,54,30,28,22
6806,Vendlincourt,412,185,183,78
9030,LU-Ausland-CH,2717,1422,1384,1021
9120,BS-Ausland-CH,4654,1688,1684,1218
9160,AI-Ausland-CH,201,80,80,62
9220,VD-Ausland-CH,9273,4147,4116,3251
9250,GE-Ausland-CH,11510,5813,5778,4536
